In MethodDeclaration: Unsolved symbol in findAncestor(TypeDeclaration.class).map(td -> (TypeDeclaration<?>) td).flatMap(td -> td.getFullyQualifiedName().map(fqn -> fqn + "." + getNameAsString())) : findAncestor(TypeDeclaration.class).map(td -> (TypeDeclaration<?>) td)
In MethodDeclaration: Unsolved symbol in Arrays.stream(rawLines).map(l -> l.length() < commonWhiteSpacePrefixSize ? l : l.substring(commonWhiteSpacePrefixSize)).map(this::trimTrailing) : Arrays.stream(rawLines).map(l -> l.length() < commonWhiteSpacePrefixSize ? l : l.substring(commonWhiteSpacePrefixSize))
In MethodDeclaration: Unsolved symbol in findAncestor(CompilationUnit.class).ifPresent(p -> p.addImport(clazz)) : findAncestor(CompilationUnit.class)
In ThrowStmt: Cannot invoke "java2rust.rust.IRustFunction.thrown()" because "method" is null
In MethodDeclaration: Ambiguous method call: cannot find a most applicable method: MethodUsage{declaration=ReflectionMethodDeclaration{method=public abstract java.lang.Object java.util.function.Function.apply(java.lang.Object)}, paramTypes=[TypeVariable {JPTypeParameter(N, bounds=[Node])}]}, MethodUsage{declaration=ReflectionMethodDeclaration{method=public abstract java.lang.Object java.util.function.Function.apply(java.lang.Object)}, paramTypes=[TypeVariable {ReflectionTypeParameter{typeVariable=T}}]}. First declared in java.util.function.Function
In MethodDeclaration: Ambiguous method call: cannot find a most applicable method: JavaParserMethodDeclaration{wrappedNode=public boolean contains(N node) {
    return innerList.contains(node);
}, typeSolver=com.github.javaparser.symbolsolver.resolution.typesolvers.CombinedTypeSolver@7bf9b098}, ReflectionMethodDeclaration{method=public abstract boolean java.util.Collection.contains(java.lang.Object)}
In MethodDeclaration: Unsolved symbol in ((NodeList<? extends Node>) n).stream().filter(Objects::nonNull).flatMap(v -> v.accept(this, arg).stream()).collect(Collectors.toList()) : ((NodeList<? extends Node>) n).stream().filter(Objects::nonNull).flatMap(v -> v.accept(this, arg).stream())
In MethodDeclaration: Unsolved symbol in list.map(ns -> modifyList(ns, arg)).orElse(null) : list.map(ns -> modifyList(ns, arg))
In MethodDeclaration: Unsolved symbol in findAncestor(n -> n == ancestor, Node.class).isPresent() : findAncestor(n -> n == ancestor, Node.class)
In MethodDeclaration: Unsolved symbol in cleanedLines.stream().map(l -> l.trim().isEmpty() ? "" : l).collect(Collectors.toList()) : cleanedLines.stream().map(l -> l.trim().isEmpty() ? "" : l)
In MethodDeclaration: Cannot invoke "java2rust.rust.IRustFunction.params()" because the return value of "java.util.Stack.peek()" is null
In MethodDeclaration: Cannot invoke "java2rust.rust.IRustFunction.params()" because the return value of "java.util.Stack.peek()" is null
In MethodDeclaration: Cannot invoke "java2rust.rust.IRustFunction.params()" because the return value of "java.util.Stack.peek()" is null
In MethodDeclaration: Cannot invoke "java2rust.rust.IRustFunction.params()" because the return value of "java.util.Stack.peek()" is null
In ThrowStmt: Cannot invoke "java2rust.rust.IRustFunction.thrown()" because "method" is null
In MethodDeclaration: Unsolved symbol in n.findAncestor(NodeWithVariables.class).ifPresent(ancestor -> ((NodeWithVariables<?>) ancestor).getMaximumCommonType().ifPresent(commonType -> {
    final Type type = n.getType();
    ArrayType arrayType = null;
    for (int i = commonType.getArrayLevel(); i < type.getArrayLevel(); i++) {
        if (arrayType == null) {
            arrayType = (ArrayType) type;
        } else {
            arrayType = (ArrayType) arrayType.getComponentType();
        }
        printAnnotations(arrayType.getAnnotations(), true, arg);
        printer.print("[]");
    }
})) : n.findAncestor(NodeWithVariables.class)
In MethodDeclaration: Unsolved symbol in n.findAncestor(Statement.class).map(p -> p.isReturnStmt() || p.isThrowStmt() || p.isAssertStmt() || p.isExpressionStmt()).orElse(false) : n.findAncestor(Statement.class).map(p -> p.isReturnStmt() || p.isThrowStmt() || p.isAssertStmt() || p.isExpressionStmt())
In MethodDeclaration: Unsolved symbol : We are unable to find the method declaration corresponding to printer.print(getOption(ConfigOption.END_OF_LINE_CHARACTER).get().asValue())
In MethodDeclaration: Unsolved symbol : We are unable to find the method declaration corresponding to printer.print(getOption(ConfigOption.END_OF_LINE_CHARACTER).get().asValue())
In MethodDeclaration: Unsolved symbol in removedElementsMap.computeIfAbsent(firstElement, key -> new ArrayList<>()).add((Removed) diffElement) : removedElementsMap.computeIfAbsent(firstElement, key -> new ArrayList<>())
In MethodDeclaration: Unsolved symbol in elements.stream().map(element -> isNewLineToken(element) ? lineSeparator : element).collect(Collectors.toList()) : elements.stream().map(element -> isNewLineToken(element) ? lineSeparator : element)
In MethodDeclaration: Unsolved symbol in n.findAncestor(NodeWithVariables.class).ifPresent(ancestor -> ((NodeWithVariables<?>) ancestor).getMaximumCommonType().ifPresent(commonType -> {
    final Type type = n.getType();
    ArrayType arrayType = null;
    for (int i = commonType.getArrayLevel(); i < type.getArrayLevel(); i++) {
        if (arrayType == null) {
            arrayType = (ArrayType) type;
        } else {
            arrayType = (ArrayType) arrayType.getComponentType();
        }
        printAnnotations(arrayType.getAnnotations(), true, arg);
        printer.print("[]");
    }
})) : n.findAncestor(NodeWithVariables.class)
In MethodDeclaration: Unsolved symbol in n.findAncestor(Statement.class).map(p -> p.isReturnStmt() || p.isThrowStmt() || p.isAssertStmt() || p.isExpressionStmt()).orElse(false) : n.findAncestor(Statement.class).map(p -> p.isReturnStmt() || p.isThrowStmt() || p.isAssertStmt() || p.isExpressionStmt())
In MethodDeclaration: Unable to resolve method reference NodeWithName::getNameAsString with param types [TypeVariable {ReflectionTypeParameter{typeVariable=T}}, TypeVariable {ReflectionTypeParameter{typeVariable=T}}]. Candidates found: 1 method(s) named 'getNameAsString' in type ReferenceType{com.github.javaparser.ast.nodeTypes.NodeWithName, typeParametersMap=TypeParametersMap{nameToValue={com.github.javaparser.ast.nodeTypes.NodeWithName.N=TypeVariable {JPTypeParameter(N, bounds=[Node])}}}}
In ThrowStmt: Cannot invoke "java2rust.rust.IRustFunction.thrown()" because "method" is null
In ThrowStmt: Cannot invoke "java2rust.rust.IRustFunction.thrown()" because "method" is null
In ThrowStmt: Cannot invoke "java2rust.rust.IRustFunction.thrown()" because "method" is null
In InitializerDeclaration: class com.github.javaparser.ast.expr.ObjectCreationExpr cannot be cast to class com.github.javaparser.ast.body.BodyDeclaration (com.github.javaparser.ast.expr.ObjectCreationExpr and com.github.javaparser.ast.body.BodyDeclaration are in unnamed module of loader 'app')
In MethodDeclaration: Unsolved symbol in innerMap.entrySet().stream().map(e -> new HashMap.SimpleEntry<>(e.getKey().overridden, e.getValue())).collect(Collectors.toSet()) : innerMap.entrySet().stream().map(e -> new HashMap.SimpleEntry<>(e.getKey().overridden, e.getValue()))
In MethodDeclaration: null
In MethodDeclaration: null
In MethodDeclaration: null
In MethodDeclaration: Ambiguous method call: cannot find a most applicable method: ReflectionMethodDeclaration{method=public static boolean java.util.Arrays.equals(double[],double[])}, ReflectionMethodDeclaration{method=public static boolean java.util.Arrays.equals(long[],long[])}
In MethodDeclaration: Ambiguous method call: cannot find a most applicable method: ReflectionMethodDeclaration{method=public static int java.util.Arrays.hashCode(double[])}, ReflectionMethodDeclaration{method=public static int java.util.Arrays.hashCode(long[])}
In MethodDeclaration: Ambiguous method call: cannot find a most applicable method: ReflectionMethodDeclaration{method=public static void java.util.Arrays.sort(double[])}, ReflectionMethodDeclaration{method=public static void java.util.Arrays.sort(java.lang.Object[])}
In MethodDeclaration: Ambiguous method call: cannot find a most applicable method: ReflectionMethodDeclaration{method=public static void java.util.Arrays.sort(double[])}, ReflectionMethodDeclaration{method=public static void java.util.Arrays.sort(long[])}
In MethodDeclaration: Ambiguous method call: cannot find a most applicable method: JavaParserMethodDeclaration{wrappedNode=/**
 * Clones an array or returns {@code null}.
 * <p>
 * This method returns {@code null} for a {@code null} input array.
 * </p>
 *
 * @param array the array to clone, may be {@code null}
 * @return the cloned array, {@code null} if {@code null} input
 */
public static long[] clone(final long[] array) {
    return array != null ? array.clone() : null;
}, typeSolver=com.github.javaparser.symbolsolver.resolution.typesolvers.CombinedTypeSolver@7bf9b098}, JavaParserMethodDeclaration{wrappedNode=/**
 * Clones an array or returns {@code null}.
 * <p>
 * This method returns {@code null} for a {@code null} input array.
 * </p>
 *
 * @param array the array to clone, may be {@code null}
 * @return the cloned array, {@code null} if {@code null} input
 */
public static float[] clone(final float[] array) {
    return array != null ? array.clone() : null;
}, typeSolver=com.github.javaparser.symbolsolver.resolution.typesolvers.CombinedTypeSolver@7bf9b098}
In MethodDeclaration: Ambiguous method call: cannot find a most applicable method: JavaParserMethodDeclaration{wrappedNode=/**
 * Clones an array or returns {@code null}.
 * <p>
 * This method returns {@code null} for a {@code null} input array.
 * </p>
 *
 * @param array the array to clone, may be {@code null}
 * @return the cloned array, {@code null} if {@code null} input
 */
public static long[] clone(final long[] array) {
    return array != null ? array.clone() : null;
}, typeSolver=com.github.javaparser.symbolsolver.resolution.typesolvers.CombinedTypeSolver@7bf9b098}, JavaParserMethodDeclaration{wrappedNode=/**
 * Clones an array or returns {@code null}.
 * <p>
 * This method returns {@code null} for a {@code null} input array.
 * </p>
 *
 * @param array the array to clone, may be {@code null}
 * @return the cloned array, {@code null} if {@code null} input
 */
public static double[] clone(final double[] array) {
    return array != null ? array.clone() : null;
}, typeSolver=com.github.javaparser.symbolsolver.resolution.typesolvers.CombinedTypeSolver@7bf9b098}
In MethodDeclaration: Ambiguous method call: cannot find a most applicable method: JavaParserMethodDeclaration{wrappedNode=/**
 * Clones an array or returns {@code null}.
 * <p>
 * This method returns {@code null} for a {@code null} input array.
 * </p>
 *
 * @param array the array to clone, may be {@code null}
 * @return the cloned array, {@code null} if {@code null} input
 */
public static int[] clone(final int[] array) {
    return array != null ? array.clone() : null;
}, typeSolver=com.github.javaparser.symbolsolver.resolution.typesolvers.CombinedTypeSolver@7bf9b098}, JavaParserMethodDeclaration{wrappedNode=/**
 * Clones an array or returns {@code null}.
 * <p>
 * This method returns {@code null} for a {@code null} input array.
 * </p>
 *
 * @param array the array to clone, may be {@code null}
 * @return the cloned array, {@code null} if {@code null} input
 */
public static double[] clone(final double[] array) {
    return array != null ? array.clone() : null;
}, typeSolver=com.github.javaparser.symbolsolver.resolution.typesolvers.CombinedTypeSolver@7bf9b098}
In MethodDeclaration: Ambiguous method call: cannot find a most applicable method: JavaParserMethodDeclaration{wrappedNode=/**
 * Inserts elements into an array at the given index (starting from zero).
 *
 * <p>When an array is returned, it is always a new array.</p>
 *
 * <pre>
 * ArrayUtils.insert(index, null, null)      = null
 * ArrayUtils.insert(index, array, null)     = cloned copy of 'array'
 * ArrayUtils.insert(index, null, values)    = null
 * </pre>
 *
 * @param index the position within {@code array} to insert the new values
 * @param array the array to insert the values into, may be {@code null}
 * @param values the new values to insert, may be {@code null}
 * @return The new array or {@code null} if the given array is {@code null}.
 * @throws IndexOutOfBoundsException if {@code array} is provided
 * and either {@code index < 0} or {@code index > array.length}
 * @since 3.6
 */
public static long[] insert(final int index, final long[] array, final long... values) {
    if (array == null) {
        return null;
    }
    if (isEmpty(values)) {
        return clone(array);
    }
    if (index < 0 || index > array.length) {
        throw new IndexOutOfBoundsException("Index: " + index + ", Length: " + array.length);
    }
    final long[] result = new long[array.length + values.length];
    System.arraycopy(values, 0, result, index, values.length);
    if (index > 0) {
        System.arraycopy(array, 0, result, 0, index);
    }
    if (index < array.length) {
        System.arraycopy(array, index, result, index + values.length, array.length - index);
    }
    return result;
}, typeSolver=com.github.javaparser.symbolsolver.resolution.typesolvers.CombinedTypeSolver@7bf9b098}, JavaParserMethodDeclaration{wrappedNode=/**
 * Inserts elements into an array at the given index (starting from zero).
 *
 * <p>When an array is returned, it is always a new array.</p>
 *
 * <pre>
 * ArrayUtils.insert(index, null, null)      = null
 * ArrayUtils.insert(index, array, null)     = cloned copy of 'array'
 * ArrayUtils.insert(index, null, values)    = null
 * </pre>
 *
 * @param index the position within {@code array} to insert the new values
 * @param array the array to insert the values into, may be {@code null}
 * @param values the new values to insert, may be {@code null}
 * @return The new array or {@code null} if the given array is {@code null}.
 * @throws IndexOutOfBoundsException if {@code array} is provided
 * and either {@code index < 0} or {@code index > array.length}
 * @since 3.6
 */
public static byte[] insert(final int index, final byte[] array, final byte... values) {
    if (array == null) {
        return null;
    }
    if (isEmpty(values)) {
        return clone(array);
    }
    if (index < 0 || index > array.length) {
        throw new IndexOutOfBoundsException("Index: " + index + ", Length: " + array.length);
    }
    final byte[] result = new byte[array.length + values.length];
    System.arraycopy(values, 0, result, index, values.length);
    if (index > 0) {
        System.arraycopy(array, 0, result, 0, index);
    }
    if (index < array.length) {
        System.arraycopy(array, index, result, index + values.length, array.length - index);
    }
    return result;
}, typeSolver=com.github.javaparser.symbolsolver.resolution.typesolvers.CombinedTypeSolver@7bf9b098}
In MethodDeclaration: Ambiguous method call: cannot find a most applicable method: JavaParserMethodDeclaration{wrappedNode=/**
 * Inserts elements into an array at the given index (starting from zero).
 *
 * <p>When an array is returned, it is always a new array.</p>
 *
 * <pre>
 * ArrayUtils.insert(index, null, null)      = null
 * ArrayUtils.insert(index, array, null)     = cloned copy of 'array'
 * ArrayUtils.insert(index, null, values)    = null
 * </pre>
 *
 * @param index the position within {@code array} to insert the new values
 * @param array the array to insert the values into, may be {@code null}
 * @param values the new values to insert, may be {@code null}
 * @return The new array or {@code null} if the given array is {@code null}.
 * @throws IndexOutOfBoundsException if {@code array} is provided
 * and either {@code index < 0} or {@code index > array.length}
 * @since 3.6
 */
public static int[] insert(final int index, final int[] array, final int... values) {
    if (array == null) {
        return null;
    }
    if (isEmpty(values)) {
        return clone(array);
    }
    if (index < 0 || index > array.length) {
        throw new IndexOutOfBoundsException("Index: " + index + ", Length: " + array.length);
    }
    final int[] result = new int[array.length + values.length];
    System.arraycopy(values, 0, result, index, values.length);
    if (index > 0) {
        System.arraycopy(array, 0, result, 0, index);
    }
    if (index < array.length) {
        System.arraycopy(array, index, result, index + values.length, array.length - index);
    }
    return result;
}, typeSolver=com.github.javaparser.symbolsolver.resolution.typesolvers.CombinedTypeSolver@7bf9b098}, JavaParserMethodDeclaration{wrappedNode=/**
 * Inserts elements into an array at the given index (starting from zero).
 *
 * <p>When an array is returned, it is always a new array.</p>
 *
 * <pre>
 * ArrayUtils.insert(index, null, null)      = null
 * ArrayUtils.insert(index, array, null)     = cloned copy of 'array'
 * ArrayUtils.insert(index, null, values)    = null
 * </pre>
 *
 * @param index the position within {@code array} to insert the new values
 * @param array the array to insert the values into, may be {@code null}
 * @param values the new values to insert, may be {@code null}
 * @return The new array or {@code null} if the given array is {@code null}.
 * @throws IndexOutOfBoundsException if {@code array} is provided
 * and either {@code index < 0} or {@code index > array.length}
 * @since 3.6
 */
public static long[] insert(final int index, final long[] array, final long... values) {
    if (array == null) {
        return null;
    }
    if (isEmpty(values)) {
        return clone(array);
    }
    if (index < 0 || index > array.length) {
        throw new IndexOutOfBoundsException("Index: " + index + ", Length: " + array.length);
    }
    final long[] result = new long[array.length + values.length];
    System.arraycopy(values, 0, result, index, values.length);
    if (index > 0) {
        System.arraycopy(array, 0, result, 0, index);
    }
    if (index < array.length) {
        System.arraycopy(array, index, result, index + values.length, array.length - index);
    }
    return result;
}, typeSolver=com.github.javaparser.symbolsolver.resolution.typesolvers.CombinedTypeSolver@7bf9b098}
In MethodDeclaration: Ambiguous method call: cannot find a most applicable method: JavaParserMethodDeclaration{wrappedNode=/**
 * Inserts elements into an array at the given index (starting from zero).
 *
 * <p>When an array is returned, it is always a new array.</p>
 *
 * <pre>
 * ArrayUtils.insert(index, null, null)      = null
 * ArrayUtils.insert(index, array, null)     = cloned copy of 'array'
 * ArrayUtils.insert(index, null, values)    = null
 * </pre>
 *
 * @param index the position within {@code array} to insert the new values
 * @param array the array to insert the values into, may be {@code null}
 * @param values the new values to insert, may be {@code null}
 * @return The new array or {@code null} if the given array is {@code null}.
 * @throws IndexOutOfBoundsException if {@code array} is provided
 * and either {@code index < 0} or {@code index > array.length}
 * @since 3.6
 */
public static long[] insert(final int index, final long[] array, final long... values) {
    if (array == null) {
        return null;
    }
    if (isEmpty(values)) {
        return clone(array);
    }
    if (index < 0 || index > array.length) {
        throw new IndexOutOfBoundsException("Index: " + index + ", Length: " + array.length);
    }
    final long[] result = new long[array.length + values.length];
    System.arraycopy(values, 0, result, index, values.length);
    if (index > 0) {
        System.arraycopy(array, 0, result, 0, index);
    }
    if (index < array.length) {
        System.arraycopy(array, index, result, index + values.length, array.length - index);
    }
    return result;
}, typeSolver=com.github.javaparser.symbolsolver.resolution.typesolvers.CombinedTypeSolver@7bf9b098}, JavaParserMethodDeclaration{wrappedNode=/**
 * Inserts elements into an array at the given index (starting from zero).
 *
 * <p>When an array is returned, it is always a new array.</p>
 *
 * <pre>
 * ArrayUtils.insert(index, null, null)      = null
 * ArrayUtils.insert(index, array, null)     = cloned copy of 'array'
 * ArrayUtils.insert(index, null, values)    = null
 * </pre>
 *
 * @param index the position within {@code array} to insert the new values
 * @param array the array to insert the values into, may be {@code null}
 * @param values the new values to insert, may be {@code null}
 * @return The new array or {@code null} if the given array is {@code null}.
 * @throws IndexOutOfBoundsException if {@code array} is provided
 * and either {@code index < 0} or {@code index > array.length}
 * @since 3.6
 */
public static float[] insert(final int index, final float[] array, final float... values) {
    if (array == null) {
        return null;
    }
    if (isEmpty(values)) {
        return clone(array);
    }
    if (index < 0 || index > array.length) {
        throw new IndexOutOfBoundsException("Index: " + index + ", Length: " + array.length);
    }
    final float[] result = new float[array.length + values.length];
    System.arraycopy(values, 0, result, index, values.length);
    if (index > 0) {
        System.arraycopy(array, 0, result, 0, index);
    }
    if (index < array.length) {
        System.arraycopy(array, index, result, index + values.length, array.length - index);
    }
    return result;
}, typeSolver=com.github.javaparser.symbolsolver.resolution.typesolvers.CombinedTypeSolver@7bf9b098}
In MethodDeclaration: Ambiguous method call: cannot find a most applicable method: JavaParserMethodDeclaration{wrappedNode=/**
 * Inserts elements into an array at the given index (starting from zero).
 *
 * <p>When an array is returned, it is always a new array.</p>
 *
 * <pre>
 * ArrayUtils.insert(index, null, null)      = null
 * ArrayUtils.insert(index, array, null)     = cloned copy of 'array'
 * ArrayUtils.insert(index, null, values)    = null
 * </pre>
 *
 * @param index the position within {@code array} to insert the new values
 * @param array the array to insert the values into, may be {@code null}
 * @param values the new values to insert, may be {@code null}
 * @return The new array or {@code null} if the given array is {@code null}.
 * @throws IndexOutOfBoundsException if {@code array} is provided
 * and either {@code index < 0} or {@code index > array.length}
 * @since 3.6
 */
public static float[] insert(final int index, final float[] array, final float... values) {
    if (array == null) {
        return null;
    }
    if (isEmpty(values)) {
        return clone(array);
    }
    if (index < 0 || index > array.length) {
        throw new IndexOutOfBoundsException("Index: " + index + ", Length: " + array.length);
    }
    final float[] result = new float[array.length + values.length];
    System.arraycopy(values, 0, result, index, values.length);
    if (index > 0) {
        System.arraycopy(array, 0, result, 0, index);
    }
    if (index < array.length) {
        System.arraycopy(array, index, result, index + values.length, array.length - index);
    }
    return result;
}, typeSolver=com.github.javaparser.symbolsolver.resolution.typesolvers.CombinedTypeSolver@7bf9b098}, JavaParserMethodDeclaration{wrappedNode=/**
 * Inserts elements into an array at the given index (starting from zero).
 *
 * <p>When an array is returned, it is always a new array.</p>
 *
 * <pre>
 * ArrayUtils.insert(index, null, null)      = null
 * ArrayUtils.insert(index, array, null)     = cloned copy of 'array'
 * ArrayUtils.insert(index, null, values)    = null
 * </pre>
 *
 * @param index the position within {@code array} to insert the new values
 * @param array the array to insert the values into, may be {@code null}
 * @param values the new values to insert, may be {@code null}
 * @return The new array or {@code null} if the given array is {@code null}.
 * @throws IndexOutOfBoundsException if {@code array} is provided
 * and either {@code index < 0} or {@code index > array.length}
 * @since 3.6
 */
public static long[] insert(final int index, final long[] array, final long... values) {
    if (array == null) {
        return null;
    }
    if (isEmpty(values)) {
        return clone(array);
    }
    if (index < 0 || index > array.length) {
        throw new IndexOutOfBoundsException("Index: " + index + ", Length: " + array.length);
    }
    final long[] result = new long[array.length + values.length];
    System.arraycopy(values, 0, result, index, values.length);
    if (index > 0) {
        System.arraycopy(array, 0, result, 0, index);
    }
    if (index < array.length) {
        System.arraycopy(array, index, result, index + values.length, array.length - index);
    }
    return result;
}, typeSolver=com.github.javaparser.symbolsolver.resolution.typesolvers.CombinedTypeSolver@7bf9b098}
In MethodDeclaration: Ambiguous method call: cannot find a most applicable method: JavaParserMethodDeclaration{wrappedNode=/**
 * Tests whether an array of primitive ints is empty or {@code null}.
 *
 * @param array  the array to test
 * @return {@code true} if the array is empty or {@code null}
 * @since 2.1
 */
public static boolean isEmpty(final int[] array) {
    return isArrayEmpty(array);
}, typeSolver=com.github.javaparser.symbolsolver.resolution.typesolvers.CombinedTypeSolver@7bf9b098}, JavaParserMethodDeclaration{wrappedNode=/**
 * Tests whether an array of primitive floats is empty or {@code null}.
 *
 * @param array  the array to test
 * @return {@code true} if the array is empty or {@code null}
 * @since 2.1
 */
public static boolean isEmpty(final float[] array) {
    return isArrayEmpty(array);
}, typeSolver=com.github.javaparser.symbolsolver.resolution.typesolvers.CombinedTypeSolver@7bf9b098}
In MethodDeclaration: Ambiguous method call: cannot find a most applicable method: JavaParserMethodDeclaration{wrappedNode=/**
 * Tests whether an array of primitive floats is empty or {@code null}.
 *
 * @param array  the array to test
 * @return {@code true} if the array is empty or {@code null}
 * @since 2.1
 */
public static boolean isEmpty(final float[] array) {
    return isArrayEmpty(array);
}, typeSolver=com.github.javaparser.symbolsolver.resolution.typesolvers.CombinedTypeSolver@7bf9b098}, JavaParserMethodDeclaration{wrappedNode=/**
 * Tests whether an array of primitive ints is empty or {@code null}.
 *
 * @param array  the array to test
 * @return {@code true} if the array is empty or {@code null}
 * @since 2.1
 */
public static boolean isEmpty(final int[] array) {
    return isArrayEmpty(array);
}, typeSolver=com.github.javaparser.symbolsolver.resolution.typesolvers.CombinedTypeSolver@7bf9b098}
In MethodDeclaration: Ambiguous method call: cannot find a most applicable method: JavaParserMethodDeclaration{wrappedNode=/**
 * Tests whether an array of primitive doubles is empty or {@code null}.
 *
 * @param array  the array to test
 * @return {@code true} if the array is empty or {@code null}
 * @since 2.1
 */
public static boolean isEmpty(final double[] array) {
    return isArrayEmpty(array);
}, typeSolver=com.github.javaparser.symbolsolver.resolution.typesolvers.CombinedTypeSolver@7bf9b098}, JavaParserMethodDeclaration{wrappedNode=/**
 * Tests whether an array of Objects is empty or {@code null}.
 *
 * @param array  the array to test
 * @return {@code true} if the array is empty or {@code null}
 * @since 2.1
 */
public static boolean isEmpty(final Object[] array) {
    return isArrayEmpty(array);
}, typeSolver=com.github.javaparser.symbolsolver.resolution.typesolvers.CombinedTypeSolver@7bf9b098}
In MethodDeclaration: Ambiguous method call: cannot find a most applicable method: JavaParserMethodDeclaration{wrappedNode=/**
 * Tests whether an array of primitive floats is empty or {@code null}.
 *
 * @param array  the array to test
 * @return {@code true} if the array is empty or {@code null}
 * @since 2.1
 */
public static boolean isEmpty(final float[] array) {
    return isArrayEmpty(array);
}, typeSolver=com.github.javaparser.symbolsolver.resolution.typesolvers.CombinedTypeSolver@7bf9b098}, JavaParserMethodDeclaration{wrappedNode=/**
 * Tests whether an array of Objects is empty or {@code null}.
 *
 * @param array  the array to test
 * @return {@code true} if the array is empty or {@code null}
 * @since 2.1
 */
public static boolean isEmpty(final Object[] array) {
    return isArrayEmpty(array);
}, typeSolver=com.github.javaparser.symbolsolver.resolution.typesolvers.CombinedTypeSolver@7bf9b098}
In MethodDeclaration: Ambiguous method call: cannot find a most applicable method: JavaParserMethodDeclaration{wrappedNode=/**
 * Tests whether an array of primitive shorts is empty or {@code null}.
 *
 * @param array  the array to test
 * @return {@code true} if the array is empty or {@code null}
 * @since 2.1
 */
public static boolean isEmpty(final short[] array) {
    return isArrayEmpty(array);
}, typeSolver=com.github.javaparser.symbolsolver.resolution.typesolvers.CombinedTypeSolver@7bf9b098}, JavaParserMethodDeclaration{wrappedNode=/**
 * Tests whether an array of primitive ints is empty or {@code null}.
 *
 * @param array  the array to test
 * @return {@code true} if the array is empty or {@code null}
 * @since 2.1
 */
public static boolean isEmpty(final int[] array) {
    return isArrayEmpty(array);
}, typeSolver=com.github.javaparser.symbolsolver.resolution.typesolvers.CombinedTypeSolver@7bf9b098}
In MethodDeclaration: Ambiguous method call: cannot find a most applicable method: JavaParserMethodDeclaration{wrappedNode=/**
 * Tests whether an array of Objects is empty or {@code null}.
 *
 * @param array  the array to test
 * @return {@code true} if the array is empty or {@code null}
 * @since 2.1
 */
public static boolean isEmpty(final Object[] array) {
    return isArrayEmpty(array);
}, typeSolver=com.github.javaparser.symbolsolver.resolution.typesolvers.CombinedTypeSolver@7bf9b098}, JavaParserMethodDeclaration{wrappedNode=/**
 * Tests whether an array of primitive doubles is empty or {@code null}.
 *
 * @param array  the array to test
 * @return {@code true} if the array is empty or {@code null}
 * @since 2.1
 */
public static boolean isEmpty(final double[] array) {
    return isArrayEmpty(array);
}, typeSolver=com.github.javaparser.symbolsolver.resolution.typesolvers.CombinedTypeSolver@7bf9b098}
In MethodDeclaration: Ambiguous method call: cannot find a most applicable method: JavaParserMethodDeclaration{wrappedNode=/**
 * Tests whether an array of primitive doubles is empty or {@code null}.
 *
 * @param array  the array to test
 * @return {@code true} if the array is empty or {@code null}
 * @since 2.1
 */
public static boolean isEmpty(final double[] array) {
    return isArrayEmpty(array);
}, typeSolver=com.github.javaparser.symbolsolver.resolution.typesolvers.CombinedTypeSolver@7bf9b098}, JavaParserMethodDeclaration{wrappedNode=/**
 * Tests whether an array of primitive floats is empty or {@code null}.
 *
 * @param array  the array to test
 * @return {@code true} if the array is empty or {@code null}
 * @since 2.1
 */
public static boolean isEmpty(final float[] array) {
    return isArrayEmpty(array);
}, typeSolver=com.github.javaparser.symbolsolver.resolution.typesolvers.CombinedTypeSolver@7bf9b098}
In MethodDeclaration: Ambiguous method call: cannot find a most applicable method: JavaParserMethodDeclaration{wrappedNode=/**
 * Tests whether an array of primitive longs is empty or {@code null}.
 *
 * @param array  the array to test
 * @return {@code true} if the array is empty or {@code null}
 * @since 2.1
 */
public static boolean isEmpty(final long[] array) {
    return isArrayEmpty(array);
}, typeSolver=com.github.javaparser.symbolsolver.resolution.typesolvers.CombinedTypeSolver@7bf9b098}, JavaParserMethodDeclaration{wrappedNode=/**
 * Tests whether an array of Objects is empty or {@code null}.
 *
 * @param array  the array to test
 * @return {@code true} if the array is empty or {@code null}
 * @since 2.1
 */
public static boolean isEmpty(final Object[] array) {
    return isArrayEmpty(array);
}, typeSolver=com.github.javaparser.symbolsolver.resolution.typesolvers.CombinedTypeSolver@7bf9b098}
In MethodDeclaration: Ambiguous method call: cannot find a most applicable method: JavaParserMethodDeclaration{wrappedNode=/**
 * Tests whether an array of primitive longs is empty or {@code null}.
 *
 * @param array  the array to test
 * @return {@code true} if the array is empty or {@code null}
 * @since 2.1
 */
public static boolean isEmpty(final long[] array) {
    return isArrayEmpty(array);
}, typeSolver=com.github.javaparser.symbolsolver.resolution.typesolvers.CombinedTypeSolver@7bf9b098}, JavaParserMethodDeclaration{wrappedNode=/**
 * Tests whether an array of primitive ints is empty or {@code null}.
 *
 * @param array  the array to test
 * @return {@code true} if the array is empty or {@code null}
 * @since 2.1
 */
public static boolean isEmpty(final int[] array) {
    return isArrayEmpty(array);
}, typeSolver=com.github.javaparser.symbolsolver.resolution.typesolvers.CombinedTypeSolver@7bf9b098}
In MethodDeclaration: Ambiguous method call: cannot find a most applicable method: JavaParserMethodDeclaration{wrappedNode=/**
 * Tests whether an array of primitive floats is empty or {@code null}.
 *
 * @param array  the array to test
 * @return {@code true} if the array is empty or {@code null}
 * @since 2.1
 */
public static boolean isEmpty(final float[] array) {
    return isArrayEmpty(array);
}, typeSolver=com.github.javaparser.symbolsolver.resolution.typesolvers.CombinedTypeSolver@7bf9b098}, JavaParserMethodDeclaration{wrappedNode=/**
 * Tests whether an array of Objects is empty or {@code null}.
 *
 * @param array  the array to test
 * @return {@code true} if the array is empty or {@code null}
 * @since 2.1
 */
public static boolean isEmpty(final Object[] array) {
    return isArrayEmpty(array);
}, typeSolver=com.github.javaparser.symbolsolver.resolution.typesolvers.CombinedTypeSolver@7bf9b098}
In MethodDeclaration: Ambiguous method call: cannot find a most applicable method: JavaParserMethodDeclaration{wrappedNode=/**
 * Tests whether an array of primitive floats is empty or {@code null}.
 *
 * @param array  the array to test
 * @return {@code true} if the array is empty or {@code null}
 * @since 2.1
 */
public static boolean isEmpty(final float[] array) {
    return isArrayEmpty(array);
}, typeSolver=com.github.javaparser.symbolsolver.resolution.typesolvers.CombinedTypeSolver@7bf9b098}, JavaParserMethodDeclaration{wrappedNode=/**
 * Tests whether an array of primitive doubles is empty or {@code null}.
 *
 * @param array  the array to test
 * @return {@code true} if the array is empty or {@code null}
 * @since 2.1
 */
public static boolean isEmpty(final double[] array) {
    return isArrayEmpty(array);
}, typeSolver=com.github.javaparser.symbolsolver.resolution.typesolvers.CombinedTypeSolver@7bf9b098}
In MethodDeclaration: Ambiguous method call: cannot find a most applicable method: JavaParserMethodDeclaration{wrappedNode=/**
 * Tests whether an array of primitive longs is empty or {@code null}.
 *
 * @param array  the array to test
 * @return {@code true} if the array is empty or {@code null}
 * @since 2.1
 */
public static boolean isEmpty(final long[] array) {
    return isArrayEmpty(array);
}, typeSolver=com.github.javaparser.symbolsolver.resolution.typesolvers.CombinedTypeSolver@7bf9b098}, JavaParserMethodDeclaration{wrappedNode=/**
 * Tests whether an array of primitive doubles is empty or {@code null}.
 *
 * @param array  the array to test
 * @return {@code true} if the array is empty or {@code null}
 * @since 2.1
 */
public static boolean isEmpty(final double[] array) {
    return isArrayEmpty(array);
}, typeSolver=com.github.javaparser.symbolsolver.resolution.typesolvers.CombinedTypeSolver@7bf9b098}
In MethodDeclaration: Ambiguous method call: cannot find a most applicable method: JavaParserMethodDeclaration{wrappedNode=/**
 * Removes the element at the specified position from the specified array.
 * All subsequent elements are shifted to the left (subtracts one from
 * their indices).
 * <p>
 * This method returns a new array with the same elements of the input
 * array except the element on the specified position. The component
 * type of the returned array is always the same as that of the input
 * array.
 * </p>
 * <p>
 * If the input array is {@code null}, an IndexOutOfBoundsException
 * will be thrown, because in that case no valid index can be specified.
 * </p>
 * <pre>
 * ArrayUtils.remove([1], 0)         = []
 * ArrayUtils.remove([2, 6], 0)      = [6]
 * ArrayUtils.remove([2, 6], 1)      = [2]
 * ArrayUtils.remove([2, 6, 3], 1)   = [2, 3]
 * </pre>
 *
 * @param array  the array to remove the element from, may not be {@code null}
 * @param index  the position of the element to be removed
 * @return A new array containing the existing elements except the element
 *         at the specified position.
 * @throws IndexOutOfBoundsException if the index is out of range
 * (index &lt; 0 || index &gt;= array.length), or if the array is {@code null}.
 * @since 2.1
 */
public static short[] remove(final short[] array, final int index) {
    return (short[]) remove((Object) array, index);
}, typeSolver=com.github.javaparser.symbolsolver.resolution.typesolvers.CombinedTypeSolver@7bf9b098}, JavaParserMethodDeclaration{wrappedNode=/**
 * Removes the element at the specified position from the specified array.
 * All subsequent elements are shifted to the left (subtracts one from
 * their indices).
 * <p>
 * This method returns a new array with the same elements of the input
 * array except the element on the specified position. The component
 * type of the returned array is always the same as that of the input
 * array.
 * </p>
 * <p>
 * If the input array is {@code null}, an IndexOutOfBoundsException
 * will be thrown, because in that case no valid index can be specified.
 * </p>
 * <pre>
 * ArrayUtils.remove([1], 0)         = []
 * ArrayUtils.remove([2, 6], 0)      = [6]
 * ArrayUtils.remove([2, 6], 1)      = [2]
 * ArrayUtils.remove([2, 6, 3], 1)   = [2, 3]
 * </pre>
 *
 * @param array  the array to remove the element from, may not be {@code null}
 * @param index  the position of the element to be removed
 * @return A new array containing the existing elements except the element
 *         at the specified position.
 * @throws IndexOutOfBoundsException if the index is out of range
 * (index &lt; 0 || index &gt;= array.length), or if the array is {@code null}.
 * @since 2.1
 */
public static long[] remove(final long[] array, final int index) {
    return (long[]) remove((Object) array, index);
}, typeSolver=com.github.javaparser.symbolsolver.resolution.typesolvers.CombinedTypeSolver@7bf9b098}
In MethodDeclaration: Ambiguous method call: cannot find a most applicable method: JavaParserMethodDeclaration{wrappedNode=/**
 * Clones an array or returns {@code null}.
 * <p>
 * This method returns {@code null} for a {@code null} input array.
 * </p>
 *
 * @param array the array to clone, may be {@code null}
 * @return the cloned array, {@code null} if {@code null} input
 */
public static double[] clone(final double[] array) {
    return array != null ? array.clone() : null;
}, typeSolver=com.github.javaparser.symbolsolver.resolution.typesolvers.CombinedTypeSolver@7bf9b098}, JavaParserMethodDeclaration{wrappedNode=/**
 * Clones an array or returns {@code null}.
 * <p>
 * This method returns {@code null} for a {@code null} input array.
 * </p>
 *
 * @param array the array to clone, may be {@code null}
 * @return the cloned array, {@code null} if {@code null} input
 */
public static float[] clone(final float[] array) {
    return array != null ? array.clone() : null;
}, typeSolver=com.github.javaparser.symbolsolver.resolution.typesolvers.CombinedTypeSolver@7bf9b098}
In MethodDeclaration: Ambiguous method call: cannot find a most applicable method: JavaParserMethodDeclaration{wrappedNode=/**
 * Removes the element at the specified position from the specified array.
 * All subsequent elements are shifted to the left (subtracts one from
 * their indices).
 * <p>
 * This method returns a new array with the same elements of the input
 * array except the element on the specified position. The component
 * type of the returned array is always the same as that of the input
 * array.
 * </p>
 * <p>
 * If the input array is {@code null}, an IndexOutOfBoundsException
 * will be thrown, because in that case no valid index can be specified.
 * </p>
 * <pre>
 * ArrayUtils.remove([1.1], 0)           = []
 * ArrayUtils.remove([2.5, 6.0], 0)      = [6.0]
 * ArrayUtils.remove([2.5, 6.0], 1)      = [2.5]
 * ArrayUtils.remove([2.5, 6.0, 3.8], 1) = [2.5, 3.8]
 * </pre>
 *
 * @param array  the array to remove the element from, may not be {@code null}
 * @param index  the position of the element to be removed
 * @return A new array containing the existing elements except the element
 *         at the specified position.
 * @throws IndexOutOfBoundsException if the index is out of range
 * (index &lt; 0 || index &gt;= array.length), or if the array is {@code null}.
 * @since 2.1
 */
public static double[] remove(final double[] array, final int index) {
    return (double[]) remove((Object) array, index);
}, typeSolver=com.github.javaparser.symbolsolver.resolution.typesolvers.CombinedTypeSolver@7bf9b098}, JavaParserMethodDeclaration{wrappedNode=/**
 * Removes the element at the specified position from the specified array.
 * All subsequent elements are shifted to the left (subtracts one from
 * their indices).
 * <p>
 * This method returns a new array with the same elements of the input
 * array except the element on the specified position. The component
 * type of the returned array is always the same as that of the input
 * array.
 * </p>
 * <p>
 * If the input array is {@code null}, an IndexOutOfBoundsException
 * will be thrown, because in that case no valid index can be specified.
 * </p>
 * <pre>
 * ArrayUtils.remove([1.1], 0)           = []
 * ArrayUtils.remove([2.5, 6.0], 0)      = [6.0]
 * ArrayUtils.remove([2.5, 6.0], 1)      = [2.5]
 * ArrayUtils.remove([2.5, 6.0, 3.8], 1) = [2.5, 3.8]
 * </pre>
 *
 * @param array  the array to remove the element from, may not be {@code null}
 * @param index  the position of the element to be removed
 * @return A new array containing the existing elements except the element
 *         at the specified position.
 * @throws IndexOutOfBoundsException if the index is out of range
 * (index &lt; 0 || index &gt;= array.length), or if the array is {@code null}.
 * @since 2.1
 */
public static float[] remove(final float[] array, final int index) {
    return (float[]) remove((Object) array, index);
}, typeSolver=com.github.javaparser.symbolsolver.resolution.typesolvers.CombinedTypeSolver@7bf9b098}
In MethodDeclaration: Ambiguous method call: cannot find a most applicable method: JavaParserMethodDeclaration{wrappedNode=/**
 * Removes the element at the specified position from the specified array.
 * All subsequent elements are shifted to the left (subtracts one from
 * their indices).
 * <p>
 * This method returns a new array with the same elements of the input
 * array except the element on the specified position. The component
 * type of the returned array is always the same as that of the input
 * array.
 * </p>
 * <p>
 * If the input array is {@code null}, an IndexOutOfBoundsException
 * will be thrown, because in that case no valid index can be specified.
 * </p>
 * <pre>
 * ArrayUtils.remove([1.1], 0)           = []
 * ArrayUtils.remove([2.5, 6.0], 0)      = [6.0]
 * ArrayUtils.remove([2.5, 6.0], 1)      = [2.5]
 * ArrayUtils.remove([2.5, 6.0, 3.8], 1) = [2.5, 3.8]
 * </pre>
 *
 * @param array  the array to remove the element from, may not be {@code null}
 * @param index  the position of the element to be removed
 * @return A new array containing the existing elements except the element
 *         at the specified position.
 * @throws IndexOutOfBoundsException if the index is out of range
 * (index &lt; 0 || index &gt;= array.length), or if the array is {@code null}.
 * @since 2.1
 */
public static float[] remove(final float[] array, final int index) {
    return (float[]) remove((Object) array, index);
}, typeSolver=com.github.javaparser.symbolsolver.resolution.typesolvers.CombinedTypeSolver@7bf9b098}, JavaParserMethodDeclaration{wrappedNode=/**
 * Removes the element at the specified position from the specified array.
 * All subsequent elements are shifted to the left (subtracts one from
 * their indices).
 * <p>
 * This method returns a new array with the same elements of the input
 * array except the element on the specified position. The component
 * type of the returned array is always the same as that of the input
 * array.
 * </p>
 * <p>
 * If the input array is {@code null}, an IndexOutOfBoundsException
 * will be thrown, because in that case no valid index can be specified.
 * </p>
 * <pre>
 * ArrayUtils.remove([1.1], 0)           = []
 * ArrayUtils.remove([2.5, 6.0], 0)      = [6.0]
 * ArrayUtils.remove([2.5, 6.0], 1)      = [2.5]
 * ArrayUtils.remove([2.5, 6.0, 3.8], 1) = [2.5, 3.8]
 * </pre>
 *
 * @param array  the array to remove the element from, may not be {@code null}
 * @param index  the position of the element to be removed
 * @return A new array containing the existing elements except the element
 *         at the specified position.
 * @throws IndexOutOfBoundsException if the index is out of range
 * (index &lt; 0 || index &gt;= array.length), or if the array is {@code null}.
 * @since 2.1
 */
public static double[] remove(final double[] array, final int index) {
    return (double[]) remove((Object) array, index);
}, typeSolver=com.github.javaparser.symbolsolver.resolution.typesolvers.CombinedTypeSolver@7bf9b098}
In MethodDeclaration: Ambiguous method call: cannot find a most applicable method: JavaParserMethodDeclaration{wrappedNode=/**
 * Tests whether an array of primitive doubles is empty or {@code null}.
 *
 * @param array  the array to test
 * @return {@code true} if the array is empty or {@code null}
 * @since 2.1
 */
public static boolean isEmpty(final double[] array) {
    return isArrayEmpty(array);
}, typeSolver=com.github.javaparser.symbolsolver.resolution.typesolvers.CombinedTypeSolver@7bf9b098}, JavaParserMethodDeclaration{wrappedNode=/**
 * Tests whether an array of primitive shorts is empty or {@code null}.
 *
 * @param array  the array to test
 * @return {@code true} if the array is empty or {@code null}
 * @since 2.1
 */
public static boolean isEmpty(final short[] array) {
    return isArrayEmpty(array);
}, typeSolver=com.github.javaparser.symbolsolver.resolution.typesolvers.CombinedTypeSolver@7bf9b098}
In MethodDeclaration: Ambiguous method call: cannot find a most applicable method: JavaParserMethodDeclaration{wrappedNode=/**
 * Tests whether an array of primitive floats is empty or {@code null}.
 *
 * @param array  the array to test
 * @return {@code true} if the array is empty or {@code null}
 * @since 2.1
 */
public static boolean isEmpty(final float[] array) {
    return isArrayEmpty(array);
}, typeSolver=com.github.javaparser.symbolsolver.resolution.typesolvers.CombinedTypeSolver@7bf9b098}, JavaParserMethodDeclaration{wrappedNode=/**
 * Tests whether an array of primitive ints is empty or {@code null}.
 *
 * @param array  the array to test
 * @return {@code true} if the array is empty or {@code null}
 * @since 2.1
 */
public static boolean isEmpty(final int[] array) {
    return isArrayEmpty(array);
}, typeSolver=com.github.javaparser.symbolsolver.resolution.typesolvers.CombinedTypeSolver@7bf9b098}
In MethodDeclaration: Ambiguous method call: cannot find a most applicable method: JavaParserMethodDeclaration{wrappedNode=/**
 * Tests whether an array of primitive doubles is empty or {@code null}.
 *
 * @param array  the array to test
 * @return {@code true} if the array is empty or {@code null}
 * @since 2.1
 */
public static boolean isEmpty(final double[] array) {
    return isArrayEmpty(array);
}, typeSolver=com.github.javaparser.symbolsolver.resolution.typesolvers.CombinedTypeSolver@7bf9b098}, JavaParserMethodDeclaration{wrappedNode=/**
 * Tests whether an array of primitive floats is empty or {@code null}.
 *
 * @param array  the array to test
 * @return {@code true} if the array is empty or {@code null}
 * @since 2.1
 */
public static boolean isEmpty(final float[] array) {
    return isArrayEmpty(array);
}, typeSolver=com.github.javaparser.symbolsolver.resolution.typesolvers.CombinedTypeSolver@7bf9b098}
In MethodDeclaration: Ambiguous method call: cannot find a most applicable method: JavaParserMethodDeclaration{wrappedNode=/**
 * Clones an array or returns {@code null}.
 * <p>
 * This method returns {@code null} for a {@code null} input array.
 * </p>
 *
 * @param array the array to clone, may be {@code null}
 * @return the cloned array, {@code null} if {@code null} input
 */
public static float[] clone(final float[] array) {
    return array != null ? array.clone() : null;
}, typeSolver=com.github.javaparser.symbolsolver.resolution.typesolvers.CombinedTypeSolver@7bf9b098}, JavaParserMethodDeclaration{wrappedNode=/**
 * Clones an array or returns {@code null}.
 * <p>
 * This method returns {@code null} for a {@code null} input array.
 * </p>
 *
 * @param array the array to clone, may be {@code null}
 * @return the cloned array, {@code null} if {@code null} input
 */
public static double[] clone(final double[] array) {
    return array != null ? array.clone() : null;
}, typeSolver=com.github.javaparser.symbolsolver.resolution.typesolvers.CombinedTypeSolver@7bf9b098}
In MethodDeclaration: Ambiguous method call: cannot find a most applicable method: JavaParserMethodDeclaration{wrappedNode=/**
 * Tests whether an array of primitive floats is empty or {@code null}.
 *
 * @param array  the array to test
 * @return {@code true} if the array is empty or {@code null}
 * @since 2.1
 */
public static boolean isEmpty(final float[] array) {
    return isArrayEmpty(array);
}, typeSolver=com.github.javaparser.symbolsolver.resolution.typesolvers.CombinedTypeSolver@7bf9b098}, JavaParserMethodDeclaration{wrappedNode=/**
 * Tests whether an array of primitive doubles is empty or {@code null}.
 *
 * @param array  the array to test
 * @return {@code true} if the array is empty or {@code null}
 * @since 2.1
 */
public static boolean isEmpty(final double[] array) {
    return isArrayEmpty(array);
}, typeSolver=com.github.javaparser.symbolsolver.resolution.typesolvers.CombinedTypeSolver@7bf9b098}
In MethodDeclaration: Ambiguous method call: cannot find a most applicable method: JavaParserMethodDeclaration{wrappedNode=/**
 * Reverses the order of the given array in the given range.
 * <p>
 * This method does nothing for a {@code null} input array.
 * </p>
 *
 * @param array
 *            the array to reverse, may be {@code null}.
 * @param startIndexInclusive
 *            the starting index. Under value (&lt;0) is promoted to 0, over value (&gt;array.length) results in no
 *            change.
 * @param endIndexExclusive
 *            elements up to endIndex-1 are reversed in the array. Under value (&lt; start index) results in no
 *            change. Over value (&gt;array.length) is demoted to array length.
 * @since 3.2
 */
public static void reverse(final Object[] array, final int startIndexInclusive, final int endIndexExclusive) {
    if (array == null) {
        return;
    }
    int i = Math.max(startIndexInclusive, 0);
    int j = Math.min(array.length, endIndexExclusive) - 1;
    Object tmp;
    while (j > i) {
        tmp = array[j];
        array[j] = array[i];
        array[i] = tmp;
        j--;
        i++;
    }
}, typeSolver=com.github.javaparser.symbolsolver.resolution.typesolvers.CombinedTypeSolver@7bf9b098}, JavaParserMethodDeclaration{wrappedNode=/**
 * Reverses the order of the given array in the given range.
 * <p>
 * This method does nothing for a {@code null} input array.
 * </p>
 *
 * @param array
 *            the array to reverse, may be {@code null}.
 * @param startIndexInclusive
 *            the starting index. Undervalue (&lt;0) is promoted to 0, overvalue (&gt;array.length) results in no
 *            change.
 * @param endIndexExclusive
 *            elements up to endIndex-1 are reversed in the array. Undervalue (&lt; start index) results in no
 *            change. Overvalue (&gt;array.length) is demoted to array length.
 * @since 3.2
 */
public static void reverse(final int[] array, final int startIndexInclusive, final int endIndexExclusive) {
    if (array == null) {
        return;
    }
    int i = Math.max(startIndexInclusive, 0);
    int j = Math.min(array.length, endIndexExclusive) - 1;
    int tmp;
    while (j > i) {
        tmp = array[j];
        array[j] = array[i];
        array[i] = tmp;
        j--;
        i++;
    }
}, typeSolver=com.github.javaparser.symbolsolver.resolution.typesolvers.CombinedTypeSolver@7bf9b098}
In MethodDeclaration: Ambiguous method call: cannot find a most applicable method: JavaParserMethodDeclaration{wrappedNode=/**
 * Reverses the order of the given array in the given range.
 * <p>
 * This method does nothing for a {@code null} input array.
 * </p>
 *
 * @param array
 *            the array to reverse, may be {@code null}.
 * @param startIndexInclusive
 *            the starting index. Under value (&lt;0) is promoted to 0, over value (&gt;array.length) results in no
 *            change.
 * @param endIndexExclusive
 *            elements up to endIndex-1 are reversed in the array. Under value (&lt; start index) results in no
 *            change. Over value (&gt;array.length) is demoted to array length.
 * @since 3.2
 */
public static void reverse(final Object[] array, final int startIndexInclusive, final int endIndexExclusive) {
    if (array == null) {
        return;
    }
    int i = Math.max(startIndexInclusive, 0);
    int j = Math.min(array.length, endIndexExclusive) - 1;
    Object tmp;
    while (j > i) {
        tmp = array[j];
        array[j] = array[i];
        array[i] = tmp;
        j--;
        i++;
    }
}, typeSolver=com.github.javaparser.symbolsolver.resolution.typesolvers.CombinedTypeSolver@7bf9b098}, JavaParserMethodDeclaration{wrappedNode=/**
 * Reverses the order of the given array in the given range.
 * <p>
 * This method does nothing for a {@code null} input array.
 * </p>
 *
 * @param array
 *            the array to reverse, may be {@code null}
 * @param startIndexInclusive
 *            the starting index. Undervalue (&lt;0) is promoted to 0, overvalue (&gt;array.length) results in no
 *            change.
 * @param endIndexExclusive
 *            elements up to endIndex-1 are reversed in the array. Undervalue (&lt; start index) results in no
 *            change. Overvalue (&gt;array.length) is demoted to array length.
 * @since 3.2
 */
public static void reverse(final double[] array, final int startIndexInclusive, final int endIndexExclusive) {
    if (array == null) {
        return;
    }
    int i = Math.max(startIndexInclusive, 0);
    int j = Math.min(array.length, endIndexExclusive) - 1;
    double tmp;
    while (j > i) {
        tmp = array[j];
        array[j] = array[i];
        array[i] = tmp;
        j--;
        i++;
    }
}, typeSolver=com.github.javaparser.symbolsolver.resolution.typesolvers.CombinedTypeSolver@7bf9b098}
In MethodDeclaration: Ambiguous method call: cannot find a most applicable method: JavaParserMethodDeclaration{wrappedNode=/**
 * Reverses the order of the given array in the given range.
 * <p>
 * This method does nothing for a {@code null} input array.
 * </p>
 *
 * @param array
 *            the array to reverse, may be {@code null}.
 * @param startIndexInclusive
 *            the starting index. Under value (&lt;0) is promoted to 0, over value (&gt;array.length) results in no
 *            change.
 * @param endIndexExclusive
 *            elements up to endIndex-1 are reversed in the array. Under value (&lt; start index) results in no
 *            change. Over value (&gt;array.length) is demoted to array length.
 * @since 3.2
 */
public static void reverse(final Object[] array, final int startIndexInclusive, final int endIndexExclusive) {
    if (array == null) {
        return;
    }
    int i = Math.max(startIndexInclusive, 0);
    int j = Math.min(array.length, endIndexExclusive) - 1;
    Object tmp;
    while (j > i) {
        tmp = array[j];
        array[j] = array[i];
        array[i] = tmp;
        j--;
        i++;
    }
}, typeSolver=com.github.javaparser.symbolsolver.resolution.typesolvers.CombinedTypeSolver@7bf9b098}, JavaParserMethodDeclaration{wrappedNode=/**
 * Reverses the order of the given array in the given range.
 * <p>
 * This method does nothing for a {@code null} input array.
 * </p>
 *
 * @param array
 *            the array to reverse, may be {@code null}.
 * @param startIndexInclusive
 *            the starting index. Undervalue (&lt;0) is promoted to 0, overvalue (&gt;array.length) results in no
 *            change.
 * @param endIndexExclusive
 *            elements up to endIndex-1 are reversed in the array. Undervalue (&lt; start index) results in no
 *            change. Overvalue (&gt;array.length) is demoted to array length.
 * @since 3.2
 */
public static void reverse(final long[] array, final int startIndexInclusive, final int endIndexExclusive) {
    if (array == null) {
        return;
    }
    int i = Math.max(startIndexInclusive, 0);
    int j = Math.min(array.length, endIndexExclusive) - 1;
    long tmp;
    while (j > i) {
        tmp = array[j];
        array[j] = array[i];
        array[i] = tmp;
        j--;
        i++;
    }
}, typeSolver=com.github.javaparser.symbolsolver.resolution.typesolvers.CombinedTypeSolver@7bf9b098}
In MethodDeclaration: Ambiguous method call: cannot find a most applicable method: JavaParserMethodDeclaration{wrappedNode=/**
 * Shifts the order of a series of elements in the given short array.
 *
 * <p>There is no special handling for multi-dimensional arrays. This method
 * does nothing for {@code null} or empty input arrays.</p>
 *
 * @param array
 *            the array to shift, may be {@code null}.
 * @param startIndexInclusive
 *            the starting index. Undervalue (&lt;0) is promoted to 0, overvalue (&gt;array.length) results in no
 *            change.
 * @param endIndexExclusive
 *            elements up to endIndex-1 are shifted in the array. Undervalue (&lt; start index) results in no
 *            change. Overvalue (&gt;array.length) is demoted to array length.
 * @param offset
 *          The number of positions to rotate the elements.  If the offset is larger than the number of elements to
 *          rotate, than the effective offset is modulo the number of elements to rotate.
 * @since 3.5
 */
public static void shift(final short[] array, int startIndexInclusive, int endIndexExclusive, int offset) {
    if (array == null || startIndexInclusive >= array.length - 1 || endIndexExclusive <= 0) {
        return;
    }
    startIndexInclusive = max0(startIndexInclusive);
    endIndexExclusive = Math.min(endIndexExclusive, array.length);
    int n = endIndexExclusive - startIndexInclusive;
    if (n <= 1) {
        return;
    }
    offset %= n;
    if (offset < 0) {
        offset += n;
    }
    // For algorithm explanations and proof of O(n) time complexity and O(1) space complexity
    // see https://beradrian.wordpress.com/2015/04/07/shift-an-array-in-on-in-place/
    while (n > 1 && offset > 0) {
        final int nOffset = n - offset;
        if (offset > nOffset) {
            swap(array, startIndexInclusive, startIndexInclusive + n - nOffset, nOffset);
            n = offset;
            offset -= nOffset;
        } else if (offset < nOffset) {
            swap(array, startIndexInclusive, startIndexInclusive + nOffset, offset);
            startIndexInclusive += offset;
            n = nOffset;
        } else {
            swap(array, startIndexInclusive, startIndexInclusive + nOffset, offset);
            break;
        }
    }
}, typeSolver=com.github.javaparser.symbolsolver.resolution.typesolvers.CombinedTypeSolver@7bf9b098}, JavaParserMethodDeclaration{wrappedNode=/**
 * Shifts the order of a series of elements in the given double array.
 *
 * <p>There is no special handling for multi-dimensional arrays. This method
 * does nothing for {@code null} or empty input arrays.</p>
 *
 * @param array
 *            the array to shift, may be {@code null}.
 * @param startIndexInclusive
 *            the starting index. Undervalue (&lt;0) is promoted to 0, overvalue (&gt;array.length) results in no
 *            change.
 * @param endIndexExclusive
 *            elements up to endIndex-1 are shifted in the array. Undervalue (&lt; start index) results in no
 *            change. Overvalue (&gt;array.length) is demoted to array length.
 * @param offset
 *          The number of positions to rotate the elements.  If the offset is larger than the number of elements to
 *          rotate, than the effective offset is modulo the number of elements to rotate.
 * @since 3.5
 */
public static void shift(final double[] array, int startIndexInclusive, int endIndexExclusive, int offset) {
    if (array == null || startIndexInclusive >= array.length - 1 || endIndexExclusive <= 0) {
        return;
    }
    startIndexInclusive = max0(startIndexInclusive);
    endIndexExclusive = Math.min(endIndexExclusive, array.length);
    int n = endIndexExclusive - startIndexInclusive;
    if (n <= 1) {
        return;
    }
    offset %= n;
    if (offset < 0) {
        offset += n;
    }
    // For algorithm explanations and proof of O(n) time complexity and O(1) space complexity
    // see https://beradrian.wordpress.com/2015/04/07/shift-an-array-in-on-in-place/
    while (n > 1 && offset > 0) {
        final int nOffset = n - offset;
        if (offset > nOffset) {
            swap(array, startIndexInclusive, startIndexInclusive + n - nOffset, nOffset);
            n = offset;
            offset -= nOffset;
        } else if (offset < nOffset) {
            swap(array, startIndexInclusive, startIndexInclusive + nOffset, offset);
            startIndexInclusive += offset;
            n = nOffset;
        } else {
            swap(array, startIndexInclusive, startIndexInclusive + nOffset, offset);
            break;
        }
    }
}, typeSolver=com.github.javaparser.symbolsolver.resolution.typesolvers.CombinedTypeSolver@7bf9b098}
In MethodDeclaration: Ambiguous method call: cannot find a most applicable method: JavaParserMethodDeclaration{wrappedNode=/**
 * Swaps a series of elements in the given double array.
 *
 * <p>This method does nothing for a {@code null} or empty input array or
 * for overflow indices. Negative indices are promoted to 0(zero). If any
 * of the sub-arrays to swap falls outside of the given array, then the
 * swap is stopped at the end of the array and as many as possible elements
 * are swapped.</p>
 *
 * Examples:
 * <ul>
 *     <li>ArrayUtils.swap([1, 2, 3, 4], 0, 2, 1) -&gt; [3, 2, 1, 4]</li>
 *     <li>ArrayUtils.swap([1, 2, 3, 4], 0, 0, 1) -&gt; [1, 2, 3, 4]</li>
 *     <li>ArrayUtils.swap([1, 2, 3, 4], 2, 0, 2) -&gt; [3, 4, 1, 2]</li>
 *     <li>ArrayUtils.swap([1, 2, 3, 4], -3, 2, 2) -&gt; [3, 4, 1, 2]</li>
 *     <li>ArrayUtils.swap([1, 2, 3, 4], 0, 3, 3) -&gt; [4, 2, 3, 1]</li>
 * </ul>
 *
 * @param array the array to swap, may be {@code null}.
 * @param offset1 the index of the first element in the series to swap
 * @param offset2 the index of the second element in the series to swap
 * @param len the number of elements to swap starting with the given indices
 * @since 3.5
 */
public static void swap(final double[] array, int offset1, int offset2, int len) {
    if (isEmpty(array) || offset1 >= array.length || offset2 >= array.length) {
        return;
    }
    offset1 = max0(offset1);
    offset2 = max0(offset2);
    len = Math.min(Math.min(len, array.length - offset1), array.length - offset2);
    for (int i = 0; i < len; i++, offset1++, offset2++) {
        final double aux = array[offset1];
        array[offset1] = array[offset2];
        array[offset2] = aux;
    }
}, typeSolver=com.github.javaparser.symbolsolver.resolution.typesolvers.CombinedTypeSolver@7bf9b098}, JavaParserMethodDeclaration{wrappedNode=/**
 * Swaps a series of elements in the given long array.
 *
 * <p>This method does nothing for a {@code null} or empty input array or
 * for overflow indices. Negative indices are promoted to 0(zero). If any
 * of the sub-arrays to swap falls outside of the given array, then the
 * swap is stopped at the end of the array and as many as possible elements
 * are swapped.</p>
 *
 * Examples:
 * <ul>
 *     <li>ArrayUtils.swap([1, 2, 3, 4], 0, 2, 1) -&gt; [3, 2, 1, 4]</li>
 *     <li>ArrayUtils.swap([1, 2, 3, 4], 0, 0, 1) -&gt; [1, 2, 3, 4]</li>
 *     <li>ArrayUtils.swap([1, 2, 3, 4], 2, 0, 2) -&gt; [3, 4, 1, 2]</li>
 *     <li>ArrayUtils.swap([1, 2, 3, 4], -3, 2, 2) -&gt; [3, 4, 1, 2]</li>
 *     <li>ArrayUtils.swap([1, 2, 3, 4], 0, 3, 3) -&gt; [4, 2, 3, 1]</li>
 * </ul>
 *
 * @param array the array to swap, may be {@code null}
 * @param offset1 the index of the first element in the series to swap
 * @param offset2 the index of the second element in the series to swap
 * @param len the number of elements to swap starting with the given indices
 * @since 3.5
 */
public static void swap(final long[] array, int offset1, int offset2, int len) {
    if (isEmpty(array) || offset1 >= array.length || offset2 >= array.length) {
        return;
    }
    offset1 = max0(offset1);
    offset2 = max0(offset2);
    len = Math.min(Math.min(len, array.length - offset1), array.length - offset2);
    for (int i = 0; i < len; i++, offset1++, offset2++) {
        final long aux = array[offset1];
        array[offset1] = array[offset2];
        array[offset2] = aux;
    }
}, typeSolver=com.github.javaparser.symbolsolver.resolution.typesolvers.CombinedTypeSolver@7bf9b098}
In MethodDeclaration: Ambiguous method call: cannot find a most applicable method: JavaParserMethodDeclaration{wrappedNode=/**
 * Swaps a series of elements in the given long array.
 *
 * <p>This method does nothing for a {@code null} or empty input array or
 * for overflow indices. Negative indices are promoted to 0(zero). If any
 * of the sub-arrays to swap falls outside of the given array, then the
 * swap is stopped at the end of the array and as many as possible elements
 * are swapped.</p>
 *
 * Examples:
 * <ul>
 *     <li>ArrayUtils.swap([1, 2, 3, 4], 0, 2, 1) -&gt; [3, 2, 1, 4]</li>
 *     <li>ArrayUtils.swap([1, 2, 3, 4], 0, 0, 1) -&gt; [1, 2, 3, 4]</li>
 *     <li>ArrayUtils.swap([1, 2, 3, 4], 2, 0, 2) -&gt; [3, 4, 1, 2]</li>
 *     <li>ArrayUtils.swap([1, 2, 3, 4], -3, 2, 2) -&gt; [3, 4, 1, 2]</li>
 *     <li>ArrayUtils.swap([1, 2, 3, 4], 0, 3, 3) -&gt; [4, 2, 3, 1]</li>
 * </ul>
 *
 * @param array the array to swap, may be {@code null}
 * @param offset1 the index of the first element in the series to swap
 * @param offset2 the index of the second element in the series to swap
 * @param len the number of elements to swap starting with the given indices
 * @since 3.5
 */
public static void swap(final long[] array, int offset1, int offset2, int len) {
    if (isEmpty(array) || offset1 >= array.length || offset2 >= array.length) {
        return;
    }
    offset1 = max0(offset1);
    offset2 = max0(offset2);
    len = Math.min(Math.min(len, array.length - offset1), array.length - offset2);
    for (int i = 0; i < len; i++, offset1++, offset2++) {
        final long aux = array[offset1];
        array[offset1] = array[offset2];
        array[offset2] = aux;
    }
}, typeSolver=com.github.javaparser.symbolsolver.resolution.typesolvers.CombinedTypeSolver@7bf9b098}, JavaParserMethodDeclaration{wrappedNode=/**
 * Swaps a series of elements in the given float array.
 *
 * <p>This method does nothing for a {@code null} or empty input array or
 * for overflow indices. Negative indices are promoted to 0(zero). If any
 * of the sub-arrays to swap falls outside of the given array, then the
 * swap is stopped at the end of the array and as many as possible elements
 * are swapped.</p>
 *
 * Examples:
 * <ul>
 *     <li>ArrayUtils.swap([1, 2, 3, 4], 0, 2, 1) -&gt; [3, 2, 1, 4]</li>
 *     <li>ArrayUtils.swap([1, 2, 3, 4], 0, 0, 1) -&gt; [1, 2, 3, 4]</li>
 *     <li>ArrayUtils.swap([1, 2, 3, 4], 2, 0, 2) -&gt; [3, 4, 1, 2]</li>
 *     <li>ArrayUtils.swap([1, 2, 3, 4], -3, 2, 2) -&gt; [3, 4, 1, 2]</li>
 *     <li>ArrayUtils.swap([1, 2, 3, 4], 0, 3, 3) -&gt; [4, 2, 3, 1]</li>
 * </ul>
 *
 * @param array the array to swap, may be {@code null}.
 * @param offset1 the index of the first element in the series to swap
 * @param offset2 the index of the second element in the series to swap
 * @param len the number of elements to swap starting with the given indices
 * @since 3.5
 */
public static void swap(final float[] array, int offset1, int offset2, int len) {
    if (isEmpty(array) || offset1 >= array.length || offset2 >= array.length) {
        return;
    }
    offset1 = max0(offset1);
    offset2 = max0(offset2);
    len = Math.min(Math.min(len, array.length - offset1), array.length - offset2);
    for (int i = 0; i < len; i++, offset1++, offset2++) {
        final float aux = array[offset1];
        array[offset1] = array[offset2];
        array[offset2] = aux;
    }
}, typeSolver=com.github.javaparser.symbolsolver.resolution.typesolvers.CombinedTypeSolver@7bf9b098}
In MethodDeclaration: Ambiguous method call: cannot find a most applicable method: JavaParserMethodDeclaration{wrappedNode=/**
 * Shifts the order of a series of elements in the given float array.
 *
 * <p>There is no special handling for multi-dimensional arrays. This method
 * does nothing for {@code null} or empty input arrays.</p>
 *
 * @param array
 *            the array to shift, may be {@code null}.
 * @param startIndexInclusive
 *            the starting index. Undervalue (&lt;0) is promoted to 0, overvalue (&gt;array.length) results in no
 *            change.
 * @param endIndexExclusive
 *            elements up to endIndex-1 are shifted in the array. Undervalue (&lt; start index) results in no
 *            change. Overvalue (&gt;array.length) is demoted to array length.
 * @param offset
 *          The number of positions to rotate the elements.  If the offset is larger than the number of elements to
 *          rotate, than the effective offset is modulo the number of elements to rotate.
 * @since 3.5
 */
public static void shift(final float[] array, int startIndexInclusive, int endIndexExclusive, int offset) {
    if (array == null || startIndexInclusive >= array.length - 1 || endIndexExclusive <= 0) {
        return;
    }
    startIndexInclusive = max0(startIndexInclusive);
    endIndexExclusive = Math.min(endIndexExclusive, array.length);
    int n = endIndexExclusive - startIndexInclusive;
    if (n <= 1) {
        return;
    }
    offset %= n;
    if (offset < 0) {
        offset += n;
    }
    // For algorithm explanations and proof of O(n) time complexity and O(1) space complexity
    // see https://beradrian.wordpress.com/2015/04/07/shift-an-array-in-on-in-place/
    while (n > 1 && offset > 0) {
        final int nOffset = n - offset;
        if (offset > nOffset) {
            swap(array, startIndexInclusive, startIndexInclusive + n - nOffset, nOffset);
            n = offset;
            offset -= nOffset;
        } else if (offset < nOffset) {
            swap(array, startIndexInclusive, startIndexInclusive + nOffset, offset);
            startIndexInclusive += offset;
            n = nOffset;
        } else {
            swap(array, startIndexInclusive, startIndexInclusive + nOffset, offset);
            break;
        }
    }
}, typeSolver=com.github.javaparser.symbolsolver.resolution.typesolvers.CombinedTypeSolver@7bf9b098}, JavaParserMethodDeclaration{wrappedNode=/**
 * Shifts the order of a series of elements in the given double array.
 *
 * <p>There is no special handling for multi-dimensional arrays. This method
 * does nothing for {@code null} or empty input arrays.</p>
 *
 * @param array
 *            the array to shift, may be {@code null}.
 * @param startIndexInclusive
 *            the starting index. Undervalue (&lt;0) is promoted to 0, overvalue (&gt;array.length) results in no
 *            change.
 * @param endIndexExclusive
 *            elements up to endIndex-1 are shifted in the array. Undervalue (&lt; start index) results in no
 *            change. Overvalue (&gt;array.length) is demoted to array length.
 * @param offset
 *          The number of positions to rotate the elements.  If the offset is larger than the number of elements to
 *          rotate, than the effective offset is modulo the number of elements to rotate.
 * @since 3.5
 */
public static void shift(final double[] array, int startIndexInclusive, int endIndexExclusive, int offset) {
    if (array == null || startIndexInclusive >= array.length - 1 || endIndexExclusive <= 0) {
        return;
    }
    startIndexInclusive = max0(startIndexInclusive);
    endIndexExclusive = Math.min(endIndexExclusive, array.length);
    int n = endIndexExclusive - startIndexInclusive;
    if (n <= 1) {
        return;
    }
    offset %= n;
    if (offset < 0) {
        offset += n;
    }
    // For algorithm explanations and proof of O(n) time complexity and O(1) space complexity
    // see https://beradrian.wordpress.com/2015/04/07/shift-an-array-in-on-in-place/
    while (n > 1 && offset > 0) {
        final int nOffset = n - offset;
        if (offset > nOffset) {
            swap(array, startIndexInclusive, startIndexInclusive + n - nOffset, nOffset);
            n = offset;
            offset -= nOffset;
        } else if (offset < nOffset) {
            swap(array, startIndexInclusive, startIndexInclusive + nOffset, offset);
            startIndexInclusive += offset;
            n = nOffset;
        } else {
            swap(array, startIndexInclusive, startIndexInclusive + nOffset, offset);
            break;
        }
    }
}, typeSolver=com.github.javaparser.symbolsolver.resolution.typesolvers.CombinedTypeSolver@7bf9b098}
In MethodDeclaration: Ambiguous method call: cannot find a most applicable method: JavaParserMethodDeclaration{wrappedNode=/**
 * Swaps a series of elements in the given float array.
 *
 * <p>This method does nothing for a {@code null} or empty input array or
 * for overflow indices. Negative indices are promoted to 0(zero). If any
 * of the sub-arrays to swap falls outside of the given array, then the
 * swap is stopped at the end of the array and as many as possible elements
 * are swapped.</p>
 *
 * Examples:
 * <ul>
 *     <li>ArrayUtils.swap([1, 2, 3, 4], 0, 2, 1) -&gt; [3, 2, 1, 4]</li>
 *     <li>ArrayUtils.swap([1, 2, 3, 4], 0, 0, 1) -&gt; [1, 2, 3, 4]</li>
 *     <li>ArrayUtils.swap([1, 2, 3, 4], 2, 0, 2) -&gt; [3, 4, 1, 2]</li>
 *     <li>ArrayUtils.swap([1, 2, 3, 4], -3, 2, 2) -&gt; [3, 4, 1, 2]</li>
 *     <li>ArrayUtils.swap([1, 2, 3, 4], 0, 3, 3) -&gt; [4, 2, 3, 1]</li>
 * </ul>
 *
 * @param array the array to swap, may be {@code null}.
 * @param offset1 the index of the first element in the series to swap
 * @param offset2 the index of the second element in the series to swap
 * @param len the number of elements to swap starting with the given indices
 * @since 3.5
 */
public static void swap(final float[] array, int offset1, int offset2, int len) {
    if (isEmpty(array) || offset1 >= array.length || offset2 >= array.length) {
        return;
    }
    offset1 = max0(offset1);
    offset2 = max0(offset2);
    len = Math.min(Math.min(len, array.length - offset1), array.length - offset2);
    for (int i = 0; i < len; i++, offset1++, offset2++) {
        final float aux = array[offset1];
        array[offset1] = array[offset2];
        array[offset2] = aux;
    }
}, typeSolver=com.github.javaparser.symbolsolver.resolution.typesolvers.CombinedTypeSolver@7bf9b098}, JavaParserMethodDeclaration{wrappedNode=/**
 * Swaps a series of elements in the given double array.
 *
 * <p>This method does nothing for a {@code null} or empty input array or
 * for overflow indices. Negative indices are promoted to 0(zero). If any
 * of the sub-arrays to swap falls outside of the given array, then the
 * swap is stopped at the end of the array and as many as possible elements
 * are swapped.</p>
 *
 * Examples:
 * <ul>
 *     <li>ArrayUtils.swap([1, 2, 3, 4], 0, 2, 1) -&gt; [3, 2, 1, 4]</li>
 *     <li>ArrayUtils.swap([1, 2, 3, 4], 0, 0, 1) -&gt; [1, 2, 3, 4]</li>
 *     <li>ArrayUtils.swap([1, 2, 3, 4], 2, 0, 2) -&gt; [3, 4, 1, 2]</li>
 *     <li>ArrayUtils.swap([1, 2, 3, 4], -3, 2, 2) -&gt; [3, 4, 1, 2]</li>
 *     <li>ArrayUtils.swap([1, 2, 3, 4], 0, 3, 3) -&gt; [4, 2, 3, 1]</li>
 * </ul>
 *
 * @param array the array to swap, may be {@code null}.
 * @param offset1 the index of the first element in the series to swap
 * @param offset2 the index of the second element in the series to swap
 * @param len the number of elements to swap starting with the given indices
 * @since 3.5
 */
public static void swap(final double[] array, int offset1, int offset2, int len) {
    if (isEmpty(array) || offset1 >= array.length || offset2 >= array.length) {
        return;
    }
    offset1 = max0(offset1);
    offset2 = max0(offset2);
    len = Math.min(Math.min(len, array.length - offset1), array.length - offset2);
    for (int i = 0; i < len; i++, offset1++, offset2++) {
        final double aux = array[offset1];
        array[offset1] = array[offset2];
        array[offset2] = aux;
    }
}, typeSolver=com.github.javaparser.symbolsolver.resolution.typesolvers.CombinedTypeSolver@7bf9b098}
In MethodDeclaration: Ambiguous method call: cannot find a most applicable method: JavaParserMethodDeclaration{wrappedNode=/**
 * Swaps a series of elements in the given double array.
 *
 * <p>This method does nothing for a {@code null} or empty input array or
 * for overflow indices. Negative indices are promoted to 0(zero). If any
 * of the sub-arrays to swap falls outside of the given array, then the
 * swap is stopped at the end of the array and as many as possible elements
 * are swapped.</p>
 *
 * Examples:
 * <ul>
 *     <li>ArrayUtils.swap([1, 2, 3, 4], 0, 2, 1) -&gt; [3, 2, 1, 4]</li>
 *     <li>ArrayUtils.swap([1, 2, 3, 4], 0, 0, 1) -&gt; [1, 2, 3, 4]</li>
 *     <li>ArrayUtils.swap([1, 2, 3, 4], 2, 0, 2) -&gt; [3, 4, 1, 2]</li>
 *     <li>ArrayUtils.swap([1, 2, 3, 4], -3, 2, 2) -&gt; [3, 4, 1, 2]</li>
 *     <li>ArrayUtils.swap([1, 2, 3, 4], 0, 3, 3) -&gt; [4, 2, 3, 1]</li>
 * </ul>
 *
 * @param array the array to swap, may be {@code null}.
 * @param offset1 the index of the first element in the series to swap
 * @param offset2 the index of the second element in the series to swap
 * @param len the number of elements to swap starting with the given indices
 * @since 3.5
 */
public static void swap(final double[] array, int offset1, int offset2, int len) {
    if (isEmpty(array) || offset1 >= array.length || offset2 >= array.length) {
        return;
    }
    offset1 = max0(offset1);
    offset2 = max0(offset2);
    len = Math.min(Math.min(len, array.length - offset1), array.length - offset2);
    for (int i = 0; i < len; i++, offset1++, offset2++) {
        final double aux = array[offset1];
        array[offset1] = array[offset2];
        array[offset2] = aux;
    }
}, typeSolver=com.github.javaparser.symbolsolver.resolution.typesolvers.CombinedTypeSolver@7bf9b098}, JavaParserMethodDeclaration{wrappedNode=/**
 * Swaps a series of elements in the given float array.
 *
 * <p>This method does nothing for a {@code null} or empty input array or
 * for overflow indices. Negative indices are promoted to 0(zero). If any
 * of the sub-arrays to swap falls outside of the given array, then the
 * swap is stopped at the end of the array and as many as possible elements
 * are swapped.</p>
 *
 * Examples:
 * <ul>
 *     <li>ArrayUtils.swap([1, 2, 3, 4], 0, 2, 1) -&gt; [3, 2, 1, 4]</li>
 *     <li>ArrayUtils.swap([1, 2, 3, 4], 0, 0, 1) -&gt; [1, 2, 3, 4]</li>
 *     <li>ArrayUtils.swap([1, 2, 3, 4], 2, 0, 2) -&gt; [3, 4, 1, 2]</li>
 *     <li>ArrayUtils.swap([1, 2, 3, 4], -3, 2, 2) -&gt; [3, 4, 1, 2]</li>
 *     <li>ArrayUtils.swap([1, 2, 3, 4], 0, 3, 3) -&gt; [4, 2, 3, 1]</li>
 * </ul>
 *
 * @param array the array to swap, may be {@code null}.
 * @param offset1 the index of the first element in the series to swap
 * @param offset2 the index of the second element in the series to swap
 * @param len the number of elements to swap starting with the given indices
 * @since 3.5
 */
public static void swap(final float[] array, int offset1, int offset2, int len) {
    if (isEmpty(array) || offset1 >= array.length || offset2 >= array.length) {
        return;
    }
    offset1 = max0(offset1);
    offset2 = max0(offset2);
    len = Math.min(Math.min(len, array.length - offset1), array.length - offset2);
    for (int i = 0; i < len; i++, offset1++, offset2++) {
        final float aux = array[offset1];
        array[offset1] = array[offset2];
        array[offset2] = aux;
    }
}, typeSolver=com.github.javaparser.symbolsolver.resolution.typesolvers.CombinedTypeSolver@7bf9b098}
In MethodDeclaration: Ambiguous method call: cannot find a most applicable method: JavaParserMethodDeclaration{wrappedNode=/**
 * Shifts the order of a series of elements in the given int array.
 *
 * <p>There is no special handling for multi-dimensional arrays. This method
 * does nothing for {@code null} or empty input arrays.</p>
 *
 * @param array
 *            the array to shift, may be {@code null}.
 * @param startIndexInclusive
 *            the starting index. Undervalue (&lt;0) is promoted to 0, overvalue (&gt;array.length) results in no
 *            change.
 * @param endIndexExclusive
 *            elements up to endIndex-1 are shifted in the array. Undervalue (&lt; start index) results in no
 *            change. Overvalue (&gt;array.length) is demoted to array length.
 * @param offset
 *          The number of positions to rotate the elements.  If the offset is larger than the number of elements to
 *          rotate, than the effective offset is modulo the number of elements to rotate.
 * @since 3.5
 */
public static void shift(final int[] array, int startIndexInclusive, int endIndexExclusive, int offset) {
    if (array == null || startIndexInclusive >= array.length - 1 || endIndexExclusive <= 0) {
        return;
    }
    startIndexInclusive = max0(startIndexInclusive);
    endIndexExclusive = Math.min(endIndexExclusive, array.length);
    int n = endIndexExclusive - startIndexInclusive;
    if (n <= 1) {
        return;
    }
    offset %= n;
    if (offset < 0) {
        offset += n;
    }
    // For algorithm explanations and proof of O(n) time complexity and O(1) space complexity
    // see https://beradrian.wordpress.com/2015/04/07/shift-an-array-in-on-in-place/
    while (n > 1 && offset > 0) {
        final int nOffset = n - offset;
        if (offset > nOffset) {
            swap(array, startIndexInclusive, startIndexInclusive + n - nOffset, nOffset);
            n = offset;
            offset -= nOffset;
        } else if (offset < nOffset) {
            swap(array, startIndexInclusive, startIndexInclusive + nOffset, offset);
            startIndexInclusive += offset;
            n = nOffset;
        } else {
            swap(array, startIndexInclusive, startIndexInclusive + nOffset, offset);
            break;
        }
    }
}, typeSolver=com.github.javaparser.symbolsolver.resolution.typesolvers.CombinedTypeSolver@7bf9b098}, JavaParserMethodDeclaration{wrappedNode=/**
 * Shifts the order of a series of elements in the given double array.
 *
 * <p>There is no special handling for multi-dimensional arrays. This method
 * does nothing for {@code null} or empty input arrays.</p>
 *
 * @param array
 *            the array to shift, may be {@code null}.
 * @param startIndexInclusive
 *            the starting index. Undervalue (&lt;0) is promoted to 0, overvalue (&gt;array.length) results in no
 *            change.
 * @param endIndexExclusive
 *            elements up to endIndex-1 are shifted in the array. Undervalue (&lt; start index) results in no
 *            change. Overvalue (&gt;array.length) is demoted to array length.
 * @param offset
 *          The number of positions to rotate the elements.  If the offset is larger than the number of elements to
 *          rotate, than the effective offset is modulo the number of elements to rotate.
 * @since 3.5
 */
public static void shift(final double[] array, int startIndexInclusive, int endIndexExclusive, int offset) {
    if (array == null || startIndexInclusive >= array.length - 1 || endIndexExclusive <= 0) {
        return;
    }
    startIndexInclusive = max0(startIndexInclusive);
    endIndexExclusive = Math.min(endIndexExclusive, array.length);
    int n = endIndexExclusive - startIndexInclusive;
    if (n <= 1) {
        return;
    }
    offset %= n;
    if (offset < 0) {
        offset += n;
    }
    // For algorithm explanations and proof of O(n) time complexity and O(1) space complexity
    // see https://beradrian.wordpress.com/2015/04/07/shift-an-array-in-on-in-place/
    while (n > 1 && offset > 0) {
        final int nOffset = n - offset;
        if (offset > nOffset) {
            swap(array, startIndexInclusive, startIndexInclusive + n - nOffset, nOffset);
            n = offset;
            offset -= nOffset;
        } else if (offset < nOffset) {
            swap(array, startIndexInclusive, startIndexInclusive + nOffset, offset);
            startIndexInclusive += offset;
            n = nOffset;
        } else {
            swap(array, startIndexInclusive, startIndexInclusive + nOffset, offset);
            break;
        }
    }
}, typeSolver=com.github.javaparser.symbolsolver.resolution.typesolvers.CombinedTypeSolver@7bf9b098}
In MethodDeclaration: Ambiguous method call: cannot find a most applicable method: JavaParserMethodDeclaration{wrappedNode=/**
 * Swaps a series of elements in the given float array.
 *
 * <p>This method does nothing for a {@code null} or empty input array or
 * for overflow indices. Negative indices are promoted to 0(zero). If any
 * of the sub-arrays to swap falls outside of the given array, then the
 * swap is stopped at the end of the array and as many as possible elements
 * are swapped.</p>
 *
 * Examples:
 * <ul>
 *     <li>ArrayUtils.swap([1, 2, 3, 4], 0, 2, 1) -&gt; [3, 2, 1, 4]</li>
 *     <li>ArrayUtils.swap([1, 2, 3, 4], 0, 0, 1) -&gt; [1, 2, 3, 4]</li>
 *     <li>ArrayUtils.swap([1, 2, 3, 4], 2, 0, 2) -&gt; [3, 4, 1, 2]</li>
 *     <li>ArrayUtils.swap([1, 2, 3, 4], -3, 2, 2) -&gt; [3, 4, 1, 2]</li>
 *     <li>ArrayUtils.swap([1, 2, 3, 4], 0, 3, 3) -&gt; [4, 2, 3, 1]</li>
 * </ul>
 *
 * @param array the array to swap, may be {@code null}.
 * @param offset1 the index of the first element in the series to swap
 * @param offset2 the index of the second element in the series to swap
 * @param len the number of elements to swap starting with the given indices
 * @since 3.5
 */
public static void swap(final float[] array, int offset1, int offset2, int len) {
    if (isEmpty(array) || offset1 >= array.length || offset2 >= array.length) {
        return;
    }
    offset1 = max0(offset1);
    offset2 = max0(offset2);
    len = Math.min(Math.min(len, array.length - offset1), array.length - offset2);
    for (int i = 0; i < len; i++, offset1++, offset2++) {
        final float aux = array[offset1];
        array[offset1] = array[offset2];
        array[offset2] = aux;
    }
}, typeSolver=com.github.javaparser.symbolsolver.resolution.typesolvers.CombinedTypeSolver@7bf9b098}, JavaParserMethodDeclaration{wrappedNode=/**
 * Swaps a series of elements in the given array.
 *
 * <p>This method does nothing for a {@code null} or empty input array or
 * for overflow indices. Negative indices are promoted to 0(zero). If any
 * of the sub-arrays to swap falls outside of the given array, then the
 * swap is stopped at the end of the array and as many as possible elements
 * are swapped.</p>
 *
 * Examples:
 * <ul>
 *     <li>ArrayUtils.swap(["1", "2", "3", "4"], 0, 2, 1) -&gt; ["3", "2", "1", "4"]</li>
 *     <li>ArrayUtils.swap(["1", "2", "3", "4"], 0, 0, 1) -&gt; ["1", "2", "3", "4"]</li>
 *     <li>ArrayUtils.swap(["1", "2", "3", "4"], 2, 0, 2) -&gt; ["3", "4", "1", "2"]</li>
 *     <li>ArrayUtils.swap(["1", "2", "3", "4"], -3, 2, 2) -&gt; ["3", "4", "1", "2"]</li>
 *     <li>ArrayUtils.swap(["1", "2", "3", "4"], 0, 3, 3) -&gt; ["4", "2", "3", "1"]</li>
 * </ul>
 *
 * @param array the array to swap, may be {@code null}
 * @param offset1 the index of the first element in the series to swap
 * @param offset2 the index of the second element in the series to swap
 * @param len the number of elements to swap starting with the given indices
 * @since 3.5
 */
public static void swap(final Object[] array, int offset1, int offset2, int len) {
    if (isEmpty(array) || offset1 >= array.length || offset2 >= array.length) {
        return;
    }
    offset1 = max0(offset1);
    offset2 = max0(offset2);
    len = Math.min(Math.min(len, array.length - offset1), array.length - offset2);
    for (int i = 0; i < len; i++, offset1++, offset2++) {
        final Object aux = array[offset1];
        array[offset1] = array[offset2];
        array[offset2] = aux;
    }
}, typeSolver=com.github.javaparser.symbolsolver.resolution.typesolvers.CombinedTypeSolver@7bf9b098}
In MethodDeclaration: Ambiguous method call: cannot find a most applicable method: JavaParserMethodDeclaration{wrappedNode=/**
 * Shuffles randomly the elements of the specified array using the <a href="https://en.wikipedia.org/wiki/Fisher%E2%80%93Yates_shuffle">Fisher-Yates shuffle
 * algorithm</a>.
 *
 * @param array  the array to shuffle
 * @param random the source of randomness used to permute the elements
 * @see <a href="https://en.wikipedia.org/wiki/Fisher%E2%80%93Yates_shuffle">Fisher-Yates shuffle algorithm</a>
 * @since 3.6
 */
public static void shuffle(final boolean[] array, final Random random) {
    for (int i = array.length; i > 1; i--) {
        swap(array, i - 1, random.nextInt(i), 1);
    }
}, typeSolver=com.github.javaparser.symbolsolver.resolution.typesolvers.CombinedTypeSolver@7bf9b098}, JavaParserMethodDeclaration{wrappedNode=/**
 * Shuffles randomly the elements of the specified array using the <a href="https://en.wikipedia.org/wiki/Fisher%E2%80%93Yates_shuffle">Fisher-Yates shuffle
 * algorithm</a>.
 *
 * @param array  the array to shuffle
 * @param random the source of randomness used to permute the elements
 * @see <a href="https://en.wikipedia.org/wiki/Fisher%E2%80%93Yates_shuffle">Fisher-Yates shuffle algorithm</a>
 * @since 3.6
 */
public static void shuffle(final Object[] array, final Random random) {
    for (int i = array.length; i > 1; i--) {
        swap(array, i - 1, random.nextInt(i), 1);
    }
}, typeSolver=com.github.javaparser.symbolsolver.resolution.typesolvers.CombinedTypeSolver@7bf9b098}
In MethodDeclaration: Ambiguous method call: cannot find a most applicable method: JavaParserMethodDeclaration{wrappedNode=/**
 * Shuffles randomly the elements of the specified array using the <a href="https://en.wikipedia.org/wiki/Fisher%E2%80%93Yates_shuffle">Fisher-Yates shuffle
 * algorithm</a>.
 *
 * @param array  the array to shuffle
 * @param random the source of randomness used to permute the elements
 * @see <a href="https://en.wikipedia.org/wiki/Fisher%E2%80%93Yates_shuffle">Fisher-Yates shuffle algorithm</a>
 * @since 3.6
 */
public static void shuffle(final double[] array, final Random random) {
    for (int i = array.length; i > 1; i--) {
        swap(array, i - 1, random.nextInt(i), 1);
    }
}, typeSolver=com.github.javaparser.symbolsolver.resolution.typesolvers.CombinedTypeSolver@7bf9b098}, JavaParserMethodDeclaration{wrappedNode=/**
 * Shuffles randomly the elements of the specified array using the <a href="https://en.wikipedia.org/wiki/Fisher%E2%80%93Yates_shuffle">Fisher-Yates shuffle
 * algorithm</a>.
 *
 * @param array  the array to shuffle
 * @param random the source of randomness used to permute the elements
 * @see <a href="https://en.wikipedia.org/wiki/Fisher%E2%80%93Yates_shuffle">Fisher-Yates shuffle algorithm</a>
 * @since 3.6
 */
public static void shuffle(final byte[] array, final Random random) {
    for (int i = array.length; i > 1; i--) {
        swap(array, i - 1, random.nextInt(i), 1);
    }
}, typeSolver=com.github.javaparser.symbolsolver.resolution.typesolvers.CombinedTypeSolver@7bf9b098}
In MethodDeclaration: Ambiguous method call: cannot find a most applicable method: JavaParserMethodDeclaration{wrappedNode=/**
 * Swaps a series of elements in the given int array.
 *
 * <p>This method does nothing for a {@code null} or empty input array or
 * for overflow indices. Negative indices are promoted to 0(zero). If any
 * of the sub-arrays to swap falls outside of the given array, then the
 * swap is stopped at the end of the array and as many as possible elements
 * are swapped.</p>
 *
 * Examples:
 * <ul>
 *     <li>ArrayUtils.swap([1, 2, 3, 4], 0, 2, 1) -&gt; [3, 2, 1, 4]</li>
 *     <li>ArrayUtils.swap([1, 2, 3, 4], 0, 0, 1) -&gt; [1, 2, 3, 4]</li>
 *     <li>ArrayUtils.swap([1, 2, 3, 4], 2, 0, 2) -&gt; [3, 4, 1, 2]</li>
 *     <li>ArrayUtils.swap([1, 2, 3, 4], -3, 2, 2) -&gt; [3, 4, 1, 2]</li>
 *     <li>ArrayUtils.swap([1, 2, 3, 4], 0, 3, 3) -&gt; [4, 2, 3, 1]</li>
 * </ul>
 *
 * @param array the array to swap, may be {@code null}
 * @param offset1 the index of the first element in the series to swap
 * @param offset2 the index of the second element in the series to swap
 * @param len the number of elements to swap starting with the given indices
 * @since 3.5
 */
public static void swap(final int[] array, int offset1, int offset2, int len) {
    if (isEmpty(array) || offset1 >= array.length || offset2 >= array.length) {
        return;
    }
    offset1 = max0(offset1);
    offset2 = max0(offset2);
    len = Math.min(Math.min(len, array.length - offset1), array.length - offset2);
    for (int i = 0; i < len; i++, offset1++, offset2++) {
        final int aux = array[offset1];
        array[offset1] = array[offset2];
        array[offset2] = aux;
    }
}, typeSolver=com.github.javaparser.symbolsolver.resolution.typesolvers.CombinedTypeSolver@7bf9b098}, JavaParserMethodDeclaration{wrappedNode=/**
 * Swaps a series of elements in the given double array.
 *
 * <p>This method does nothing for a {@code null} or empty input array or
 * for overflow indices. Negative indices are promoted to 0(zero). If any
 * of the sub-arrays to swap falls outside of the given array, then the
 * swap is stopped at the end of the array and as many as possible elements
 * are swapped.</p>
 *
 * Examples:
 * <ul>
 *     <li>ArrayUtils.swap([1, 2, 3, 4], 0, 2, 1) -&gt; [3, 2, 1, 4]</li>
 *     <li>ArrayUtils.swap([1, 2, 3, 4], 0, 0, 1) -&gt; [1, 2, 3, 4]</li>
 *     <li>ArrayUtils.swap([1, 2, 3, 4], 2, 0, 2) -&gt; [3, 4, 1, 2]</li>
 *     <li>ArrayUtils.swap([1, 2, 3, 4], -3, 2, 2) -&gt; [3, 4, 1, 2]</li>
 *     <li>ArrayUtils.swap([1, 2, 3, 4], 0, 3, 3) -&gt; [4, 2, 3, 1]</li>
 * </ul>
 *
 * @param array the array to swap, may be {@code null}.
 * @param offset1 the index of the first element in the series to swap
 * @param offset2 the index of the second element in the series to swap
 * @param len the number of elements to swap starting with the given indices
 * @since 3.5
 */
public static void swap(final double[] array, int offset1, int offset2, int len) {
    if (isEmpty(array) || offset1 >= array.length || offset2 >= array.length) {
        return;
    }
    offset1 = max0(offset1);
    offset2 = max0(offset2);
    len = Math.min(Math.min(len, array.length - offset1), array.length - offset2);
    for (int i = 0; i < len; i++, offset1++, offset2++) {
        final double aux = array[offset1];
        array[offset1] = array[offset2];
        array[offset2] = aux;
    }
}, typeSolver=com.github.javaparser.symbolsolver.resolution.typesolvers.CombinedTypeSolver@7bf9b098}
In MethodDeclaration: Ambiguous method call: cannot find a most applicable method: JavaParserMethodDeclaration{wrappedNode=/**
 * Shuffles randomly the elements of the specified array using the <a href="https://en.wikipedia.org/wiki/Fisher%E2%80%93Yates_shuffle">Fisher-Yates shuffle
 * algorithm</a>.
 *
 * @param array  the array to shuffle
 * @param random the source of randomness used to permute the elements
 * @see <a href="https://en.wikipedia.org/wiki/Fisher%E2%80%93Yates_shuffle">Fisher-Yates shuffle algorithm</a>
 * @since 3.6
 */
public static void shuffle(final float[] array, final Random random) {
    for (int i = array.length; i > 1; i--) {
        swap(array, i - 1, random.nextInt(i), 1);
    }
}, typeSolver=com.github.javaparser.symbolsolver.resolution.typesolvers.CombinedTypeSolver@7bf9b098}, JavaParserMethodDeclaration{wrappedNode=/**
 * Shuffles randomly the elements of the specified array using the <a href="https://en.wikipedia.org/wiki/Fisher%E2%80%93Yates_shuffle">Fisher-Yates shuffle
 * algorithm</a>.
 *
 * @param array  the array to shuffle
 * @param random the source of randomness used to permute the elements
 * @see <a href="https://en.wikipedia.org/wiki/Fisher%E2%80%93Yates_shuffle">Fisher-Yates shuffle algorithm</a>
 * @since 3.6
 */
public static void shuffle(final int[] array, final Random random) {
    for (int i = array.length; i > 1; i--) {
        swap(array, i - 1, random.nextInt(i), 1);
    }
}, typeSolver=com.github.javaparser.symbolsolver.resolution.typesolvers.CombinedTypeSolver@7bf9b098}
In MethodDeclaration: Ambiguous method call: cannot find a most applicable method: JavaParserMethodDeclaration{wrappedNode=/**
 * Shuffles randomly the elements of the specified array using the <a href="https://en.wikipedia.org/wiki/Fisher%E2%80%93Yates_shuffle">Fisher-Yates shuffle
 * algorithm</a>.
 *
 * @param array  the array to shuffle
 * @param random the source of randomness used to permute the elements
 * @see <a href="https://en.wikipedia.org/wiki/Fisher%E2%80%93Yates_shuffle">Fisher-Yates shuffle algorithm</a>
 * @since 3.6
 */
public static void shuffle(final double[] array, final Random random) {
    for (int i = array.length; i > 1; i--) {
        swap(array, i - 1, random.nextInt(i), 1);
    }
}, typeSolver=com.github.javaparser.symbolsolver.resolution.typesolvers.CombinedTypeSolver@7bf9b098}, JavaParserMethodDeclaration{wrappedNode=/**
 * Shuffles randomly the elements of the specified array using the <a href="https://en.wikipedia.org/wiki/Fisher%E2%80%93Yates_shuffle">Fisher-Yates shuffle
 * algorithm</a>.
 *
 * @param array  the array to shuffle
 * @param random the source of randomness used to permute the elements
 * @see <a href="https://en.wikipedia.org/wiki/Fisher%E2%80%93Yates_shuffle">Fisher-Yates shuffle algorithm</a>
 * @since 3.6
 */
public static void shuffle(final Object[] array, final Random random) {
    for (int i = array.length; i > 1; i--) {
        swap(array, i - 1, random.nextInt(i), 1);
    }
}, typeSolver=com.github.javaparser.symbolsolver.resolution.typesolvers.CombinedTypeSolver@7bf9b098}
In MethodDeclaration: Ambiguous method call: cannot find a most applicable method: JavaParserMethodDeclaration{wrappedNode=/**
 * Shuffles randomly the elements of the specified array using the <a href="https://en.wikipedia.org/wiki/Fisher%E2%80%93Yates_shuffle">Fisher-Yates shuffle
 * algorithm</a>.
 *
 * @param array  the array to shuffle
 * @param random the source of randomness used to permute the elements
 * @see <a href="https://en.wikipedia.org/wiki/Fisher%E2%80%93Yates_shuffle">Fisher-Yates shuffle algorithm</a>
 * @since 3.6
 */
public static void shuffle(final float[] array, final Random random) {
    for (int i = array.length; i > 1; i--) {
        swap(array, i - 1, random.nextInt(i), 1);
    }
}, typeSolver=com.github.javaparser.symbolsolver.resolution.typesolvers.CombinedTypeSolver@7bf9b098}, JavaParserMethodDeclaration{wrappedNode=/**
 * Shuffles randomly the elements of the specified array using the <a href="https://en.wikipedia.org/wiki/Fisher%E2%80%93Yates_shuffle">Fisher-Yates shuffle
 * algorithm</a>.
 *
 * @param array  the array to shuffle
 * @param random the source of randomness used to permute the elements
 * @see <a href="https://en.wikipedia.org/wiki/Fisher%E2%80%93Yates_shuffle">Fisher-Yates shuffle algorithm</a>
 * @since 3.6
 */
public static void shuffle(final double[] array, final Random random) {
    for (int i = array.length; i > 1; i--) {
        swap(array, i - 1, random.nextInt(i), 1);
    }
}, typeSolver=com.github.javaparser.symbolsolver.resolution.typesolvers.CombinedTypeSolver@7bf9b098}
In MethodDeclaration: Ambiguous method call: cannot find a most applicable method: JavaParserMethodDeclaration{wrappedNode=/**
 * Swaps a series of elements in the given double array.
 *
 * <p>This method does nothing for a {@code null} or empty input array or
 * for overflow indices. Negative indices are promoted to 0(zero). If any
 * of the sub-arrays to swap falls outside of the given array, then the
 * swap is stopped at the end of the array and as many as possible elements
 * are swapped.</p>
 *
 * Examples:
 * <ul>
 *     <li>ArrayUtils.swap([1, 2, 3, 4], 0, 2, 1) -&gt; [3, 2, 1, 4]</li>
 *     <li>ArrayUtils.swap([1, 2, 3, 4], 0, 0, 1) -&gt; [1, 2, 3, 4]</li>
 *     <li>ArrayUtils.swap([1, 2, 3, 4], 2, 0, 2) -&gt; [3, 4, 1, 2]</li>
 *     <li>ArrayUtils.swap([1, 2, 3, 4], -3, 2, 2) -&gt; [3, 4, 1, 2]</li>
 *     <li>ArrayUtils.swap([1, 2, 3, 4], 0, 3, 3) -&gt; [4, 2, 3, 1]</li>
 * </ul>
 *
 * @param array the array to swap, may be {@code null}.
 * @param offset1 the index of the first element in the series to swap
 * @param offset2 the index of the second element in the series to swap
 * @param len the number of elements to swap starting with the given indices
 * @since 3.5
 */
public static void swap(final double[] array, int offset1, int offset2, int len) {
    if (isEmpty(array) || offset1 >= array.length || offset2 >= array.length) {
        return;
    }
    offset1 = max0(offset1);
    offset2 = max0(offset2);
    len = Math.min(Math.min(len, array.length - offset1), array.length - offset2);
    for (int i = 0; i < len; i++, offset1++, offset2++) {
        final double aux = array[offset1];
        array[offset1] = array[offset2];
        array[offset2] = aux;
    }
}, typeSolver=com.github.javaparser.symbolsolver.resolution.typesolvers.CombinedTypeSolver@7bf9b098}, JavaParserMethodDeclaration{wrappedNode=/**
 * Swaps a series of elements in the given array.
 *
 * <p>This method does nothing for a {@code null} or empty input array or
 * for overflow indices. Negative indices are promoted to 0(zero). If any
 * of the sub-arrays to swap falls outside of the given array, then the
 * swap is stopped at the end of the array and as many as possible elements
 * are swapped.</p>
 *
 * Examples:
 * <ul>
 *     <li>ArrayUtils.swap(["1", "2", "3", "4"], 0, 2, 1) -&gt; ["3", "2", "1", "4"]</li>
 *     <li>ArrayUtils.swap(["1", "2", "3", "4"], 0, 0, 1) -&gt; ["1", "2", "3", "4"]</li>
 *     <li>ArrayUtils.swap(["1", "2", "3", "4"], 2, 0, 2) -&gt; ["3", "4", "1", "2"]</li>
 *     <li>ArrayUtils.swap(["1", "2", "3", "4"], -3, 2, 2) -&gt; ["3", "4", "1", "2"]</li>
 *     <li>ArrayUtils.swap(["1", "2", "3", "4"], 0, 3, 3) -&gt; ["4", "2", "3", "1"]</li>
 * </ul>
 *
 * @param array the array to swap, may be {@code null}
 * @param offset1 the index of the first element in the series to swap
 * @param offset2 the index of the second element in the series to swap
 * @param len the number of elements to swap starting with the given indices
 * @since 3.5
 */
public static void swap(final Object[] array, int offset1, int offset2, int len) {
    if (isEmpty(array) || offset1 >= array.length || offset2 >= array.length) {
        return;
    }
    offset1 = max0(offset1);
    offset2 = max0(offset2);
    len = Math.min(Math.min(len, array.length - offset1), array.length - offset2);
    for (int i = 0; i < len; i++, offset1++, offset2++) {
        final Object aux = array[offset1];
        array[offset1] = array[offset2];
        array[offset2] = aux;
    }
}, typeSolver=com.github.javaparser.symbolsolver.resolution.typesolvers.CombinedTypeSolver@7bf9b098}
In MethodDeclaration: Ambiguous method call: cannot find a most applicable method: JavaParserMethodDeclaration{wrappedNode=/**
 * Shuffles randomly the elements of the specified array using the <a href="https://en.wikipedia.org/wiki/Fisher%E2%80%93Yates_shuffle">Fisher-Yates shuffle
 * algorithm</a>.
 *
 * @param array  the array to shuffle
 * @param random the source of randomness used to permute the elements
 * @see <a href="https://en.wikipedia.org/wiki/Fisher%E2%80%93Yates_shuffle">Fisher-Yates shuffle algorithm</a>
 * @since 3.6
 */
public static void shuffle(final double[] array, final Random random) {
    for (int i = array.length; i > 1; i--) {
        swap(array, i - 1, random.nextInt(i), 1);
    }
}, typeSolver=com.github.javaparser.symbolsolver.resolution.typesolvers.CombinedTypeSolver@7bf9b098}, JavaParserMethodDeclaration{wrappedNode=/**
 * Shuffles randomly the elements of the specified array using the <a href="https://en.wikipedia.org/wiki/Fisher%E2%80%93Yates_shuffle">Fisher-Yates shuffle
 * algorithm</a>.
 *
 * @param array  the array to shuffle
 * @param random the source of randomness used to permute the elements
 * @see <a href="https://en.wikipedia.org/wiki/Fisher%E2%80%93Yates_shuffle">Fisher-Yates shuffle algorithm</a>
 * @since 3.6
 */
public static void shuffle(final int[] array, final Random random) {
    for (int i = array.length; i > 1; i--) {
        swap(array, i - 1, random.nextInt(i), 1);
    }
}, typeSolver=com.github.javaparser.symbolsolver.resolution.typesolvers.CombinedTypeSolver@7bf9b098}
In MethodDeclaration: Ambiguous method call: cannot find a most applicable method: JavaParserMethodDeclaration{wrappedNode=/**
 * Swaps a series of elements in the given long array.
 *
 * <p>This method does nothing for a {@code null} or empty input array or
 * for overflow indices. Negative indices are promoted to 0(zero). If any
 * of the sub-arrays to swap falls outside of the given array, then the
 * swap is stopped at the end of the array and as many as possible elements
 * are swapped.</p>
 *
 * Examples:
 * <ul>
 *     <li>ArrayUtils.swap([1, 2, 3, 4], 0, 2, 1) -&gt; [3, 2, 1, 4]</li>
 *     <li>ArrayUtils.swap([1, 2, 3, 4], 0, 0, 1) -&gt; [1, 2, 3, 4]</li>
 *     <li>ArrayUtils.swap([1, 2, 3, 4], 2, 0, 2) -&gt; [3, 4, 1, 2]</li>
 *     <li>ArrayUtils.swap([1, 2, 3, 4], -3, 2, 2) -&gt; [3, 4, 1, 2]</li>
 *     <li>ArrayUtils.swap([1, 2, 3, 4], 0, 3, 3) -&gt; [4, 2, 3, 1]</li>
 * </ul>
 *
 * @param array the array to swap, may be {@code null}
 * @param offset1 the index of the first element in the series to swap
 * @param offset2 the index of the second element in the series to swap
 * @param len the number of elements to swap starting with the given indices
 * @since 3.5
 */
public static void swap(final long[] array, int offset1, int offset2, int len) {
    if (isEmpty(array) || offset1 >= array.length || offset2 >= array.length) {
        return;
    }
    offset1 = max0(offset1);
    offset2 = max0(offset2);
    len = Math.min(Math.min(len, array.length - offset1), array.length - offset2);
    for (int i = 0; i < len; i++, offset1++, offset2++) {
        final long aux = array[offset1];
        array[offset1] = array[offset2];
        array[offset2] = aux;
    }
}, typeSolver=com.github.javaparser.symbolsolver.resolution.typesolvers.CombinedTypeSolver@7bf9b098}, JavaParserMethodDeclaration{wrappedNode=/**
 * Swaps a series of elements in the given float array.
 *
 * <p>This method does nothing for a {@code null} or empty input array or
 * for overflow indices. Negative indices are promoted to 0(zero). If any
 * of the sub-arrays to swap falls outside of the given array, then the
 * swap is stopped at the end of the array and as many as possible elements
 * are swapped.</p>
 *
 * Examples:
 * <ul>
 *     <li>ArrayUtils.swap([1, 2, 3, 4], 0, 2, 1) -&gt; [3, 2, 1, 4]</li>
 *     <li>ArrayUtils.swap([1, 2, 3, 4], 0, 0, 1) -&gt; [1, 2, 3, 4]</li>
 *     <li>ArrayUtils.swap([1, 2, 3, 4], 2, 0, 2) -&gt; [3, 4, 1, 2]</li>
 *     <li>ArrayUtils.swap([1, 2, 3, 4], -3, 2, 2) -&gt; [3, 4, 1, 2]</li>
 *     <li>ArrayUtils.swap([1, 2, 3, 4], 0, 3, 3) -&gt; [4, 2, 3, 1]</li>
 * </ul>
 *
 * @param array the array to swap, may be {@code null}.
 * @param offset1 the index of the first element in the series to swap
 * @param offset2 the index of the second element in the series to swap
 * @param len the number of elements to swap starting with the given indices
 * @since 3.5
 */
public static void swap(final float[] array, int offset1, int offset2, int len) {
    if (isEmpty(array) || offset1 >= array.length || offset2 >= array.length) {
        return;
    }
    offset1 = max0(offset1);
    offset2 = max0(offset2);
    len = Math.min(Math.min(len, array.length - offset1), array.length - offset2);
    for (int i = 0; i < len; i++, offset1++, offset2++) {
        final float aux = array[offset1];
        array[offset1] = array[offset2];
        array[offset2] = aux;
    }
}, typeSolver=com.github.javaparser.symbolsolver.resolution.typesolvers.CombinedTypeSolver@7bf9b098}
In MethodDeclaration: Ambiguous method call: cannot find a most applicable method: JavaParserMethodDeclaration{wrappedNode=/**
 * Shuffles randomly the elements of the specified array using the <a href="https://en.wikipedia.org/wiki/Fisher%E2%80%93Yates_shuffle">Fisher-Yates shuffle
 * algorithm</a>.
 *
 * @param array  the array to shuffle
 * @param random the source of randomness used to permute the elements
 * @see <a href="https://en.wikipedia.org/wiki/Fisher%E2%80%93Yates_shuffle">Fisher-Yates shuffle algorithm</a>
 * @since 3.6
 */
public static void shuffle(final float[] array, final Random random) {
    for (int i = array.length; i > 1; i--) {
        swap(array, i - 1, random.nextInt(i), 1);
    }
}, typeSolver=com.github.javaparser.symbolsolver.resolution.typesolvers.CombinedTypeSolver@7bf9b098}, JavaParserMethodDeclaration{wrappedNode=/**
 * Shuffles randomly the elements of the specified array using the <a href="https://en.wikipedia.org/wiki/Fisher%E2%80%93Yates_shuffle">Fisher-Yates shuffle
 * algorithm</a>.
 *
 * @param array  the array to shuffle
 * @param random the source of randomness used to permute the elements
 * @see <a href="https://en.wikipedia.org/wiki/Fisher%E2%80%93Yates_shuffle">Fisher-Yates shuffle algorithm</a>
 * @since 3.6
 */
public static void shuffle(final long[] array, final Random random) {
    for (int i = array.length; i > 1; i--) {
        swap(array, i - 1, random.nextInt(i), 1);
    }
}, typeSolver=com.github.javaparser.symbolsolver.resolution.typesolvers.CombinedTypeSolver@7bf9b098}
In MethodDeclaration: Ambiguous method call: cannot find a most applicable method: JavaParserMethodDeclaration{wrappedNode=/**
 * Shuffles randomly the elements of the specified array using the <a href="https://en.wikipedia.org/wiki/Fisher%E2%80%93Yates_shuffle">Fisher-Yates shuffle
 * algorithm</a>.
 *
 * @param array  the array to shuffle
 * @param random the source of randomness used to permute the elements
 * @see <a href="https://en.wikipedia.org/wiki/Fisher%E2%80%93Yates_shuffle">Fisher-Yates shuffle algorithm</a>
 * @since 3.6
 */
public static void shuffle(final float[] array, final Random random) {
    for (int i = array.length; i > 1; i--) {
        swap(array, i - 1, random.nextInt(i), 1);
    }
}, typeSolver=com.github.javaparser.symbolsolver.resolution.typesolvers.CombinedTypeSolver@7bf9b098}, JavaParserMethodDeclaration{wrappedNode=/**
 * Shuffles randomly the elements of the specified array using the <a href="https://en.wikipedia.org/wiki/Fisher%E2%80%93Yates_shuffle">Fisher-Yates shuffle
 * algorithm</a>.
 *
 * @param array  the array to shuffle
 * @param random the source of randomness used to permute the elements
 * @see <a href="https://en.wikipedia.org/wiki/Fisher%E2%80%93Yates_shuffle">Fisher-Yates shuffle algorithm</a>
 * @since 3.6
 */
public static void shuffle(final int[] array, final Random random) {
    for (int i = array.length; i > 1; i--) {
        swap(array, i - 1, random.nextInt(i), 1);
    }
}, typeSolver=com.github.javaparser.symbolsolver.resolution.typesolvers.CombinedTypeSolver@7bf9b098}
In MethodDeclaration: Ambiguous method call: cannot find a most applicable method: JavaParserMethodDeclaration{wrappedNode=/**
 * Swaps a series of elements in the given array.
 *
 * <p>This method does nothing for a {@code null} or empty input array or
 * for overflow indices. Negative indices are promoted to 0(zero). If any
 * of the sub-arrays to swap falls outside of the given array, then the
 * swap is stopped at the end of the array and as many as possible elements
 * are swapped.</p>
 *
 * Examples:
 * <ul>
 *     <li>ArrayUtils.swap(["1", "2", "3", "4"], 0, 2, 1) -&gt; ["3", "2", "1", "4"]</li>
 *     <li>ArrayUtils.swap(["1", "2", "3", "4"], 0, 0, 1) -&gt; ["1", "2", "3", "4"]</li>
 *     <li>ArrayUtils.swap(["1", "2", "3", "4"], 2, 0, 2) -&gt; ["3", "4", "1", "2"]</li>
 *     <li>ArrayUtils.swap(["1", "2", "3", "4"], -3, 2, 2) -&gt; ["3", "4", "1", "2"]</li>
 *     <li>ArrayUtils.swap(["1", "2", "3", "4"], 0, 3, 3) -&gt; ["4", "2", "3", "1"]</li>
 * </ul>
 *
 * @param array the array to swap, may be {@code null}
 * @param offset1 the index of the first element in the series to swap
 * @param offset2 the index of the second element in the series to swap
 * @param len the number of elements to swap starting with the given indices
 * @since 3.5
 */
public static void swap(final Object[] array, int offset1, int offset2, int len) {
    if (isEmpty(array) || offset1 >= array.length || offset2 >= array.length) {
        return;
    }
    offset1 = max0(offset1);
    offset2 = max0(offset2);
    len = Math.min(Math.min(len, array.length - offset1), array.length - offset2);
    for (int i = 0; i < len; i++, offset1++, offset2++) {
        final Object aux = array[offset1];
        array[offset1] = array[offset2];
        array[offset2] = aux;
    }
}, typeSolver=com.github.javaparser.symbolsolver.resolution.typesolvers.CombinedTypeSolver@7bf9b098}, JavaParserMethodDeclaration{wrappedNode=/**
 * Swaps a series of elements in the given double array.
 *
 * <p>This method does nothing for a {@code null} or empty input array or
 * for overflow indices. Negative indices are promoted to 0(zero). If any
 * of the sub-arrays to swap falls outside of the given array, then the
 * swap is stopped at the end of the array and as many as possible elements
 * are swapped.</p>
 *
 * Examples:
 * <ul>
 *     <li>ArrayUtils.swap([1, 2, 3, 4], 0, 2, 1) -&gt; [3, 2, 1, 4]</li>
 *     <li>ArrayUtils.swap([1, 2, 3, 4], 0, 0, 1) -&gt; [1, 2, 3, 4]</li>
 *     <li>ArrayUtils.swap([1, 2, 3, 4], 2, 0, 2) -&gt; [3, 4, 1, 2]</li>
 *     <li>ArrayUtils.swap([1, 2, 3, 4], -3, 2, 2) -&gt; [3, 4, 1, 2]</li>
 *     <li>ArrayUtils.swap([1, 2, 3, 4], 0, 3, 3) -&gt; [4, 2, 3, 1]</li>
 * </ul>
 *
 * @param array the array to swap, may be {@code null}.
 * @param offset1 the index of the first element in the series to swap
 * @param offset2 the index of the second element in the series to swap
 * @param len the number of elements to swap starting with the given indices
 * @since 3.5
 */
public static void swap(final double[] array, int offset1, int offset2, int len) {
    if (isEmpty(array) || offset1 >= array.length || offset2 >= array.length) {
        return;
    }
    offset1 = max0(offset1);
    offset2 = max0(offset2);
    len = Math.min(Math.min(len, array.length - offset1), array.length - offset2);
    for (int i = 0; i < len; i++, offset1++, offset2++) {
        final double aux = array[offset1];
        array[offset1] = array[offset2];
        array[offset2] = aux;
    }
}, typeSolver=com.github.javaparser.symbolsolver.resolution.typesolvers.CombinedTypeSolver@7bf9b098}
In MethodDeclaration: Ambiguous method call: cannot find a most applicable method: JavaParserMethodDeclaration{wrappedNode=/**
 * A fluent version of {@link System#arraycopy(Object, int, Object, int, int)} that returns the destination array.
 *
 * @param <T>       the type.
 * @param source    the source array.
 * @param sourcePos starting position in the source array.
 * @param destPos   starting position in the destination data.
 * @param length    the number of array elements to be copied.
 * @param allocator allocates the array to populate and return.
 * @return dest
 * @throws IndexOutOfBoundsException if copying would cause access of data outside array bounds.
 * @throws ArrayStoreException       if an element in the {@code src} array could not be stored into the {@code dest} array because of a type
 *                                   mismatch.
 * @throws NullPointerException      if either {@code src} or {@code dest} is {@code null}.
 * @since 3.15.0
 */
public static <T> T arraycopy(final T source, final int sourcePos, final int destPos, final int length, final Supplier<T> allocator) {
    return arraycopy(source, sourcePos, allocator.get(), destPos, length);
}, typeSolver=com.github.javaparser.symbolsolver.resolution.typesolvers.CombinedTypeSolver@7bf9b098}, JavaParserMethodDeclaration{wrappedNode=/**
 * A fluent version of {@link System#arraycopy(Object, int, Object, int, int)} that returns the destination array.
 *
 * @param <T>       the type.
 * @param source    the source array.
 * @param sourcePos starting position in the source array.
 * @param destPos   starting position in the destination data.
 * @param length    the number of array elements to be copied.
 * @param allocator allocates the array to populate and return.
 * @return dest
 * @throws IndexOutOfBoundsException if copying would cause access of data outside array bounds.
 * @throws ArrayStoreException       if an element in the {@code src} array could not be stored into the {@code dest} array because of a type
 *                                   mismatch.
 * @throws NullPointerException      if either {@code src} or {@code dest} is {@code null}.
 * @since 3.15.0
 */
public static <T> T arraycopy(final T source, final int sourcePos, final int destPos, final int length, final Function<Integer, T> allocator) {
    return arraycopy(source, sourcePos, allocator.apply(length), destPos, length);
}, typeSolver=com.github.javaparser.symbolsolver.resolution.typesolvers.CombinedTypeSolver@7bf9b098}
In MethodDeclaration: Ambiguous method call: cannot find a most applicable method: JavaParserMethodDeclaration{wrappedNode=/**
 * A fluent version of {@link System#arraycopy(Object, int, Object, int, int)} that returns the destination array.
 *
 * @param <T>       the type.
 * @param source    the source array.
 * @param sourcePos starting position in the source array.
 * @param destPos   starting position in the destination data.
 * @param length    the number of array elements to be copied.
 * @param allocator allocates the array to populate and return.
 * @return dest
 * @throws IndexOutOfBoundsException if copying would cause access of data outside array bounds.
 * @throws ArrayStoreException       if an element in the {@code src} array could not be stored into the {@code dest} array because of a type
 *                                   mismatch.
 * @throws NullPointerException      if either {@code src} or {@code dest} is {@code null}.
 * @since 3.15.0
 */
public static <T> T arraycopy(final T source, final int sourcePos, final int destPos, final int length, final Function<Integer, T> allocator) {
    return arraycopy(source, sourcePos, allocator.apply(length), destPos, length);
}, typeSolver=com.github.javaparser.symbolsolver.resolution.typesolvers.CombinedTypeSolver@7bf9b098}, JavaParserMethodDeclaration{wrappedNode=/**
 * A fluent version of {@link System#arraycopy(Object, int, Object, int, int)} that returns the destination array.
 *
 * @param <T>       the type.
 * @param source    the source array.
 * @param sourcePos starting position in the source array.
 * @param destPos   starting position in the destination data.
 * @param length    the number of array elements to be copied.
 * @param allocator allocates the array to populate and return.
 * @return dest
 * @throws IndexOutOfBoundsException if copying would cause access of data outside array bounds.
 * @throws ArrayStoreException       if an element in the {@code src} array could not be stored into the {@code dest} array because of a type
 *                                   mismatch.
 * @throws NullPointerException      if either {@code src} or {@code dest} is {@code null}.
 * @since 3.15.0
 */
public static <T> T arraycopy(final T source, final int sourcePos, final int destPos, final int length, final Supplier<T> allocator) {
    return arraycopy(source, sourcePos, allocator.get(), destPos, length);
}, typeSolver=com.github.javaparser.symbolsolver.resolution.typesolvers.CombinedTypeSolver@7bf9b098}
In MethodDeclaration: Ambiguous method call: cannot find a most applicable method: JavaParserMethodDeclaration{wrappedNode=/**
 * A fluent version of {@link System#arraycopy(Object, int, Object, int, int)} that returns the destination array.
 *
 * @param <T>       the type.
 * @param source    the source array.
 * @param sourcePos starting position in the source array.
 * @param destPos   starting position in the destination data.
 * @param length    the number of array elements to be copied.
 * @param allocator allocates the array to populate and return.
 * @return dest
 * @throws IndexOutOfBoundsException if copying would cause access of data outside array bounds.
 * @throws ArrayStoreException       if an element in the {@code src} array could not be stored into the {@code dest} array because of a type
 *                                   mismatch.
 * @throws NullPointerException      if either {@code src} or {@code dest} is {@code null}.
 * @since 3.15.0
 */
public static <T> T arraycopy(final T source, final int sourcePos, final int destPos, final int length, final Function<Integer, T> allocator) {
    return arraycopy(source, sourcePos, allocator.apply(length), destPos, length);
}, typeSolver=com.github.javaparser.symbolsolver.resolution.typesolvers.CombinedTypeSolver@7bf9b098}, JavaParserMethodDeclaration{wrappedNode=/**
 * A fluent version of {@link System#arraycopy(Object, int, Object, int, int)} that returns the destination array.
 *
 * @param <T>       the type.
 * @param source    the source array.
 * @param sourcePos starting position in the source array.
 * @param destPos   starting position in the destination data.
 * @param length    the number of array elements to be copied.
 * @param allocator allocates the array to populate and return.
 * @return dest
 * @throws IndexOutOfBoundsException if copying would cause access of data outside array bounds.
 * @throws ArrayStoreException       if an element in the {@code src} array could not be stored into the {@code dest} array because of a type
 *                                   mismatch.
 * @throws NullPointerException      if either {@code src} or {@code dest} is {@code null}.
 * @since 3.15.0
 */
public static <T> T arraycopy(final T source, final int sourcePos, final int destPos, final int length, final Supplier<T> allocator) {
    return arraycopy(source, sourcePos, allocator.get(), destPos, length);
}, typeSolver=com.github.javaparser.symbolsolver.resolution.typesolvers.CombinedTypeSolver@7bf9b098}
In MethodDeclaration: Ambiguous method call: cannot find a most applicable method: JavaParserMethodDeclaration{wrappedNode=/**
 * A fluent version of {@link System#arraycopy(Object, int, Object, int, int)} that returns the destination array.
 *
 * @param <T>       the type.
 * @param source    the source array.
 * @param sourcePos starting position in the source array.
 * @param destPos   starting position in the destination data.
 * @param length    the number of array elements to be copied.
 * @param allocator allocates the array to populate and return.
 * @return dest
 * @throws IndexOutOfBoundsException if copying would cause access of data outside array bounds.
 * @throws ArrayStoreException       if an element in the {@code src} array could not be stored into the {@code dest} array because of a type
 *                                   mismatch.
 * @throws NullPointerException      if either {@code src} or {@code dest} is {@code null}.
 * @since 3.15.0
 */
public static <T> T arraycopy(final T source, final int sourcePos, final int destPos, final int length, final Supplier<T> allocator) {
    return arraycopy(source, sourcePos, allocator.get(), destPos, length);
}, typeSolver=com.github.javaparser.symbolsolver.resolution.typesolvers.CombinedTypeSolver@7bf9b098}, JavaParserMethodDeclaration{wrappedNode=/**
 * A fluent version of {@link System#arraycopy(Object, int, Object, int, int)} that returns the destination array.
 *
 * @param <T>       the type.
 * @param source    the source array.
 * @param sourcePos starting position in the source array.
 * @param destPos   starting position in the destination data.
 * @param length    the number of array elements to be copied.
 * @param allocator allocates the array to populate and return.
 * @return dest
 * @throws IndexOutOfBoundsException if copying would cause access of data outside array bounds.
 * @throws ArrayStoreException       if an element in the {@code src} array could not be stored into the {@code dest} array because of a type
 *                                   mismatch.
 * @throws NullPointerException      if either {@code src} or {@code dest} is {@code null}.
 * @since 3.15.0
 */
public static <T> T arraycopy(final T source, final int sourcePos, final int destPos, final int length, final Function<Integer, T> allocator) {
    return arraycopy(source, sourcePos, allocator.apply(length), destPos, length);
}, typeSolver=com.github.javaparser.symbolsolver.resolution.typesolvers.CombinedTypeSolver@7bf9b098}
In MethodDeclaration: Ambiguous method call: cannot find a most applicable method: JavaParserMethodDeclaration{wrappedNode=/**
 * A fluent version of {@link System#arraycopy(Object, int, Object, int, int)} that returns the destination array.
 *
 * @param <T>       the type.
 * @param source    the source array.
 * @param sourcePos starting position in the source array.
 * @param destPos   starting position in the destination data.
 * @param length    the number of array elements to be copied.
 * @param allocator allocates the array to populate and return.
 * @return dest
 * @throws IndexOutOfBoundsException if copying would cause access of data outside array bounds.
 * @throws ArrayStoreException       if an element in the {@code src} array could not be stored into the {@code dest} array because of a type
 *                                   mismatch.
 * @throws NullPointerException      if either {@code src} or {@code dest} is {@code null}.
 * @since 3.15.0
 */
public static <T> T arraycopy(final T source, final int sourcePos, final int destPos, final int length, final Supplier<T> allocator) {
    return arraycopy(source, sourcePos, allocator.get(), destPos, length);
}, typeSolver=com.github.javaparser.symbolsolver.resolution.typesolvers.CombinedTypeSolver@7bf9b098}, JavaParserMethodDeclaration{wrappedNode=/**
 * A fluent version of {@link System#arraycopy(Object, int, Object, int, int)} that returns the destination array.
 *
 * @param <T>       the type.
 * @param source    the source array.
 * @param sourcePos starting position in the source array.
 * @param destPos   starting position in the destination data.
 * @param length    the number of array elements to be copied.
 * @param allocator allocates the array to populate and return.
 * @return dest
 * @throws IndexOutOfBoundsException if copying would cause access of data outside array bounds.
 * @throws ArrayStoreException       if an element in the {@code src} array could not be stored into the {@code dest} array because of a type
 *                                   mismatch.
 * @throws NullPointerException      if either {@code src} or {@code dest} is {@code null}.
 * @since 3.15.0
 */
public static <T> T arraycopy(final T source, final int sourcePos, final int destPos, final int length, final Function<Integer, T> allocator) {
    return arraycopy(source, sourcePos, allocator.apply(length), destPos, length);
}, typeSolver=com.github.javaparser.symbolsolver.resolution.typesolvers.CombinedTypeSolver@7bf9b098}
In MethodDeclaration: Ambiguous method call: cannot find a most applicable method: JavaParserMethodDeclaration{wrappedNode=/**
 * A fluent version of {@link System#arraycopy(Object, int, Object, int, int)} that returns the destination array.
 *
 * @param <T>       the type.
 * @param source    the source array.
 * @param sourcePos starting position in the source array.
 * @param destPos   starting position in the destination data.
 * @param length    the number of array elements to be copied.
 * @param allocator allocates the array to populate and return.
 * @return dest
 * @throws IndexOutOfBoundsException if copying would cause access of data outside array bounds.
 * @throws ArrayStoreException       if an element in the {@code src} array could not be stored into the {@code dest} array because of a type
 *                                   mismatch.
 * @throws NullPointerException      if either {@code src} or {@code dest} is {@code null}.
 * @since 3.15.0
 */
public static <T> T arraycopy(final T source, final int sourcePos, final int destPos, final int length, final Function<Integer, T> allocator) {
    return arraycopy(source, sourcePos, allocator.apply(length), destPos, length);
}, typeSolver=com.github.javaparser.symbolsolver.resolution.typesolvers.CombinedTypeSolver@7bf9b098}, JavaParserMethodDeclaration{wrappedNode=/**
 * A fluent version of {@link System#arraycopy(Object, int, Object, int, int)} that returns the destination array.
 *
 * @param <T>       the type.
 * @param source    the source array.
 * @param sourcePos starting position in the source array.
 * @param destPos   starting position in the destination data.
 * @param length    the number of array elements to be copied.
 * @param allocator allocates the array to populate and return.
 * @return dest
 * @throws IndexOutOfBoundsException if copying would cause access of data outside array bounds.
 * @throws ArrayStoreException       if an element in the {@code src} array could not be stored into the {@code dest} array because of a type
 *                                   mismatch.
 * @throws NullPointerException      if either {@code src} or {@code dest} is {@code null}.
 * @since 3.15.0
 */
public static <T> T arraycopy(final T source, final int sourcePos, final int destPos, final int length, final Supplier<T> allocator) {
    return arraycopy(source, sourcePos, allocator.get(), destPos, length);
}, typeSolver=com.github.javaparser.symbolsolver.resolution.typesolvers.CombinedTypeSolver@7bf9b098}
In MethodDeclaration: Ambiguous method call: cannot find a most applicable method: JavaParserMethodDeclaration{wrappedNode=/**
 * A fluent version of {@link System#arraycopy(Object, int, Object, int, int)} that returns the destination array.
 *
 * @param <T>       the type.
 * @param source    the source array.
 * @param sourcePos starting position in the source array.
 * @param destPos   starting position in the destination data.
 * @param length    the number of array elements to be copied.
 * @param allocator allocates the array to populate and return.
 * @return dest
 * @throws IndexOutOfBoundsException if copying would cause access of data outside array bounds.
 * @throws ArrayStoreException       if an element in the {@code src} array could not be stored into the {@code dest} array because of a type
 *                                   mismatch.
 * @throws NullPointerException      if either {@code src} or {@code dest} is {@code null}.
 * @since 3.15.0
 */
public static <T> T arraycopy(final T source, final int sourcePos, final int destPos, final int length, final Function<Integer, T> allocator) {
    return arraycopy(source, sourcePos, allocator.apply(length), destPos, length);
}, typeSolver=com.github.javaparser.symbolsolver.resolution.typesolvers.CombinedTypeSolver@7bf9b098}, JavaParserMethodDeclaration{wrappedNode=/**
 * A fluent version of {@link System#arraycopy(Object, int, Object, int, int)} that returns the destination array.
 *
 * @param <T>       the type.
 * @param source    the source array.
 * @param sourcePos starting position in the source array.
 * @param destPos   starting position in the destination data.
 * @param length    the number of array elements to be copied.
 * @param allocator allocates the array to populate and return.
 * @return dest
 * @throws IndexOutOfBoundsException if copying would cause access of data outside array bounds.
 * @throws ArrayStoreException       if an element in the {@code src} array could not be stored into the {@code dest} array because of a type
 *                                   mismatch.
 * @throws NullPointerException      if either {@code src} or {@code dest} is {@code null}.
 * @since 3.15.0
 */
public static <T> T arraycopy(final T source, final int sourcePos, final int destPos, final int length, final Supplier<T> allocator) {
    return arraycopy(source, sourcePos, allocator.get(), destPos, length);
}, typeSolver=com.github.javaparser.symbolsolver.resolution.typesolvers.CombinedTypeSolver@7bf9b098}
In MethodDeclaration: Ambiguous method call: cannot find a most applicable method: JavaParserMethodDeclaration{wrappedNode=/**
 * A fluent version of {@link System#arraycopy(Object, int, Object, int, int)} that returns the destination array.
 *
 * @param <T>       the type.
 * @param source    the source array.
 * @param sourcePos starting position in the source array.
 * @param destPos   starting position in the destination data.
 * @param length    the number of array elements to be copied.
 * @param allocator allocates the array to populate and return.
 * @return dest
 * @throws IndexOutOfBoundsException if copying would cause access of data outside array bounds.
 * @throws ArrayStoreException       if an element in the {@code src} array could not be stored into the {@code dest} array because of a type
 *                                   mismatch.
 * @throws NullPointerException      if either {@code src} or {@code dest} is {@code null}.
 * @since 3.15.0
 */
public static <T> T arraycopy(final T source, final int sourcePos, final int destPos, final int length, final Function<Integer, T> allocator) {
    return arraycopy(source, sourcePos, allocator.apply(length), destPos, length);
}, typeSolver=com.github.javaparser.symbolsolver.resolution.typesolvers.CombinedTypeSolver@7bf9b098}, JavaParserMethodDeclaration{wrappedNode=/**
 * A fluent version of {@link System#arraycopy(Object, int, Object, int, int)} that returns the destination array.
 *
 * @param <T>       the type.
 * @param source    the source array.
 * @param sourcePos starting position in the source array.
 * @param destPos   starting position in the destination data.
 * @param length    the number of array elements to be copied.
 * @param allocator allocates the array to populate and return.
 * @return dest
 * @throws IndexOutOfBoundsException if copying would cause access of data outside array bounds.
 * @throws ArrayStoreException       if an element in the {@code src} array could not be stored into the {@code dest} array because of a type
 *                                   mismatch.
 * @throws NullPointerException      if either {@code src} or {@code dest} is {@code null}.
 * @since 3.15.0
 */
public static <T> T arraycopy(final T source, final int sourcePos, final int destPos, final int length, final Supplier<T> allocator) {
    return arraycopy(source, sourcePos, allocator.get(), destPos, length);
}, typeSolver=com.github.javaparser.symbolsolver.resolution.typesolvers.CombinedTypeSolver@7bf9b098}
In MethodDeclaration: Ambiguous method call: cannot find a most applicable method: JavaParserMethodDeclaration{wrappedNode=/**
 * Swaps a series of elements in the given array.
 *
 * <p>This method does nothing for a {@code null} or empty input array or
 * for overflow indices. Negative indices are promoted to 0(zero). If any
 * of the sub-arrays to swap falls outside of the given array, then the
 * swap is stopped at the end of the array and as many as possible elements
 * are swapped.</p>
 *
 * Examples:
 * <ul>
 *     <li>ArrayUtils.swap(["1", "2", "3", "4"], 0, 2, 1) -&gt; ["3", "2", "1", "4"]</li>
 *     <li>ArrayUtils.swap(["1", "2", "3", "4"], 0, 0, 1) -&gt; ["1", "2", "3", "4"]</li>
 *     <li>ArrayUtils.swap(["1", "2", "3", "4"], 2, 0, 2) -&gt; ["3", "4", "1", "2"]</li>
 *     <li>ArrayUtils.swap(["1", "2", "3", "4"], -3, 2, 2) -&gt; ["3", "4", "1", "2"]</li>
 *     <li>ArrayUtils.swap(["1", "2", "3", "4"], 0, 3, 3) -&gt; ["4", "2", "3", "1"]</li>
 * </ul>
 *
 * @param array the array to swap, may be {@code null}
 * @param offset1 the index of the first element in the series to swap
 * @param offset2 the index of the second element in the series to swap
 * @param len the number of elements to swap starting with the given indices
 * @since 3.5
 */
public static void swap(final Object[] array, int offset1, int offset2, int len) {
    if (isEmpty(array) || offset1 >= array.length || offset2 >= array.length) {
        return;
    }
    offset1 = max0(offset1);
    offset2 = max0(offset2);
    len = Math.min(Math.min(len, array.length - offset1), array.length - offset2);
    for (int i = 0; i < len; i++, offset1++, offset2++) {
        final Object aux = array[offset1];
        array[offset1] = array[offset2];
        array[offset2] = aux;
    }
}, typeSolver=com.github.javaparser.symbolsolver.resolution.typesolvers.CombinedTypeSolver@7bf9b098}, JavaParserMethodDeclaration{wrappedNode=/**
 * Swaps a series of elements in the given short array.
 *
 * <p>This method does nothing for a {@code null} or empty input array or
 * for overflow indices. Negative indices are promoted to 0(zero). If any
 * of the sub-arrays to swap falls outside of the given array, then the
 * swap is stopped at the end of the array and as many as possible elements
 * are swapped.</p>
 *
 * Examples:
 * <ul>
 *     <li>ArrayUtils.swap([1, 2, 3, 4], 0, 2, 1) -&gt; [3, 2, 1, 4]</li>
 *     <li>ArrayUtils.swap([1, 2, 3, 4], 0, 0, 1) -&gt; [1, 2, 3, 4]</li>
 *     <li>ArrayUtils.swap([1, 2, 3, 4], 2, 0, 2) -&gt; [3, 4, 1, 2]</li>
 *     <li>ArrayUtils.swap([1, 2, 3, 4], -3, 2, 2) -&gt; [3, 4, 1, 2]</li>
 *     <li>ArrayUtils.swap([1, 2, 3, 4], 0, 3, 3) -&gt; [4, 2, 3, 1]</li>
 * </ul>
 *
 * @param array the array to swap, may be {@code null}
 * @param offset1 the index of the first element in the series to swap
 * @param offset2 the index of the second element in the series to swap
 * @param len the number of elements to swap starting with the given indices
 * @since 3.5
 */
public static void swap(final short[] array, int offset1, int offset2, int len) {
    if (isEmpty(array) || offset1 >= array.length || offset2 >= array.length) {
        return;
    }
    offset1 = max0(offset1);
    offset2 = max0(offset2);
    if (offset1 == offset2) {
        return;
    }
    len = Math.min(Math.min(len, array.length - offset1), array.length - offset2);
    for (int i = 0; i < len; i++, offset1++, offset2++) {
        final short aux = array[offset1];
        array[offset1] = array[offset2];
        array[offset2] = aux;
    }
}, typeSolver=com.github.javaparser.symbolsolver.resolution.typesolvers.CombinedTypeSolver@7bf9b098}
In MethodDeclaration: Ambiguous method call: cannot find a most applicable method: JavaParserMethodDeclaration{wrappedNode=/**
 * Tests whether an array of primitive shorts is empty or {@code null}.
 *
 * @param array  the array to test
 * @return {@code true} if the array is empty or {@code null}
 * @since 2.1
 */
public static boolean isEmpty(final short[] array) {
    return isArrayEmpty(array);
}, typeSolver=com.github.javaparser.symbolsolver.resolution.typesolvers.CombinedTypeSolver@7bf9b098}, JavaParserMethodDeclaration{wrappedNode=/**
 * Tests whether an array of primitive doubles is empty or {@code null}.
 *
 * @param array  the array to test
 * @return {@code true} if the array is empty or {@code null}
 * @since 2.1
 */
public static boolean isEmpty(final double[] array) {
    return isArrayEmpty(array);
}, typeSolver=com.github.javaparser.symbolsolver.resolution.typesolvers.CombinedTypeSolver@7bf9b098}
In MethodDeclaration: Ambiguous method call: cannot find a most applicable method: JavaParserMethodDeclaration{wrappedNode=/**
 * Swaps a series of elements in the given double array.
 *
 * <p>This method does nothing for a {@code null} or empty input array or
 * for overflow indices. Negative indices are promoted to 0(zero). If any
 * of the sub-arrays to swap falls outside of the given array, then the
 * swap is stopped at the end of the array and as many as possible elements
 * are swapped.</p>
 *
 * Examples:
 * <ul>
 *     <li>ArrayUtils.swap([1, 2, 3, 4], 0, 2, 1) -&gt; [3, 2, 1, 4]</li>
 *     <li>ArrayUtils.swap([1, 2, 3, 4], 0, 0, 1) -&gt; [1, 2, 3, 4]</li>
 *     <li>ArrayUtils.swap([1, 2, 3, 4], 2, 0, 2) -&gt; [3, 4, 1, 2]</li>
 *     <li>ArrayUtils.swap([1, 2, 3, 4], -3, 2, 2) -&gt; [3, 4, 1, 2]</li>
 *     <li>ArrayUtils.swap([1, 2, 3, 4], 0, 3, 3) -&gt; [4, 2, 3, 1]</li>
 * </ul>
 *
 * @param array the array to swap, may be {@code null}.
 * @param offset1 the index of the first element in the series to swap
 * @param offset2 the index of the second element in the series to swap
 * @param len the number of elements to swap starting with the given indices
 * @since 3.5
 */
public static void swap(final double[] array, int offset1, int offset2, int len) {
    if (isEmpty(array) || offset1 >= array.length || offset2 >= array.length) {
        return;
    }
    offset1 = max0(offset1);
    offset2 = max0(offset2);
    len = Math.min(Math.min(len, array.length - offset1), array.length - offset2);
    for (int i = 0; i < len; i++, offset1++, offset2++) {
        final double aux = array[offset1];
        array[offset1] = array[offset2];
        array[offset2] = aux;
    }
}, typeSolver=com.github.javaparser.symbolsolver.resolution.typesolvers.CombinedTypeSolver@7bf9b098}, JavaParserMethodDeclaration{wrappedNode=/**
 * Swaps a series of elements in the given array.
 *
 * <p>This method does nothing for a {@code null} or empty input array or
 * for overflow indices. Negative indices are promoted to 0(zero). If any
 * of the sub-arrays to swap falls outside of the given array, then the
 * swap is stopped at the end of the array and as many as possible elements
 * are swapped.</p>
 *
 * Examples:
 * <ul>
 *     <li>ArrayUtils.swap(["1", "2", "3", "4"], 0, 2, 1) -&gt; ["3", "2", "1", "4"]</li>
 *     <li>ArrayUtils.swap(["1", "2", "3", "4"], 0, 0, 1) -&gt; ["1", "2", "3", "4"]</li>
 *     <li>ArrayUtils.swap(["1", "2", "3", "4"], 2, 0, 2) -&gt; ["3", "4", "1", "2"]</li>
 *     <li>ArrayUtils.swap(["1", "2", "3", "4"], -3, 2, 2) -&gt; ["3", "4", "1", "2"]</li>
 *     <li>ArrayUtils.swap(["1", "2", "3", "4"], 0, 3, 3) -&gt; ["4", "2", "3", "1"]</li>
 * </ul>
 *
 * @param array the array to swap, may be {@code null}
 * @param offset1 the index of the first element in the series to swap
 * @param offset2 the index of the second element in the series to swap
 * @param len the number of elements to swap starting with the given indices
 * @since 3.5
 */
public static void swap(final Object[] array, int offset1, int offset2, int len) {
    if (isEmpty(array) || offset1 >= array.length || offset2 >= array.length) {
        return;
    }
    offset1 = max0(offset1);
    offset2 = max0(offset2);
    len = Math.min(Math.min(len, array.length - offset1), array.length - offset2);
    for (int i = 0; i < len; i++, offset1++, offset2++) {
        final Object aux = array[offset1];
        array[offset1] = array[offset2];
        array[offset2] = aux;
    }
}, typeSolver=com.github.javaparser.symbolsolver.resolution.typesolvers.CombinedTypeSolver@7bf9b098}
In MethodDeclaration: Ambiguous method call: cannot find a most applicable method: JavaParserMethodDeclaration{wrappedNode=/**
 * Tests whether an array of Objects is empty or {@code null}.
 *
 * @param array  the array to test
 * @return {@code true} if the array is empty or {@code null}
 * @since 2.1
 */
public static boolean isEmpty(final Object[] array) {
    return isArrayEmpty(array);
}, typeSolver=com.github.javaparser.symbolsolver.resolution.typesolvers.CombinedTypeSolver@7bf9b098}, JavaParserMethodDeclaration{wrappedNode=/**
 * Tests whether an array of primitive longs is empty or {@code null}.
 *
 * @param array  the array to test
 * @return {@code true} if the array is empty or {@code null}
 * @since 2.1
 */
public static boolean isEmpty(final long[] array) {
    return isArrayEmpty(array);
}, typeSolver=com.github.javaparser.symbolsolver.resolution.typesolvers.CombinedTypeSolver@7bf9b098}
In MethodDeclaration: Ambiguous method call: cannot find a most applicable method: JavaParserMethodDeclaration{wrappedNode=/**
 * Swaps a series of elements in the given array.
 *
 * <p>This method does nothing for a {@code null} or empty input array or
 * for overflow indices. Negative indices are promoted to 0(zero). If any
 * of the sub-arrays to swap falls outside of the given array, then the
 * swap is stopped at the end of the array and as many as possible elements
 * are swapped.</p>
 *
 * Examples:
 * <ul>
 *     <li>ArrayUtils.swap(["1", "2", "3", "4"], 0, 2, 1) -&gt; ["3", "2", "1", "4"]</li>
 *     <li>ArrayUtils.swap(["1", "2", "3", "4"], 0, 0, 1) -&gt; ["1", "2", "3", "4"]</li>
 *     <li>ArrayUtils.swap(["1", "2", "3", "4"], 2, 0, 2) -&gt; ["3", "4", "1", "2"]</li>
 *     <li>ArrayUtils.swap(["1", "2", "3", "4"], -3, 2, 2) -&gt; ["3", "4", "1", "2"]</li>
 *     <li>ArrayUtils.swap(["1", "2", "3", "4"], 0, 3, 3) -&gt; ["4", "2", "3", "1"]</li>
 * </ul>
 *
 * @param array the array to swap, may be {@code null}
 * @param offset1 the index of the first element in the series to swap
 * @param offset2 the index of the second element in the series to swap
 * @param len the number of elements to swap starting with the given indices
 * @since 3.5
 */
public static void swap(final Object[] array, int offset1, int offset2, int len) {
    if (isEmpty(array) || offset1 >= array.length || offset2 >= array.length) {
        return;
    }
    offset1 = max0(offset1);
    offset2 = max0(offset2);
    len = Math.min(Math.min(len, array.length - offset1), array.length - offset2);
    for (int i = 0; i < len; i++, offset1++, offset2++) {
        final Object aux = array[offset1];
        array[offset1] = array[offset2];
        array[offset2] = aux;
    }
}, typeSolver=com.github.javaparser.symbolsolver.resolution.typesolvers.CombinedTypeSolver@7bf9b098}, JavaParserMethodDeclaration{wrappedNode=/**
 * Swaps a series of elements in the given long array.
 *
 * <p>This method does nothing for a {@code null} or empty input array or
 * for overflow indices. Negative indices are promoted to 0(zero). If any
 * of the sub-arrays to swap falls outside of the given array, then the
 * swap is stopped at the end of the array and as many as possible elements
 * are swapped.</p>
 *
 * Examples:
 * <ul>
 *     <li>ArrayUtils.swap([1, 2, 3, 4], 0, 2, 1) -&gt; [3, 2, 1, 4]</li>
 *     <li>ArrayUtils.swap([1, 2, 3, 4], 0, 0, 1) -&gt; [1, 2, 3, 4]</li>
 *     <li>ArrayUtils.swap([1, 2, 3, 4], 2, 0, 2) -&gt; [3, 4, 1, 2]</li>
 *     <li>ArrayUtils.swap([1, 2, 3, 4], -3, 2, 2) -&gt; [3, 4, 1, 2]</li>
 *     <li>ArrayUtils.swap([1, 2, 3, 4], 0, 3, 3) -&gt; [4, 2, 3, 1]</li>
 * </ul>
 *
 * @param array the array to swap, may be {@code null}
 * @param offset1 the index of the first element in the series to swap
 * @param offset2 the index of the second element in the series to swap
 * @param len the number of elements to swap starting with the given indices
 * @since 3.5
 */
public static void swap(final long[] array, int offset1, int offset2, int len) {
    if (isEmpty(array) || offset1 >= array.length || offset2 >= array.length) {
        return;
    }
    offset1 = max0(offset1);
    offset2 = max0(offset2);
    len = Math.min(Math.min(len, array.length - offset1), array.length - offset2);
    for (int i = 0; i < len; i++, offset1++, offset2++) {
        final long aux = array[offset1];
        array[offset1] = array[offset2];
        array[offset2] = aux;
    }
}, typeSolver=com.github.javaparser.symbolsolver.resolution.typesolvers.CombinedTypeSolver@7bf9b098}
In MethodDeclaration: Ambiguous method call: cannot find a most applicable method: JavaParserMethodDeclaration{wrappedNode=/**
 * Swaps a series of elements in the given double array.
 *
 * <p>This method does nothing for a {@code null} or empty input array or
 * for overflow indices. Negative indices are promoted to 0(zero). If any
 * of the sub-arrays to swap falls outside of the given array, then the
 * swap is stopped at the end of the array and as many as possible elements
 * are swapped.</p>
 *
 * Examples:
 * <ul>
 *     <li>ArrayUtils.swap([1, 2, 3, 4], 0, 2, 1) -&gt; [3, 2, 1, 4]</li>
 *     <li>ArrayUtils.swap([1, 2, 3, 4], 0, 0, 1) -&gt; [1, 2, 3, 4]</li>
 *     <li>ArrayUtils.swap([1, 2, 3, 4], 2, 0, 2) -&gt; [3, 4, 1, 2]</li>
 *     <li>ArrayUtils.swap([1, 2, 3, 4], -3, 2, 2) -&gt; [3, 4, 1, 2]</li>
 *     <li>ArrayUtils.swap([1, 2, 3, 4], 0, 3, 3) -&gt; [4, 2, 3, 1]</li>
 * </ul>
 *
 * @param array the array to swap, may be {@code null}.
 * @param offset1 the index of the first element in the series to swap
 * @param offset2 the index of the second element in the series to swap
 * @param len the number of elements to swap starting with the given indices
 * @since 3.5
 */
public static void swap(final double[] array, int offset1, int offset2, int len) {
    if (isEmpty(array) || offset1 >= array.length || offset2 >= array.length) {
        return;
    }
    offset1 = max0(offset1);
    offset2 = max0(offset2);
    len = Math.min(Math.min(len, array.length - offset1), array.length - offset2);
    for (int i = 0; i < len; i++, offset1++, offset2++) {
        final double aux = array[offset1];
        array[offset1] = array[offset2];
        array[offset2] = aux;
    }
}, typeSolver=com.github.javaparser.symbolsolver.resolution.typesolvers.CombinedTypeSolver@7bf9b098}, JavaParserMethodDeclaration{wrappedNode=/**
 * Swaps a series of elements in the given float array.
 *
 * <p>This method does nothing for a {@code null} or empty input array or
 * for overflow indices. Negative indices are promoted to 0(zero). If any
 * of the sub-arrays to swap falls outside of the given array, then the
 * swap is stopped at the end of the array and as many as possible elements
 * are swapped.</p>
 *
 * Examples:
 * <ul>
 *     <li>ArrayUtils.swap([1, 2, 3, 4], 0, 2, 1) -&gt; [3, 2, 1, 4]</li>
 *     <li>ArrayUtils.swap([1, 2, 3, 4], 0, 0, 1) -&gt; [1, 2, 3, 4]</li>
 *     <li>ArrayUtils.swap([1, 2, 3, 4], 2, 0, 2) -&gt; [3, 4, 1, 2]</li>
 *     <li>ArrayUtils.swap([1, 2, 3, 4], -3, 2, 2) -&gt; [3, 4, 1, 2]</li>
 *     <li>ArrayUtils.swap([1, 2, 3, 4], 0, 3, 3) -&gt; [4, 2, 3, 1]</li>
 * </ul>
 *
 * @param array the array to swap, may be {@code null}.
 * @param offset1 the index of the first element in the series to swap
 * @param offset2 the index of the second element in the series to swap
 * @param len the number of elements to swap starting with the given indices
 * @since 3.5
 */
public static void swap(final float[] array, int offset1, int offset2, int len) {
    if (isEmpty(array) || offset1 >= array.length || offset2 >= array.length) {
        return;
    }
    offset1 = max0(offset1);
    offset2 = max0(offset2);
    len = Math.min(Math.min(len, array.length - offset1), array.length - offset2);
    for (int i = 0; i < len; i++, offset1++, offset2++) {
        final float aux = array[offset1];
        array[offset1] = array[offset2];
        array[offset2] = aux;
    }
}, typeSolver=com.github.javaparser.symbolsolver.resolution.typesolvers.CombinedTypeSolver@7bf9b098}
In MethodDeclaration: Ambiguous method call: cannot find a most applicable method: JavaParserMethodDeclaration{wrappedNode=/**
 * Swaps a series of elements in the given array.
 *
 * <p>This method does nothing for a {@code null} or empty input array or
 * for overflow indices. Negative indices are promoted to 0(zero). If any
 * of the sub-arrays to swap falls outside of the given array, then the
 * swap is stopped at the end of the array and as many as possible elements
 * are swapped.</p>
 *
 * Examples:
 * <ul>
 *     <li>ArrayUtils.swap(["1", "2", "3", "4"], 0, 2, 1) -&gt; ["3", "2", "1", "4"]</li>
 *     <li>ArrayUtils.swap(["1", "2", "3", "4"], 0, 0, 1) -&gt; ["1", "2", "3", "4"]</li>
 *     <li>ArrayUtils.swap(["1", "2", "3", "4"], 2, 0, 2) -&gt; ["3", "4", "1", "2"]</li>
 *     <li>ArrayUtils.swap(["1", "2", "3", "4"], -3, 2, 2) -&gt; ["3", "4", "1", "2"]</li>
 *     <li>ArrayUtils.swap(["1", "2", "3", "4"], 0, 3, 3) -&gt; ["4", "2", "3", "1"]</li>
 * </ul>
 *
 * @param array the array to swap, may be {@code null}
 * @param offset1 the index of the first element in the series to swap
 * @param offset2 the index of the second element in the series to swap
 * @param len the number of elements to swap starting with the given indices
 * @since 3.5
 */
public static void swap(final Object[] array, int offset1, int offset2, int len) {
    if (isEmpty(array) || offset1 >= array.length || offset2 >= array.length) {
        return;
    }
    offset1 = max0(offset1);
    offset2 = max0(offset2);
    len = Math.min(Math.min(len, array.length - offset1), array.length - offset2);
    for (int i = 0; i < len; i++, offset1++, offset2++) {
        final Object aux = array[offset1];
        array[offset1] = array[offset2];
        array[offset2] = aux;
    }
}, typeSolver=com.github.javaparser.symbolsolver.resolution.typesolvers.CombinedTypeSolver@7bf9b098}, JavaParserMethodDeclaration{wrappedNode=/**
 * Swaps a series of elements in the given double array.
 *
 * <p>This method does nothing for a {@code null} or empty input array or
 * for overflow indices. Negative indices are promoted to 0(zero). If any
 * of the sub-arrays to swap falls outside of the given array, then the
 * swap is stopped at the end of the array and as many as possible elements
 * are swapped.</p>
 *
 * Examples:
 * <ul>
 *     <li>ArrayUtils.swap([1, 2, 3, 4], 0, 2, 1) -&gt; [3, 2, 1, 4]</li>
 *     <li>ArrayUtils.swap([1, 2, 3, 4], 0, 0, 1) -&gt; [1, 2, 3, 4]</li>
 *     <li>ArrayUtils.swap([1, 2, 3, 4], 2, 0, 2) -&gt; [3, 4, 1, 2]</li>
 *     <li>ArrayUtils.swap([1, 2, 3, 4], -3, 2, 2) -&gt; [3, 4, 1, 2]</li>
 *     <li>ArrayUtils.swap([1, 2, 3, 4], 0, 3, 3) -&gt; [4, 2, 3, 1]</li>
 * </ul>
 *
 * @param array the array to swap, may be {@code null}.
 * @param offset1 the index of the first element in the series to swap
 * @param offset2 the index of the second element in the series to swap
 * @param len the number of elements to swap starting with the given indices
 * @since 3.5
 */
public static void swap(final double[] array, int offset1, int offset2, int len) {
    if (isEmpty(array) || offset1 >= array.length || offset2 >= array.length) {
        return;
    }
    offset1 = max0(offset1);
    offset2 = max0(offset2);
    len = Math.min(Math.min(len, array.length - offset1), array.length - offset2);
    for (int i = 0; i < len; i++, offset1++, offset2++) {
        final double aux = array[offset1];
        array[offset1] = array[offset2];
        array[offset2] = aux;
    }
}, typeSolver=com.github.javaparser.symbolsolver.resolution.typesolvers.CombinedTypeSolver@7bf9b098}
In MethodDeclaration: Ambiguous method call: cannot find a most applicable method: JavaParserMethodDeclaration{wrappedNode=/**
 * Tests whether an array of primitive floats is empty or {@code null}.
 *
 * @param array  the array to test
 * @return {@code true} if the array is empty or {@code null}
 * @since 2.1
 */
public static boolean isEmpty(final float[] array) {
    return isArrayEmpty(array);
}, typeSolver=com.github.javaparser.symbolsolver.resolution.typesolvers.CombinedTypeSolver@7bf9b098}, JavaParserMethodDeclaration{wrappedNode=/**
 * Tests whether an array of primitive doubles is empty or {@code null}.
 *
 * @param array  the array to test
 * @return {@code true} if the array is empty or {@code null}
 * @since 2.1
 */
public static boolean isEmpty(final double[] array) {
    return isArrayEmpty(array);
}, typeSolver=com.github.javaparser.symbolsolver.resolution.typesolvers.CombinedTypeSolver@7bf9b098}
In MethodDeclaration: Ambiguous method call: cannot find a most applicable method: JavaParserMethodDeclaration{wrappedNode=/**
 * Reverses the order of the given array.
 * <p>
 * This method does nothing for a {@code null} input array.
 * </p>
 *
 * @param array  the array to reverse, may be {@code null}
 */
public static void reverse(final double[] array) {
    if (array != null) {
        reverse(array, 0, array.length);
    }
}, typeSolver=com.github.javaparser.symbolsolver.resolution.typesolvers.CombinedTypeSolver@7bf9b098}, JavaParserMethodDeclaration{wrappedNode=/**
 * Reverses the order of the given array.
 * <p>
 * This method does nothing for a {@code null} input array.
 * </p>
 *
 * @param array  the array to reverse, may be {@code null}.
 */
public static void reverse(final float[] array) {
    if (array != null) {
        reverse(array, 0, array.length);
    }
}, typeSolver=com.github.javaparser.symbolsolver.resolution.typesolvers.CombinedTypeSolver@7bf9b098}
In MethodDeclaration: The type of a method reference expr depends on the position and its return value
In MethodDeclaration: Unsolved symbol in Streams.of(suppliers).filter(Objects::nonNull).map(Supplier::get).filter(Objects::nonNull).findFirst().orElse(null) : Streams.of(suppliers).filter(Objects::nonNull).map(Supplier::get).filter(Objects::nonNull).findFirst()
In MethodDeclaration: Ambiguous method call: cannot find a most applicable method: JavaParserMethodDeclaration{wrappedNode=/**
 * Tests whether an array of primitive doubles is empty or {@code null}.
 *
 * @param array  the array to test
 * @return {@code true} if the array is empty or {@code null}
 * @since 2.1
 */
public static boolean isEmpty(final double[] array) {
    return isArrayEmpty(array);
}, typeSolver=com.github.javaparser.symbolsolver.resolution.typesolvers.CombinedTypeSolver@7bf9b098}, JavaParserMethodDeclaration{wrappedNode=/**
 * Tests whether an array of Objects is empty or {@code null}.
 *
 * @param array  the array to test
 * @return {@code true} if the array is empty or {@code null}
 * @since 2.1
 */
public static boolean isEmpty(final Object[] array) {
    return isArrayEmpty(array);
}, typeSolver=com.github.javaparser.symbolsolver.resolution.typesolvers.CombinedTypeSolver@7bf9b098}
In MethodDeclaration: Ambiguous method call: cannot find a most applicable method: JavaParserMethodDeclaration{wrappedNode=/**
 * Joins the elements of the provided array into a single String containing the provided list of elements.
 *
 * <p>
 * No delimiter is added before or after the list. Null objects or empty strings within the array are represented
 * by empty strings.
 * </p>
 *
 * <pre>
 * StringUtils.join(null, *)               = null
 * StringUtils.join([], *)                 = ""
 * StringUtils.join([null], *)             = ""
 * StringUtils.join([1, 2, 3], ';')  = "1;2;3"
 * StringUtils.join([1, 2, 3], null) = "123"
 * </pre>
 *
 * @param array
 *            the array of values to join together, may be null.
 * @param delimiter
 *            the separator character to use.
 * @param startIndex
 *            the first index to start joining from. It is an error to pass in a start index past the end of the
 *            array.
 * @param endIndex
 *            the index to stop joining from (exclusive). It is an error to pass in an end index past the end of
 *            the array.
 * @return the joined String, {@code null} if null array input.
 * @since 3.2
 */
public static String join(final long[] array, final char delimiter, final int startIndex, final int endIndex) {
    if (array == null) {
        return null;
    }
    if (endIndex - startIndex <= 0) {
        return EMPTY;
    }
    final StringBuilder stringBuilder = new StringBuilder();
    for (int i = startIndex; i < endIndex; i++) {
        stringBuilder.append(array[i]).append(delimiter);
    }
    return stringBuilder.substring(0, stringBuilder.length() - 1);
}, typeSolver=com.github.javaparser.symbolsolver.resolution.typesolvers.CombinedTypeSolver@7bf9b098}, JavaParserMethodDeclaration{wrappedNode=/**
 * Joins the elements of the provided array into a single String containing the provided list of elements.
 *
 * <p>
 * No delimiter is added before or after the list. Null objects or empty strings within the array are represented
 * by empty strings.
 * </p>
 *
 * <pre>
 * StringUtils.join(null, *)          = null
 * StringUtils.join([], *)            = ""
 * StringUtils.join([null], *)        = ""
 * StringUtils.join([1, 2, 3], ';')   = "1;2;3"
 * StringUtils.join([1, 2, 3], null)  = "123"
 * </pre>
 *
 * @param array
 *            the array of values to join together, may be null.
 * @param delimiter
 *            the separator character to use.
 * @param startIndex
 *            the first index to start joining from. It is an error to pass in a start index past the end of the
 *            array.
 * @param endIndex
 *            the index to stop joining from (exclusive). It is an error to pass in an end index past the end of
 *            the array.
 * @return the joined String, {@code null} if null array input.
 * @since 3.2
 */
public static String join(final double[] array, final char delimiter, final int startIndex, final int endIndex) {
    if (array == null) {
        return null;
    }
    if (endIndex - startIndex <= 0) {
        return EMPTY;
    }
    final StringBuilder stringBuilder = new StringBuilder();
    for (int i = startIndex; i < endIndex; i++) {
        stringBuilder.append(array[i]).append(delimiter);
    }
    return stringBuilder.substring(0, stringBuilder.length() - 1);
}, typeSolver=com.github.javaparser.symbolsolver.resolution.typesolvers.CombinedTypeSolver@7bf9b098}
In MethodDeclaration: Ambiguous method call: cannot find a most applicable method: JavaParserMethodDeclaration{wrappedNode=/**
 * Joins the elements of the provided array into a single String containing the provided list of elements.
 *
 * <p>
 * No delimiter is added before or after the list. Null objects or empty strings within the array are represented by empty strings.
 * </p>
 *
 * <pre>
 * StringUtils.join(null, *)               = null
 * StringUtils.join([], *)                 = ""
 * StringUtils.join([null], *)             = ""
 * StringUtils.join(["a", "b", "c"], ';')  = "a;b;c"
 * StringUtils.join(["a", "b", "c"], null) = "abc"
 * StringUtils.join([null, "", "a"], ';')  = ";;a"
 * </pre>
 *
 * @param array      the array of values to join together, may be null.
 * @param delimiter  the separator character to use.
 * @param startIndex the first index to start joining from. It is an error to pass in a start index past the end of the array.
 * @param endIndex   the index to stop joining from (exclusive). It is an error to pass in an end index past the end of the array.
 * @return the joined String, {@code null} if null array input.
 * @since 2.0
 */
public static String join(final Object[] array, final char delimiter, final int startIndex, final int endIndex) {
    return join(array, String.valueOf(delimiter), startIndex, endIndex);
}, typeSolver=com.github.javaparser.symbolsolver.resolution.typesolvers.CombinedTypeSolver@7bf9b098}, JavaParserMethodDeclaration{wrappedNode=/**
 * Joins the elements of the provided array into a single String containing the provided list of elements.
 *
 * <p>
 * No delimiter is added before or after the list. Null objects or empty strings within the array are represented
 * by empty strings.
 * </p>
 *
 * <pre>
 * StringUtils.join(null, *)          = null
 * StringUtils.join([], *)            = ""
 * StringUtils.join([null], *)        = ""
 * StringUtils.join([1, 2, 3], ';')   = "1;2;3"
 * StringUtils.join([1, 2, 3], null)  = "123"
 * </pre>
 *
 * @param array
 *            the array of values to join together, may be null.
 * @param delimiter
 *            the separator character to use.
 * @param startIndex
 *            the first index to start joining from. It is an error to pass in a start index past the end of the
 *            array.
 * @param endIndex
 *            the index to stop joining from (exclusive). It is an error to pass in an end index past the end of
 *            the array.
 * @return the joined String, {@code null} if null array input.
 * @since 3.2
 */
public static String join(final float[] array, final char delimiter, final int startIndex, final int endIndex) {
    if (array == null) {
        return null;
    }
    if (endIndex - startIndex <= 0) {
        return EMPTY;
    }
    final StringBuilder stringBuilder = new StringBuilder();
    for (int i = startIndex; i < endIndex; i++) {
        stringBuilder.append(array[i]).append(delimiter);
    }
    return stringBuilder.substring(0, stringBuilder.length() - 1);
}, typeSolver=com.github.javaparser.symbolsolver.resolution.typesolvers.CombinedTypeSolver@7bf9b098}
In MethodDeclaration: No param with index 1. Number of params: 1
In MethodDeclaration: No param with index 1. Number of params: 1
In ThrowStmt: Cannot invoke "java2rust.rust.IRustFunction.thrown()" because "method" is null
In MethodDeclaration: Ambiguous method call: cannot find a most applicable method: JavaParserMethodDeclaration{wrappedNode=/**
 * Appends to the {@code builder} the deep comparison of
 * two {@code short} arrays.
 *
 * <ol>
 *  <li>Check if arrays are the same using {@code ==}</li>
 *  <li>Check if for {@code null}, {@code null} is less than non-{@code null}</li>
 *  <li>Check array length, a shorter length array is less than a longer length array</li>
 *  <li>Check array contents element by element using {@link #append(short, short)}</li>
 * </ol>
 *
 * @param lhs  left-hand side array
 * @param rhs  right-hand side array
 * @return {@code this} instance.
 */
public CompareToBuilder append(final short[] lhs, final short[] rhs) {
    if (comparison != 0) {
        return this;
    }
    if (lhs == rhs) {
        return this;
    }
    if (lhs == null) {
        comparison = -1;
        return this;
    }
    if (rhs == null) {
        comparison = 1;
        return this;
    }
    if (lhs.length != rhs.length) {
        comparison = lhs.length < rhs.length ? -1 : 1;
        return this;
    }
    for (int i = 0; i < lhs.length && comparison == 0; i++) {
        append(lhs[i], rhs[i]);
    }
    return this;
}, typeSolver=com.github.javaparser.symbolsolver.resolution.typesolvers.CombinedTypeSolver@7bf9b098}, JavaParserMethodDeclaration{wrappedNode=/**
 * Appends to the {@code builder} the deep comparison of
 * two {@code float} arrays.
 *
 * <ol>
 *  <li>Check if arrays are the same using {@code ==}</li>
 *  <li>Check if for {@code null}, {@code null} is less than non-{@code null}</li>
 *  <li>Check array length, a shorter length array is less than a longer length array</li>
 *  <li>Check array contents element by element using {@link #append(float, float)}</li>
 * </ol>
 *
 * @param lhs  left-hand side array
 * @param rhs  right-hand side array
 * @return {@code this} instance.
 */
public CompareToBuilder append(final float[] lhs, final float[] rhs) {
    if (comparison != 0) {
        return this;
    }
    if (lhs == rhs) {
        return this;
    }
    if (lhs == null) {
        comparison = -1;
        return this;
    }
    if (rhs == null) {
        comparison = 1;
        return this;
    }
    if (lhs.length != rhs.length) {
        comparison = lhs.length < rhs.length ? -1 : 1;
        return this;
    }
    for (int i = 0; i < lhs.length && comparison == 0; i++) {
        append(lhs[i], rhs[i]);
    }
    return this;
}, typeSolver=com.github.javaparser.symbolsolver.resolution.typesolvers.CombinedTypeSolver@7bf9b098}
In MethodDeclaration: Ambiguous method call: cannot find a most applicable method: ReflectionMethodDeclaration{method=public static boolean java.util.Arrays.equals(double[],double[])}, ReflectionMethodDeclaration{method=public static boolean java.util.Arrays.equals(java.lang.Object[],java.lang.Object[])}
In MethodDeclaration: Ambiguous method call: cannot find a most applicable method: ReflectionMethodDeclaration{method=public static boolean java.util.Arrays.equals(double[],double[])}, ReflectionMethodDeclaration{method=public static boolean java.util.Arrays.equals(long[],long[])}
In MethodDeclaration: Ambiguous method call: cannot find a most applicable method: JavaParserMethodDeclaration{wrappedNode=/**
 * Tests if two {@code float[]}s are equal.
 *
 * @param fieldName the field name.
 * @param lhs       the left-hand side {@code float[]}.
 * @param rhs       the right-hand side {@code float[]}.
 * @return {@code this} instance.
 * @throws NullPointerException if field name is {@code null}.
 */
public DiffBuilder<T> append(final String fieldName, final float[] lhs, final float[] rhs) {
    return equals || Arrays.equals(lhs, rhs) ? this : add(fieldName, () -> ArrayUtils.toObject(lhs), () -> ArrayUtils.toObject(rhs), Float[].class);
}, typeSolver=com.github.javaparser.symbolsolver.resolution.typesolvers.CombinedTypeSolver@7bf9b098}, JavaParserMethodDeclaration{wrappedNode=/**
 * Tests if two {@code Object[]}s are equal.
 *
 * @param fieldName the field name.
 * @param lhs       the left-hand side {@code Object[]}.
 * @param rhs       the right-hand side {@code Object[]}.
 * @return {@code this} instance.
 * @throws NullPointerException if field name is {@code null}.
 */
public DiffBuilder<T> append(final String fieldName, final Object[] lhs, final Object[] rhs) {
    return equals || Arrays.equals(lhs, rhs) ? this : add(fieldName, () -> lhs, () -> rhs, Object[].class);
}, typeSolver=com.github.javaparser.symbolsolver.resolution.typesolvers.CombinedTypeSolver@7bf9b098}
In MethodDeclaration: Ambiguous method call: cannot find a most applicable method: JavaParserMethodDeclaration{wrappedNode=/**
 * Performs a deep comparison of two {@link Object} arrays.
 *
 * <p>This also will be called for the top level of
 * multi-dimensional, ragged, and multi-typed arrays.</p>
 *
 * <p>Note that this method does not compare the type of the arrays; it only
 * compares the contents.</p>
 *
 * @param lhs  the left-hand side {@code Object[]}
 * @param rhs  the right-hand side {@code Object[]}
 * @return {@code this} instance.
 */
public EqualsBuilder append(final Object[] lhs, final Object[] rhs) {
    if (!isEquals) {
        return this;
    }
    if (lhs == rhs) {
        return this;
    }
    if (lhs == null || rhs == null) {
        setEquals(false);
        return this;
    }
    if (lhs.length != rhs.length) {
        setEquals(false);
        return this;
    }
    for (int i = 0; i < lhs.length && isEquals; ++i) {
        append(lhs[i], rhs[i]);
    }
    return this;
}, typeSolver=com.github.javaparser.symbolsolver.resolution.typesolvers.CombinedTypeSolver@7bf9b098}, JavaParserMethodDeclaration{wrappedNode=/**
 * Deep comparison of array of {@code float}. Length and all
 * values are compared.
 *
 * <p>The method {@link #append(float, float)} is used.</p>
 *
 * @param lhs  the left-hand side {@code float[]}
 * @param rhs  the right-hand side {@code float[]}
 * @return {@code this} instance.
 */
public EqualsBuilder append(final float[] lhs, final float[] rhs) {
    if (!isEquals) {
        return this;
    }
    if (lhs == rhs) {
        return this;
    }
    if (lhs == null || rhs == null) {
        setEquals(false);
        return this;
    }
    if (lhs.length != rhs.length) {
        setEquals(false);
        return this;
    }
    for (int i = 0; i < lhs.length && isEquals; ++i) {
        append(lhs[i], rhs[i]);
    }
    return this;
}, typeSolver=com.github.javaparser.symbolsolver.resolution.typesolvers.CombinedTypeSolver@7bf9b098}
In MethodDeclaration: Ambiguous method call: cannot find a most applicable method: JavaParserMethodDeclaration{wrappedNode=/**
 * Append a {@code hashCode} for an {@code int} array.
 *
 * @param array
 *            the array to add to the {@code hashCode}
 * @return {@code this} instance.
 */
public HashCodeBuilder append(final int[] array) {
    if (array == null) {
        iTotal = iTotal * iConstant;
    } else {
        for (final int element : array) {
            append(element);
        }
    }
    return this;
}, typeSolver=com.github.javaparser.symbolsolver.resolution.typesolvers.CombinedTypeSolver@7bf9b098}, JavaParserMethodDeclaration{wrappedNode=/**
 * Append a {@code hashCode} for a {@code long} array.
 *
 * @param array
 *            the array to add to the {@code hashCode}
 * @return {@code this} instance.
 */
public HashCodeBuilder append(final long[] array) {
    if (array == null) {
        iTotal = iTotal * iConstant;
    } else {
        for (final long element : array) {
            append(element);
        }
    }
    return this;
}, typeSolver=com.github.javaparser.symbolsolver.resolution.typesolvers.CombinedTypeSolver@7bf9b098}
In MethodDeclaration: Ambiguous method call: cannot find a most applicable method: JavaParserMethodDeclaration{wrappedNode=/**
 * Appends to the {@code toString} the detail of an {@code int} array.
 *
 * @param buffer    the {@link StringBuffer} to populate.
 * @param fieldName the field name, typically not used as already appended.
 * @param array     the array to add to the {@code toString}, not {@code null}.
 */
protected void appendDetail(final StringBuffer buffer, final String fieldName, final int[] array) {
    buffer.append(getArrayStart());
    for (int i = 0; i < array.length; i++) {
        if (i > 0) {
            buffer.append(getArraySeparator());
        }
        appendDetail(buffer, fieldName, array[i]);
    }
    buffer.append(getArrayEnd());
}, typeSolver=com.github.javaparser.symbolsolver.resolution.typesolvers.CombinedTypeSolver@7bf9b098}, JavaParserMethodDeclaration{wrappedNode=/**
 * Appends to the {@code toString} the detail of a {@code short} array.
 *
 * @param buffer    the {@link StringBuffer} to populate.
 * @param fieldName the field name, typically not used as already appended.
 * @param array     the array to add to the {@code toString}, not {@code null}.
 */
protected void appendDetail(final StringBuffer buffer, final String fieldName, final short[] array) {
    buffer.append(getArrayStart());
    for (int i = 0; i < array.length; i++) {
        if (i > 0) {
            buffer.append(getArraySeparator());
        }
        appendDetail(buffer, fieldName, array[i]);
    }
    buffer.append(getArrayEnd());
}, typeSolver=com.github.javaparser.symbolsolver.resolution.typesolvers.CombinedTypeSolver@7bf9b098}
In MethodDeclaration: Ambiguous method call: cannot find a most applicable method: JavaParserMethodDeclaration{wrappedNode=/**
 * Appends to the {@code toString} the detail of a {@code double} array.
 *
 * @param buffer    the {@link StringBuffer} to populate.
 * @param fieldName the field name, typically not used as already appended
 * @param array     the array to add to the {@code toString}, not {@code null}.
 */
protected void appendDetail(final StringBuffer buffer, final String fieldName, final double[] array) {
    buffer.append(getArrayStart());
    for (int i = 0; i < array.length; i++) {
        if (i > 0) {
            buffer.append(getArraySeparator());
        }
        appendDetail(buffer, fieldName, array[i]);
    }
    buffer.append(getArrayEnd());
}, typeSolver=com.github.javaparser.symbolsolver.resolution.typesolvers.CombinedTypeSolver@7bf9b098}, JavaParserMethodDeclaration{wrappedNode=/**
 * Appends to the {@code toString} the detail of an {@link Object} array.
 *
 * @param buffer    the {@link StringBuffer} to populate.
 * @param fieldName the field name, typically not used as already appended.
 * @param array     the array to add to the {@code toString}, not {@code null}.
 */
protected void appendDetail(final StringBuffer buffer, final String fieldName, final Object[] array) {
    buffer.append(getArrayStart());
    for (int i = 0; i < array.length; i++) {
        appendDetail(buffer, fieldName, i, array[i]);
    }
    buffer.append(getArrayEnd());
}, typeSolver=com.github.javaparser.symbolsolver.resolution.typesolvers.CombinedTypeSolver@7bf9b098}
In MethodDeclaration: Ambiguous method call: cannot find a most applicable method: JavaParserMethodDeclaration{wrappedNode=/**
 * Appends to the {@code toString} the detail of a {@code double} array.
 *
 * @param buffer    the {@link StringBuffer} to populate.
 * @param fieldName the field name, typically not used as already appended
 * @param array     the array to add to the {@code toString}, not {@code null}.
 */
protected void appendDetail(final StringBuffer buffer, final String fieldName, final double[] array) {
    buffer.append(getArrayStart());
    for (int i = 0; i < array.length; i++) {
        if (i > 0) {
            buffer.append(getArraySeparator());
        }
        appendDetail(buffer, fieldName, array[i]);
    }
    buffer.append(getArrayEnd());
}, typeSolver=com.github.javaparser.symbolsolver.resolution.typesolvers.CombinedTypeSolver@7bf9b098}, JavaParserMethodDeclaration{wrappedNode=/**
 * Appends to the {@code toString} the detail of a {@code float} array.
 *
 * @param buffer    the {@link StringBuffer} to populate.
 * @param fieldName the field name, typically not used as already appended.
 * @param array     the array to add to the {@code toString}, not {@code null}.
 */
protected void appendDetail(final StringBuffer buffer, final String fieldName, final float[] array) {
    buffer.append(getArrayStart());
    for (int i = 0; i < array.length; i++) {
        if (i > 0) {
            buffer.append(getArraySeparator());
        }
        appendDetail(buffer, fieldName, array[i]);
    }
    buffer.append(getArrayEnd());
}, typeSolver=com.github.javaparser.symbolsolver.resolution.typesolvers.CombinedTypeSolver@7bf9b098}
In MethodDeclaration: Ambiguous method call: cannot find a most applicable method: JavaParserMethodDeclaration{wrappedNode=/**
 * Appends to the {@code toString} the detail of a {@code long} array.
 *
 * @param buffer    the {@link StringBuffer} to populate.
 * @param fieldName the field name, typically not used as already appended.
 * @param array     the array to add to the {@code toString}, not {@code null}.
 */
protected void appendDetail(final StringBuffer buffer, final String fieldName, final long[] array) {
    buffer.append(getArrayStart());
    for (int i = 0; i < array.length; i++) {
        if (i > 0) {
            buffer.append(getArraySeparator());
        }
        appendDetail(buffer, fieldName, array[i]);
    }
    buffer.append(getArrayEnd());
}, typeSolver=com.github.javaparser.symbolsolver.resolution.typesolvers.CombinedTypeSolver@7bf9b098}, JavaParserMethodDeclaration{wrappedNode=/**
 * Appends to the {@code toString} the detail of a {@code float} array.
 *
 * @param buffer    the {@link StringBuffer} to populate.
 * @param fieldName the field name, typically not used as already appended.
 * @param array     the array to add to the {@code toString}, not {@code null}.
 */
protected void appendDetail(final StringBuffer buffer, final String fieldName, final float[] array) {
    buffer.append(getArrayStart());
    for (int i = 0; i < array.length; i++) {
        if (i > 0) {
            buffer.append(getArraySeparator());
        }
        appendDetail(buffer, fieldName, array[i]);
    }
    buffer.append(getArrayEnd());
}, typeSolver=com.github.javaparser.symbolsolver.resolution.typesolvers.CombinedTypeSolver@7bf9b098}
In MethodDeclaration: Ambiguous method call: cannot find a most applicable method: JavaParserMethodDeclaration{wrappedNode=/**
 * Appends to the {@code toString} a {@code boolean} array.
 *
 * @param buffer     the {@link StringBuffer} to populate.
 * @param fieldName  the field name.
 * @param array      the array to add to the toString.
 * @param fullDetail {@code true} for detail, {@code false} for summary info, {@code null} for style decides.
 */
public void append(final StringBuffer buffer, final String fieldName, final boolean[] array, final Boolean fullDetail) {
    appendFieldStart(buffer, fieldName);
    if (array == null) {
        appendNullText(buffer, fieldName);
    } else if (isFullDetail(fullDetail)) {
        appendDetail(buffer, fieldName, array);
    } else {
        appendSummary(buffer, fieldName, array);
    }
    appendFieldEnd(buffer, fieldName);
}, typeSolver=com.github.javaparser.symbolsolver.resolution.typesolvers.CombinedTypeSolver@7bf9b098}, JavaParserMethodDeclaration{wrappedNode=/**
 * Appends to the {@code toString} an {@link Object} array.
 *
 * @param buffer     the {@link StringBuffer} to populate.
 * @param fieldName  the field name.
 * @param array      the array to add to the toString.
 * @param fullDetail {@code true} for detail, {@code false} for summary info, {@code null} for style decides.
 */
public void append(final StringBuffer buffer, final String fieldName, final Object[] array, final Boolean fullDetail) {
    appendFieldStart(buffer, fieldName);
    if (array == null) {
        appendNullText(buffer, fieldName);
    } else if (isFullDetail(fullDetail)) {
        appendDetail(buffer, fieldName, array);
    } else {
        appendSummary(buffer, fieldName, array);
    }
    appendFieldEnd(buffer, fieldName);
}, typeSolver=com.github.javaparser.symbolsolver.resolution.typesolvers.CombinedTypeSolver@7bf9b098}
In MethodDeclaration: Ambiguous method call: cannot find a most applicable method: JavaParserMethodDeclaration{wrappedNode=/**
 * Appends to the {@code toString} a {@code byte} array.
 *
 * @param buffer     the {@link StringBuffer} to populate.
 * @param fieldName  the field name.
 * @param array      the array to add to the {@code toString}.
 * @param fullDetail {@code true} for detail, {@code false} for summary info, {@code null} for style decides.
 */
public void append(final StringBuffer buffer, final String fieldName, final byte[] array, final Boolean fullDetail) {
    appendFieldStart(buffer, fieldName);
    if (array == null) {
        appendNullText(buffer, fieldName);
    } else if (isFullDetail(fullDetail)) {
        appendDetail(buffer, fieldName, array);
    } else {
        appendSummary(buffer, fieldName, array);
    }
    appendFieldEnd(buffer, fieldName);
}, typeSolver=com.github.javaparser.symbolsolver.resolution.typesolvers.CombinedTypeSolver@7bf9b098}, JavaParserMethodDeclaration{wrappedNode=/**
 * Appends to the {@code toString} an {@code int} array.
 *
 * @param buffer     the {@link StringBuffer} to populate.
 * @param fieldName  the field name.
 * @param array      the array to add to the {@code toString}.
 * @param fullDetail {@code true} for detail, {@code false} for summary info, {@code null} for style decides.
 */
public void append(final StringBuffer buffer, final String fieldName, final int[] array, final Boolean fullDetail) {
    appendFieldStart(buffer, fieldName);
    if (array == null) {
        appendNullText(buffer, fieldName);
    } else if (isFullDetail(fullDetail)) {
        appendDetail(buffer, fieldName, array);
    } else {
        appendSummary(buffer, fieldName, array);
    }
    appendFieldEnd(buffer, fieldName);
}, typeSolver=com.github.javaparser.symbolsolver.resolution.typesolvers.CombinedTypeSolver@7bf9b098}
In MethodDeclaration: Ambiguous method call: cannot find a most applicable method: JavaParserMethodDeclaration{wrappedNode=/**
 * Appends to the {@code toString} a {@code double} array.
 *
 * @param buffer     the {@link StringBuffer} to populate.
 * @param fieldName  the field name.
 * @param array      the array to add to the toString.
 * @param fullDetail {@code true} for detail, {@code false} for summary info, {@code null} for style decides.
 */
public void append(final StringBuffer buffer, final String fieldName, final double[] array, final Boolean fullDetail) {
    appendFieldStart(buffer, fieldName);
    if (array == null) {
        appendNullText(buffer, fieldName);
    } else if (isFullDetail(fullDetail)) {
        appendDetail(buffer, fieldName, array);
    } else {
        appendSummary(buffer, fieldName, array);
    }
    appendFieldEnd(buffer, fieldName);
}, typeSolver=com.github.javaparser.symbolsolver.resolution.typesolvers.CombinedTypeSolver@7bf9b098}, JavaParserMethodDeclaration{wrappedNode=/**
 * Appends to the {@code toString} an {@code int} array.
 *
 * @param buffer     the {@link StringBuffer} to populate.
 * @param fieldName  the field name.
 * @param array      the array to add to the {@code toString}.
 * @param fullDetail {@code true} for detail, {@code false} for summary info, {@code null} for style decides.
 */
public void append(final StringBuffer buffer, final String fieldName, final int[] array, final Boolean fullDetail) {
    appendFieldStart(buffer, fieldName);
    if (array == null) {
        appendNullText(buffer, fieldName);
    } else if (isFullDetail(fullDetail)) {
        appendDetail(buffer, fieldName, array);
    } else {
        appendSummary(buffer, fieldName, array);
    }
    appendFieldEnd(buffer, fieldName);
}, typeSolver=com.github.javaparser.symbolsolver.resolution.typesolvers.CombinedTypeSolver@7bf9b098}
In MethodDeclaration: Ambiguous method call: cannot find a most applicable method: JavaParserMethodDeclaration{wrappedNode=/**
 * Appends to the {@code toString} an {@link Object} array.
 *
 * @param buffer     the {@link StringBuffer} to populate.
 * @param fieldName  the field name.
 * @param array      the array to add to the toString.
 * @param fullDetail {@code true} for detail, {@code false} for summary info, {@code null} for style decides.
 */
public void append(final StringBuffer buffer, final String fieldName, final Object[] array, final Boolean fullDetail) {
    appendFieldStart(buffer, fieldName);
    if (array == null) {
        appendNullText(buffer, fieldName);
    } else if (isFullDetail(fullDetail)) {
        appendDetail(buffer, fieldName, array);
    } else {
        appendSummary(buffer, fieldName, array);
    }
    appendFieldEnd(buffer, fieldName);
}, typeSolver=com.github.javaparser.symbolsolver.resolution.typesolvers.CombinedTypeSolver@7bf9b098}, JavaParserMethodDeclaration{wrappedNode=/**
 * Appends to the {@code toString} a {@code double} array.
 *
 * @param buffer     the {@link StringBuffer} to populate.
 * @param fieldName  the field name.
 * @param array      the array to add to the toString.
 * @param fullDetail {@code true} for detail, {@code false} for summary info, {@code null} for style decides.
 */
public void append(final StringBuffer buffer, final String fieldName, final double[] array, final Boolean fullDetail) {
    appendFieldStart(buffer, fieldName);
    if (array == null) {
        appendNullText(buffer, fieldName);
    } else if (isFullDetail(fullDetail)) {
        appendDetail(buffer, fieldName, array);
    } else {
        appendSummary(buffer, fieldName, array);
    }
    appendFieldEnd(buffer, fieldName);
}, typeSolver=com.github.javaparser.symbolsolver.resolution.typesolvers.CombinedTypeSolver@7bf9b098}
In MethodDeclaration: Ambiguous method call: cannot find a most applicable method: JavaParserMethodDeclaration{wrappedNode=/**
 * Appends to the {@code toString} a {@code double} array.
 *
 * @param buffer     the {@link StringBuffer} to populate.
 * @param fieldName  the field name.
 * @param array      the array to add to the toString.
 * @param fullDetail {@code true} for detail, {@code false} for summary info, {@code null} for style decides.
 */
public void append(final StringBuffer buffer, final String fieldName, final double[] array, final Boolean fullDetail) {
    appendFieldStart(buffer, fieldName);
    if (array == null) {
        appendNullText(buffer, fieldName);
    } else if (isFullDetail(fullDetail)) {
        appendDetail(buffer, fieldName, array);
    } else {
        appendSummary(buffer, fieldName, array);
    }
    appendFieldEnd(buffer, fieldName);
}, typeSolver=com.github.javaparser.symbolsolver.resolution.typesolvers.CombinedTypeSolver@7bf9b098}, JavaParserMethodDeclaration{wrappedNode=/**
 * Appends to the {@code toString} a {@code float} array.
 *
 * @param buffer     the {@link StringBuffer} to populate.
 * @param fieldName  the field name.
 * @param array      the array to add to the toString.
 * @param fullDetail {@code true} for detail, {@code false} for summary info, {@code null} for style decides.
 */
public void append(final StringBuffer buffer, final String fieldName, final float[] array, final Boolean fullDetail) {
    appendFieldStart(buffer, fieldName);
    if (array == null) {
        appendNullText(buffer, fieldName);
    } else if (isFullDetail(fullDetail)) {
        appendDetail(buffer, fieldName, array);
    } else {
        appendSummary(buffer, fieldName, array);
    }
    appendFieldEnd(buffer, fieldName);
}, typeSolver=com.github.javaparser.symbolsolver.resolution.typesolvers.CombinedTypeSolver@7bf9b098}
In MethodDeclaration: Ambiguous method call: cannot find a most applicable method: JavaParserMethodDeclaration{wrappedNode=/**
 * Appends to the {@code toString} an {@link Object} array.
 *
 * @param buffer     the {@link StringBuffer} to populate.
 * @param fieldName  the field name.
 * @param array      the array to add to the toString.
 * @param fullDetail {@code true} for detail, {@code false} for summary info, {@code null} for style decides.
 */
public void append(final StringBuffer buffer, final String fieldName, final Object[] array, final Boolean fullDetail) {
    appendFieldStart(buffer, fieldName);
    if (array == null) {
        appendNullText(buffer, fieldName);
    } else if (isFullDetail(fullDetail)) {
        appendDetail(buffer, fieldName, array);
    } else {
        appendSummary(buffer, fieldName, array);
    }
    appendFieldEnd(buffer, fieldName);
}, typeSolver=com.github.javaparser.symbolsolver.resolution.typesolvers.CombinedTypeSolver@7bf9b098}, JavaParserMethodDeclaration{wrappedNode=/**
 * Appends to the {@code toString} a {@code float} array.
 *
 * @param buffer     the {@link StringBuffer} to populate.
 * @param fieldName  the field name.
 * @param array      the array to add to the toString.
 * @param fullDetail {@code true} for detail, {@code false} for summary info, {@code null} for style decides.
 */
public void append(final StringBuffer buffer, final String fieldName, final float[] array, final Boolean fullDetail) {
    appendFieldStart(buffer, fieldName);
    if (array == null) {
        appendNullText(buffer, fieldName);
    } else if (isFullDetail(fullDetail)) {
        appendDetail(buffer, fieldName, array);
    } else {
        appendSummary(buffer, fieldName, array);
    }
    appendFieldEnd(buffer, fieldName);
}, typeSolver=com.github.javaparser.symbolsolver.resolution.typesolvers.CombinedTypeSolver@7bf9b098}
In MethodDeclaration: Ambiguous method call: cannot find a most applicable method: JavaParserMethodDeclaration{wrappedNode=/**
 * Appends to the {@code toString} an {@link Object} array.
 *
 * @param buffer     the {@link StringBuffer} to populate.
 * @param fieldName  the field name.
 * @param array      the array to add to the toString.
 * @param fullDetail {@code true} for detail, {@code false} for summary info, {@code null} for style decides.
 */
public void append(final StringBuffer buffer, final String fieldName, final Object[] array, final Boolean fullDetail) {
    appendFieldStart(buffer, fieldName);
    if (array == null) {
        appendNullText(buffer, fieldName);
    } else if (isFullDetail(fullDetail)) {
        appendDetail(buffer, fieldName, array);
    } else {
        appendSummary(buffer, fieldName, array);
    }
    appendFieldEnd(buffer, fieldName);
}, typeSolver=com.github.javaparser.symbolsolver.resolution.typesolvers.CombinedTypeSolver@7bf9b098}, JavaParserMethodDeclaration{wrappedNode=/**
 * Appends to the {@code toString} a {@code double} array.
 *
 * @param buffer     the {@link StringBuffer} to populate.
 * @param fieldName  the field name.
 * @param array      the array to add to the toString.
 * @param fullDetail {@code true} for detail, {@code false} for summary info, {@code null} for style decides.
 */
public void append(final StringBuffer buffer, final String fieldName, final double[] array, final Boolean fullDetail) {
    appendFieldStart(buffer, fieldName);
    if (array == null) {
        appendNullText(buffer, fieldName);
    } else if (isFullDetail(fullDetail)) {
        appendDetail(buffer, fieldName, array);
    } else {
        appendSummary(buffer, fieldName, array);
    }
    appendFieldEnd(buffer, fieldName);
}, typeSolver=com.github.javaparser.symbolsolver.resolution.typesolvers.CombinedTypeSolver@7bf9b098}
In MethodDeclaration: Ambiguous method call: cannot find a most applicable method: JavaParserMethodDeclaration{wrappedNode=/**
 * Appends to the {@code toString} an {@link Object} array.
 *
 * @param buffer     the {@link StringBuffer} to populate.
 * @param fieldName  the field name.
 * @param array      the array to add to the toString.
 * @param fullDetail {@code true} for detail, {@code false} for summary info, {@code null} for style decides.
 */
public void append(final StringBuffer buffer, final String fieldName, final Object[] array, final Boolean fullDetail) {
    appendFieldStart(buffer, fieldName);
    if (array == null) {
        appendNullText(buffer, fieldName);
    } else if (isFullDetail(fullDetail)) {
        appendDetail(buffer, fieldName, array);
    } else {
        appendSummary(buffer, fieldName, array);
    }
    appendFieldEnd(buffer, fieldName);
}, typeSolver=com.github.javaparser.symbolsolver.resolution.typesolvers.CombinedTypeSolver@7bf9b098}, JavaParserMethodDeclaration{wrappedNode=/**
 * Appends to the {@code toString} a {@code short} array.
 *
 * @param buffer     the {@link StringBuffer} to populate.
 * @param fieldName  the field name.
 * @param array      the array to add to the {@code toString}.
 * @param fullDetail {@code true} for detail, {@code false} for summary info, {@code null} for style decides.
 */
public void append(final StringBuffer buffer, final String fieldName, final short[] array, final Boolean fullDetail) {
    appendFieldStart(buffer, fieldName);
    if (array == null) {
        appendNullText(buffer, fieldName);
    } else if (isFullDetail(fullDetail)) {
        appendDetail(buffer, fieldName, array);
    } else {
        appendSummary(buffer, fieldName, array);
    }
    appendFieldEnd(buffer, fieldName);
}, typeSolver=com.github.javaparser.symbolsolver.resolution.typesolvers.CombinedTypeSolver@7bf9b098}
In MethodDeclaration: Ambiguous method call: cannot find a most applicable method: JavaParserMethodDeclaration{wrappedNode=/**
 * Appends to the {@code toString} a {@code double} array.
 *
 * @param buffer     the {@link StringBuffer} to populate.
 * @param fieldName  the field name.
 * @param array      the array to add to the toString.
 * @param fullDetail {@code true} for detail, {@code false} for summary info, {@code null} for style decides.
 */
public void append(final StringBuffer buffer, final String fieldName, final double[] array, final Boolean fullDetail) {
    appendFieldStart(buffer, fieldName);
    if (array == null) {
        appendNullText(buffer, fieldName);
    } else if (isFullDetail(fullDetail)) {
        appendDetail(buffer, fieldName, array);
    } else {
        appendSummary(buffer, fieldName, array);
    }
    appendFieldEnd(buffer, fieldName);
}, typeSolver=com.github.javaparser.symbolsolver.resolution.typesolvers.CombinedTypeSolver@7bf9b098}, JavaParserMethodDeclaration{wrappedNode=/**
 * Appends to the {@code toString} an {@link Object} array.
 *
 * @param buffer     the {@link StringBuffer} to populate.
 * @param fieldName  the field name.
 * @param array      the array to add to the toString.
 * @param fullDetail {@code true} for detail, {@code false} for summary info, {@code null} for style decides.
 */
public void append(final StringBuffer buffer, final String fieldName, final Object[] array, final Boolean fullDetail) {
    appendFieldStart(buffer, fieldName);
    if (array == null) {
        appendNullText(buffer, fieldName);
    } else if (isFullDetail(fullDetail)) {
        appendDetail(buffer, fieldName, array);
    } else {
        appendSummary(buffer, fieldName, array);
    }
    appendFieldEnd(buffer, fieldName);
}, typeSolver=com.github.javaparser.symbolsolver.resolution.typesolvers.CombinedTypeSolver@7bf9b098}
In MethodDeclaration: Ambiguous method call: cannot find a most applicable method: JavaParserMethodDeclaration{wrappedNode=/**
 * Appends to the {@code toString} a {@code double} array.
 *
 * @param buffer     the {@link StringBuffer} to populate.
 * @param fieldName  the field name.
 * @param array      the array to add to the toString.
 * @param fullDetail {@code true} for detail, {@code false} for summary info, {@code null} for style decides.
 */
public void append(final StringBuffer buffer, final String fieldName, final double[] array, final Boolean fullDetail) {
    appendFieldStart(buffer, fieldName);
    if (array == null) {
        appendNullText(buffer, fieldName);
    } else if (isFullDetail(fullDetail)) {
        appendDetail(buffer, fieldName, array);
    } else {
        appendSummary(buffer, fieldName, array);
    }
    appendFieldEnd(buffer, fieldName);
}, typeSolver=com.github.javaparser.symbolsolver.resolution.typesolvers.CombinedTypeSolver@7bf9b098}, JavaParserMethodDeclaration{wrappedNode=/**
 * Appends to the {@code toString} a {@code float} array.
 *
 * @param buffer     the {@link StringBuffer} to populate.
 * @param fieldName  the field name.
 * @param array      the array to add to the toString.
 * @param fullDetail {@code true} for detail, {@code false} for summary info, {@code null} for style decides.
 */
public void append(final StringBuffer buffer, final String fieldName, final float[] array, final Boolean fullDetail) {
    appendFieldStart(buffer, fieldName);
    if (array == null) {
        appendNullText(buffer, fieldName);
    } else if (isFullDetail(fullDetail)) {
        appendDetail(buffer, fieldName, array);
    } else {
        appendSummary(buffer, fieldName, array);
    }
    appendFieldEnd(buffer, fieldName);
}, typeSolver=com.github.javaparser.symbolsolver.resolution.typesolvers.CombinedTypeSolver@7bf9b098}
In MethodDeclaration: Ambiguous method call: cannot find a most applicable method: JavaParserMethodDeclaration{wrappedNode=/**
 * Appends to the {@code toString} a {@code long} array.
 *
 * @param buffer     the {@link StringBuffer} to populate.
 * @param fieldName  the field name.
 * @param array      the array to add to the {@code toString}.
 * @param fullDetail {@code true} for detail, {@code false} for summary info, {@code null} for style decides.
 */
public void append(final StringBuffer buffer, final String fieldName, final long[] array, final Boolean fullDetail) {
    appendFieldStart(buffer, fieldName);
    if (array == null) {
        appendNullText(buffer, fieldName);
    } else if (isFullDetail(fullDetail)) {
        appendDetail(buffer, fieldName, array);
    } else {
        appendSummary(buffer, fieldName, array);
    }
    appendFieldEnd(buffer, fieldName);
}, typeSolver=com.github.javaparser.symbolsolver.resolution.typesolvers.CombinedTypeSolver@7bf9b098}, JavaParserMethodDeclaration{wrappedNode=/**
 * Appends to the {@code toString} a {@code double} array.
 *
 * @param buffer     the {@link StringBuffer} to populate.
 * @param fieldName  the field name.
 * @param array      the array to add to the toString.
 * @param fullDetail {@code true} for detail, {@code false} for summary info, {@code null} for style decides.
 */
public void append(final StringBuffer buffer, final String fieldName, final double[] array, final Boolean fullDetail) {
    appendFieldStart(buffer, fieldName);
    if (array == null) {
        appendNullText(buffer, fieldName);
    } else if (isFullDetail(fullDetail)) {
        appendDetail(buffer, fieldName, array);
    } else {
        appendSummary(buffer, fieldName, array);
    }
    appendFieldEnd(buffer, fieldName);
}, typeSolver=com.github.javaparser.symbolsolver.resolution.typesolvers.CombinedTypeSolver@7bf9b098}
In MethodDeclaration: Ambiguous method call: cannot find a most applicable method: JavaParserMethodDeclaration{wrappedNode=/**
 * Appends to the {@code toString} a {@code long} array.
 *
 * @param buffer     the {@link StringBuffer} to populate.
 * @param fieldName  the field name.
 * @param array      the array to add to the {@code toString}.
 * @param fullDetail {@code true} for detail, {@code false} for summary info, {@code null} for style decides.
 */
public void append(final StringBuffer buffer, final String fieldName, final long[] array, final Boolean fullDetail) {
    appendFieldStart(buffer, fieldName);
    if (array == null) {
        appendNullText(buffer, fieldName);
    } else if (isFullDetail(fullDetail)) {
        appendDetail(buffer, fieldName, array);
    } else {
        appendSummary(buffer, fieldName, array);
    }
    appendFieldEnd(buffer, fieldName);
}, typeSolver=com.github.javaparser.symbolsolver.resolution.typesolvers.CombinedTypeSolver@7bf9b098}, JavaParserMethodDeclaration{wrappedNode=/**
 * Appends to the {@code toString} a {@code float} array.
 *
 * @param buffer     the {@link StringBuffer} to populate.
 * @param fieldName  the field name.
 * @param array      the array to add to the toString.
 * @param fullDetail {@code true} for detail, {@code false} for summary info, {@code null} for style decides.
 */
public void append(final StringBuffer buffer, final String fieldName, final float[] array, final Boolean fullDetail) {
    appendFieldStart(buffer, fieldName);
    if (array == null) {
        appendNullText(buffer, fieldName);
    } else if (isFullDetail(fullDetail)) {
        appendDetail(buffer, fieldName, array);
    } else {
        appendSummary(buffer, fieldName, array);
    }
    appendFieldEnd(buffer, fieldName);
}, typeSolver=com.github.javaparser.symbolsolver.resolution.typesolvers.CombinedTypeSolver@7bf9b098}
In MethodDeclaration: Ambiguous method call: cannot find a most applicable method: JavaParserMethodDeclaration{wrappedNode=/**
 * Appends to the {@code toString} an {@link Object} array.
 *
 * @param buffer     the {@link StringBuffer} to populate.
 * @param fieldName  the field name.
 * @param array      the array to add to the toString.
 * @param fullDetail {@code true} for detail, {@code false} for summary info, {@code null} for style decides.
 */
public void append(final StringBuffer buffer, final String fieldName, final Object[] array, final Boolean fullDetail) {
    appendFieldStart(buffer, fieldName);
    if (array == null) {
        appendNullText(buffer, fieldName);
    } else if (isFullDetail(fullDetail)) {
        appendDetail(buffer, fieldName, array);
    } else {
        appendSummary(buffer, fieldName, array);
    }
    appendFieldEnd(buffer, fieldName);
}, typeSolver=com.github.javaparser.symbolsolver.resolution.typesolvers.CombinedTypeSolver@7bf9b098}, JavaParserMethodDeclaration{wrappedNode=/**
 * Appends to the {@code toString} a {@code double} array.
 *
 * @param buffer     the {@link StringBuffer} to populate.
 * @param fieldName  the field name.
 * @param array      the array to add to the toString.
 * @param fullDetail {@code true} for detail, {@code false} for summary info, {@code null} for style decides.
 */
public void append(final StringBuffer buffer, final String fieldName, final double[] array, final Boolean fullDetail) {
    appendFieldStart(buffer, fieldName);
    if (array == null) {
        appendNullText(buffer, fieldName);
    } else if (isFullDetail(fullDetail)) {
        appendDetail(buffer, fieldName, array);
    } else {
        appendSummary(buffer, fieldName, array);
    }
    appendFieldEnd(buffer, fieldName);
}, typeSolver=com.github.javaparser.symbolsolver.resolution.typesolvers.CombinedTypeSolver@7bf9b098}
In MethodDeclaration: Ambiguous method call: cannot find a most applicable method: JavaParserMethodDeclaration{wrappedNode=/**
 * Appends to the {@code toString} a {@code double} array.
 *
 * @param buffer     the {@link StringBuffer} to populate.
 * @param fieldName  the field name.
 * @param array      the array to add to the toString.
 * @param fullDetail {@code true} for detail, {@code false} for summary info, {@code null} for style decides.
 */
public void append(final StringBuffer buffer, final String fieldName, final double[] array, final Boolean fullDetail) {
    appendFieldStart(buffer, fieldName);
    if (array == null) {
        appendNullText(buffer, fieldName);
    } else if (isFullDetail(fullDetail)) {
        appendDetail(buffer, fieldName, array);
    } else {
        appendSummary(buffer, fieldName, array);
    }
    appendFieldEnd(buffer, fieldName);
}, typeSolver=com.github.javaparser.symbolsolver.resolution.typesolvers.CombinedTypeSolver@7bf9b098}, JavaParserMethodDeclaration{wrappedNode=/**
 * Appends to the {@code toString} an {@link Object} array.
 *
 * @param buffer     the {@link StringBuffer} to populate.
 * @param fieldName  the field name.
 * @param array      the array to add to the toString.
 * @param fullDetail {@code true} for detail, {@code false} for summary info, {@code null} for style decides.
 */
public void append(final StringBuffer buffer, final String fieldName, final Object[] array, final Boolean fullDetail) {
    appendFieldStart(buffer, fieldName);
    if (array == null) {
        appendNullText(buffer, fieldName);
    } else if (isFullDetail(fullDetail)) {
        appendDetail(buffer, fieldName, array);
    } else {
        appendSummary(buffer, fieldName, array);
    }
    appendFieldEnd(buffer, fieldName);
}, typeSolver=com.github.javaparser.symbolsolver.resolution.typesolvers.CombinedTypeSolver@7bf9b098}
In MethodDeclaration: Ambiguous method call: cannot find a most applicable method: JavaParserMethodDeclaration{wrappedNode=/**
 * Appends to the {@code toString} a {@code double} array.
 *
 * @param buffer     the {@link StringBuffer} to populate.
 * @param fieldName  the field name.
 * @param array      the array to add to the toString.
 * @param fullDetail {@code true} for detail, {@code false} for summary info, {@code null} for style decides.
 */
public void append(final StringBuffer buffer, final String fieldName, final double[] array, final Boolean fullDetail) {
    appendFieldStart(buffer, fieldName);
    if (array == null) {
        appendNullText(buffer, fieldName);
    } else if (isFullDetail(fullDetail)) {
        appendDetail(buffer, fieldName, array);
    } else {
        appendSummary(buffer, fieldName, array);
    }
    appendFieldEnd(buffer, fieldName);
}, typeSolver=com.github.javaparser.symbolsolver.resolution.typesolvers.CombinedTypeSolver@7bf9b098}, JavaParserMethodDeclaration{wrappedNode=/**
 * Appends to the {@code toString} an {@code int} array.
 *
 * @param buffer     the {@link StringBuffer} to populate.
 * @param fieldName  the field name.
 * @param array      the array to add to the {@code toString}.
 * @param fullDetail {@code true} for detail, {@code false} for summary info, {@code null} for style decides.
 */
public void append(final StringBuffer buffer, final String fieldName, final int[] array, final Boolean fullDetail) {
    appendFieldStart(buffer, fieldName);
    if (array == null) {
        appendNullText(buffer, fieldName);
    } else if (isFullDetail(fullDetail)) {
        appendDetail(buffer, fieldName, array);
    } else {
        appendSummary(buffer, fieldName, array);
    }
    appendFieldEnd(buffer, fieldName);
}, typeSolver=com.github.javaparser.symbolsolver.resolution.typesolvers.CombinedTypeSolver@7bf9b098}
In MethodDeclaration: Ambiguous method call: cannot find a most applicable method: JavaParserMethodDeclaration{wrappedNode=/**
 * Appends to the {@code toString} an {@link Object} array.
 *
 * @param buffer     the {@link StringBuffer} to populate.
 * @param fieldName  the field name.
 * @param array      the array to add to the toString.
 * @param fullDetail {@code true} for detail, {@code false} for summary info, {@code null} for style decides.
 */
public void append(final StringBuffer buffer, final String fieldName, final Object[] array, final Boolean fullDetail) {
    appendFieldStart(buffer, fieldName);
    if (array == null) {
        appendNullText(buffer, fieldName);
    } else if (isFullDetail(fullDetail)) {
        appendDetail(buffer, fieldName, array);
    } else {
        appendSummary(buffer, fieldName, array);
    }
    appendFieldEnd(buffer, fieldName);
}, typeSolver=com.github.javaparser.symbolsolver.resolution.typesolvers.CombinedTypeSolver@7bf9b098}, JavaParserMethodDeclaration{wrappedNode=/**
 * Appends to the {@code toString} a {@code double} array.
 *
 * @param buffer     the {@link StringBuffer} to populate.
 * @param fieldName  the field name.
 * @param array      the array to add to the toString.
 * @param fullDetail {@code true} for detail, {@code false} for summary info, {@code null} for style decides.
 */
public void append(final StringBuffer buffer, final String fieldName, final double[] array, final Boolean fullDetail) {
    appendFieldStart(buffer, fieldName);
    if (array == null) {
        appendNullText(buffer, fieldName);
    } else if (isFullDetail(fullDetail)) {
        appendDetail(buffer, fieldName, array);
    } else {
        appendSummary(buffer, fieldName, array);
    }
    appendFieldEnd(buffer, fieldName);
}, typeSolver=com.github.javaparser.symbolsolver.resolution.typesolvers.CombinedTypeSolver@7bf9b098}
In MethodDeclaration: Ambiguous method call: cannot find a most applicable method: JavaParserMethodDeclaration{wrappedNode=/**
 * Appends to the {@code toString} a {@code short} array.
 *
 * @param buffer     the {@link StringBuffer} to populate.
 * @param fieldName  the field name.
 * @param array      the array to add to the {@code toString}.
 * @param fullDetail {@code true} for detail, {@code false} for summary info, {@code null} for style decides.
 */
public void append(final StringBuffer buffer, final String fieldName, final short[] array, final Boolean fullDetail) {
    appendFieldStart(buffer, fieldName);
    if (array == null) {
        appendNullText(buffer, fieldName);
    } else if (isFullDetail(fullDetail)) {
        appendDetail(buffer, fieldName, array);
    } else {
        appendSummary(buffer, fieldName, array);
    }
    appendFieldEnd(buffer, fieldName);
}, typeSolver=com.github.javaparser.symbolsolver.resolution.typesolvers.CombinedTypeSolver@7bf9b098}, JavaParserMethodDeclaration{wrappedNode=/**
 * Appends to the {@code toString} an {@link Object} array.
 *
 * @param buffer     the {@link StringBuffer} to populate.
 * @param fieldName  the field name.
 * @param array      the array to add to the toString.
 * @param fullDetail {@code true} for detail, {@code false} for summary info, {@code null} for style decides.
 */
public void append(final StringBuffer buffer, final String fieldName, final Object[] array, final Boolean fullDetail) {
    appendFieldStart(buffer, fieldName);
    if (array == null) {
        appendNullText(buffer, fieldName);
    } else if (isFullDetail(fullDetail)) {
        appendDetail(buffer, fieldName, array);
    } else {
        appendSummary(buffer, fieldName, array);
    }
    appendFieldEnd(buffer, fieldName);
}, typeSolver=com.github.javaparser.symbolsolver.resolution.typesolvers.CombinedTypeSolver@7bf9b098}
In MethodDeclaration: Ambiguous method call: cannot find a most applicable method: JavaParserMethodDeclaration{wrappedNode=/**
 * Appends to the {@code toString} a {@code float} array.
 *
 * @param buffer     the {@link StringBuffer} to populate.
 * @param fieldName  the field name.
 * @param array      the array to add to the toString.
 * @param fullDetail {@code true} for detail, {@code false} for summary info, {@code null} for style decides.
 */
public void append(final StringBuffer buffer, final String fieldName, final float[] array, final Boolean fullDetail) {
    appendFieldStart(buffer, fieldName);
    if (array == null) {
        appendNullText(buffer, fieldName);
    } else if (isFullDetail(fullDetail)) {
        appendDetail(buffer, fieldName, array);
    } else {
        appendSummary(buffer, fieldName, array);
    }
    appendFieldEnd(buffer, fieldName);
}, typeSolver=com.github.javaparser.symbolsolver.resolution.typesolvers.CombinedTypeSolver@7bf9b098}, JavaParserMethodDeclaration{wrappedNode=/**
 * Appends to the {@code toString} an {@link Object} array.
 *
 * @param buffer     the {@link StringBuffer} to populate.
 * @param fieldName  the field name.
 * @param array      the array to add to the toString.
 * @param fullDetail {@code true} for detail, {@code false} for summary info, {@code null} for style decides.
 */
public void append(final StringBuffer buffer, final String fieldName, final Object[] array, final Boolean fullDetail) {
    appendFieldStart(buffer, fieldName);
    if (array == null) {
        appendNullText(buffer, fieldName);
    } else if (isFullDetail(fullDetail)) {
        appendDetail(buffer, fieldName, array);
    } else {
        appendSummary(buffer, fieldName, array);
    }
    appendFieldEnd(buffer, fieldName);
}, typeSolver=com.github.javaparser.symbolsolver.resolution.typesolvers.CombinedTypeSolver@7bf9b098}
In MethodDeclaration: Ambiguous method call: cannot find a most applicable method: JavaParserMethodDeclaration{wrappedNode=/**
 * Appends to the {@code toString} a summary of an {@link Object} array.
 *
 * @param buffer    the {@link StringBuffer} to populate.
 * @param fieldName the field name, typically not used as already appended.
 * @param array     the array to add to the {@code toString}, not {@code null}.
 */
protected void appendSummary(final StringBuffer buffer, final String fieldName, final Object[] array) {
    appendSummarySize(buffer, fieldName, array.length);
}, typeSolver=com.github.javaparser.symbolsolver.resolution.typesolvers.CombinedTypeSolver@7bf9b098}, JavaParserMethodDeclaration{wrappedNode=/**
 * Appends to the {@code toString} a summary of an {@code int} array.
 *
 * @param buffer    the {@link StringBuffer} to populate.
 * @param fieldName the field name, typically not used as already appended.
 * @param array     the array to add to the {@code toString}, not {@code null}.
 */
protected void appendSummary(final StringBuffer buffer, final String fieldName, final int[] array) {
    appendSummarySize(buffer, fieldName, array.length);
}, typeSolver=com.github.javaparser.symbolsolver.resolution.typesolvers.CombinedTypeSolver@7bf9b098}
In MethodDeclaration: Ambiguous method call: cannot find a most applicable method: JavaParserMethodDeclaration{wrappedNode=/**
 * Appends to the {@code toString} a summary of a {@code float} array.
 *
 * @param buffer    the {@link StringBuffer} to populate.
 * @param fieldName the field name, typically not used as already appended.
 * @param array     the array to add to the {@code toString}, not {@code null}.
 */
protected void appendSummary(final StringBuffer buffer, final String fieldName, final float[] array) {
    appendSummarySize(buffer, fieldName, array.length);
}, typeSolver=com.github.javaparser.symbolsolver.resolution.typesolvers.CombinedTypeSolver@7bf9b098}, JavaParserMethodDeclaration{wrappedNode=/**
 * Appends to the {@code toString} a summary of a {@code double} array.
 *
 * @param buffer    the {@link StringBuffer} to populate
 * @param fieldName the field name, typically not used as already appended
 * @param array     the array to add to the {@code toString}, not {@code null}
 */
protected void appendSummary(final StringBuffer buffer, final String fieldName, final double[] array) {
    appendSummarySize(buffer, fieldName, array.length);
}, typeSolver=com.github.javaparser.symbolsolver.resolution.typesolvers.CombinedTypeSolver@7bf9b098}
In MethodDeclaration: Ambiguous method call: cannot find a most applicable method: JavaParserMethodDeclaration{wrappedNode=/**
 * Appends to the {@code toString} a summary of a {@code double} array.
 *
 * @param buffer    the {@link StringBuffer} to populate
 * @param fieldName the field name, typically not used as already appended
 * @param array     the array to add to the {@code toString}, not {@code null}
 */
protected void appendSummary(final StringBuffer buffer, final String fieldName, final double[] array) {
    appendSummarySize(buffer, fieldName, array.length);
}, typeSolver=com.github.javaparser.symbolsolver.resolution.typesolvers.CombinedTypeSolver@7bf9b098}, JavaParserMethodDeclaration{wrappedNode=/**
 * Appends to the {@code toString} a summary of a {@code long} array.
 *
 * @param buffer    the {@link StringBuffer} to populate.
 * @param fieldName the field name, typically not used as already appended.
 * @param array     the array to add to the {@code toString}, not {@code null}.
 */
protected void appendSummary(final StringBuffer buffer, final String fieldName, final long[] array) {
    appendSummarySize(buffer, fieldName, array.length);
}, typeSolver=com.github.javaparser.symbolsolver.resolution.typesolvers.CombinedTypeSolver@7bf9b098}
In MethodDeclaration: Ambiguous method call: cannot find a most applicable method: JavaParserMethodDeclaration{wrappedNode=/**
 * Appends to the {@code toString} a summary of an {@link Object} array.
 *
 * @param buffer    the {@link StringBuffer} to populate.
 * @param fieldName the field name, typically not used as already appended.
 * @param array     the array to add to the {@code toString}, not {@code null}.
 */
protected void appendSummary(final StringBuffer buffer, final String fieldName, final Object[] array) {
    appendSummarySize(buffer, fieldName, array.length);
}, typeSolver=com.github.javaparser.symbolsolver.resolution.typesolvers.CombinedTypeSolver@7bf9b098}, JavaParserMethodDeclaration{wrappedNode=/**
 * Appends to the {@code toString} a summary of a {@code double} array.
 *
 * @param buffer    the {@link StringBuffer} to populate
 * @param fieldName the field name, typically not used as already appended
 * @param array     the array to add to the {@code toString}, not {@code null}
 */
protected void appendSummary(final StringBuffer buffer, final String fieldName, final double[] array) {
    appendSummarySize(buffer, fieldName, array.length);
}, typeSolver=com.github.javaparser.symbolsolver.resolution.typesolvers.CombinedTypeSolver@7bf9b098}
In MethodDeclaration: Ambiguous method call: cannot find a most applicable method: JavaParserMethodDeclaration{wrappedNode=/**
 * Appends to the {@code toString} a summary of an {@link Object} array.
 *
 * @param buffer    the {@link StringBuffer} to populate.
 * @param fieldName the field name, typically not used as already appended.
 * @param array     the array to add to the {@code toString}, not {@code null}.
 */
protected void appendSummary(final StringBuffer buffer, final String fieldName, final Object[] array) {
    appendSummarySize(buffer, fieldName, array.length);
}, typeSolver=com.github.javaparser.symbolsolver.resolution.typesolvers.CombinedTypeSolver@7bf9b098}, JavaParserMethodDeclaration{wrappedNode=/**
 * Appends to the {@code toString} a summary of a {@code double} array.
 *
 * @param buffer    the {@link StringBuffer} to populate
 * @param fieldName the field name, typically not used as already appended
 * @param array     the array to add to the {@code toString}, not {@code null}
 */
protected void appendSummary(final StringBuffer buffer, final String fieldName, final double[] array) {
    appendSummarySize(buffer, fieldName, array.length);
}, typeSolver=com.github.javaparser.symbolsolver.resolution.typesolvers.CombinedTypeSolver@7bf9b098}
In MethodDeclaration: Unsolved symbol in allSuperclassesAndInterfaces.stream().map(Class::getDeclaredMethods).flatMap(Stream::of).filter(method -> method.getName().equals(methodName)).forEach(methods::add) : allSuperclassesAndInterfaces.stream().map(Class::getDeclaredMethods).flatMap(Stream::of).filter(method -> method.getName().equals(methodName))
In MethodDeclaration: No param with index 3. Number of params: 3
In MethodDeclaration: No param with index 4. Number of params: 4
In MethodDeclaration: No param with index 3. Number of params: 3
In MethodDeclaration: Ambiguous method call: cannot find a most applicable method: JavaParserMethodDeclaration{wrappedNode=/**
 * A fluent version of {@link System#arraycopy(Object, int, Object, int, int)} that returns the destination array.
 *
 * @param <T>       the type.
 * @param source    the source array.
 * @param sourcePos starting position in the source array.
 * @param destPos   starting position in the destination data.
 * @param length    the number of array elements to be copied.
 * @param allocator allocates the array to populate and return.
 * @return dest
 * @throws IndexOutOfBoundsException if copying would cause access of data outside array bounds.
 * @throws ArrayStoreException       if an element in the {@code src} array could not be stored into the {@code dest} array because of a type
 *                                   mismatch.
 * @throws NullPointerException      if either {@code src} or {@code dest} is {@code null}.
 * @since 3.15.0
 */
public static <T> T arraycopy(final T source, final int sourcePos, final int destPos, final int length, final Supplier<T> allocator) {
    return arraycopy(source, sourcePos, allocator.get(), destPos, length);
}, typeSolver=com.github.javaparser.symbolsolver.resolution.typesolvers.CombinedTypeSolver@7bf9b098}, JavaParserMethodDeclaration{wrappedNode=/**
 * A fluent version of {@link System#arraycopy(Object, int, Object, int, int)} that returns the destination array.
 *
 * @param <T>       the type.
 * @param source    the source array.
 * @param sourcePos starting position in the source array.
 * @param destPos   starting position in the destination data.
 * @param length    the number of array elements to be copied.
 * @param allocator allocates the array to populate and return.
 * @return dest
 * @throws IndexOutOfBoundsException if copying would cause access of data outside array bounds.
 * @throws ArrayStoreException       if an element in the {@code src} array could not be stored into the {@code dest} array because of a type
 *                                   mismatch.
 * @throws NullPointerException      if either {@code src} or {@code dest} is {@code null}.
 * @since 3.15.0
 */
public static <T> T arraycopy(final T source, final int sourcePos, final int destPos, final int length, final Function<Integer, T> allocator) {
    return arraycopy(source, sourcePos, allocator.apply(length), destPos, length);
}, typeSolver=com.github.javaparser.symbolsolver.resolution.typesolvers.CombinedTypeSolver@7bf9b098}
In MethodDeclaration: Ambiguous method call: cannot find a most applicable method: JavaParserMethodDeclaration{wrappedNode=/**
 * A fluent version of {@link System#arraycopy(Object, int, Object, int, int)} that returns the destination array.
 *
 * @param <T>       the type.
 * @param source    the source array.
 * @param sourcePos starting position in the source array.
 * @param destPos   starting position in the destination data.
 * @param length    the number of array elements to be copied.
 * @param allocator allocates the array to populate and return.
 * @return dest
 * @throws IndexOutOfBoundsException if copying would cause access of data outside array bounds.
 * @throws ArrayStoreException       if an element in the {@code src} array could not be stored into the {@code dest} array because of a type
 *                                   mismatch.
 * @throws NullPointerException      if either {@code src} or {@code dest} is {@code null}.
 * @since 3.15.0
 */
public static <T> T arraycopy(final T source, final int sourcePos, final int destPos, final int length, final Supplier<T> allocator) {
    return arraycopy(source, sourcePos, allocator.get(), destPos, length);
}, typeSolver=com.github.javaparser.symbolsolver.resolution.typesolvers.CombinedTypeSolver@7bf9b098}, JavaParserMethodDeclaration{wrappedNode=/**
 * A fluent version of {@link System#arraycopy(Object, int, Object, int, int)} that returns the destination array.
 *
 * @param <T>       the type.
 * @param source    the source array.
 * @param sourcePos starting position in the source array.
 * @param destPos   starting position in the destination data.
 * @param length    the number of array elements to be copied.
 * @param allocator allocates the array to populate and return.
 * @return dest
 * @throws IndexOutOfBoundsException if copying would cause access of data outside array bounds.
 * @throws ArrayStoreException       if an element in the {@code src} array could not be stored into the {@code dest} array because of a type
 *                                   mismatch.
 * @throws NullPointerException      if either {@code src} or {@code dest} is {@code null}.
 * @since 3.15.0
 */
public static <T> T arraycopy(final T source, final int sourcePos, final int destPos, final int length, final Function<Integer, T> allocator) {
    return arraycopy(source, sourcePos, allocator.apply(length), destPos, length);
}, typeSolver=com.github.javaparser.symbolsolver.resolution.typesolvers.CombinedTypeSolver@7bf9b098}
In ConstructorDeclaration: Unsolved symbol : We are unable to find the method declaration corresponding to ArraySorter.sort(chars.clone())
In MethodDeclaration: Ambiguous method call: cannot find a most applicable method: JavaParserMethodDeclaration{wrappedNode=/**
 * Tests whether an array of primitive longs is empty or {@code null}.
 *
 * @param array  the array to test
 * @return {@code true} if the array is empty or {@code null}
 * @since 2.1
 */
public static boolean isEmpty(final long[] array) {
    return isArrayEmpty(array);
}, typeSolver=com.github.javaparser.symbolsolver.resolution.typesolvers.CombinedTypeSolver@7bf9b098}, JavaParserMethodDeclaration{wrappedNode=/**
 * Tests whether an array of primitive floats is empty or {@code null}.
 *
 * @param array  the array to test
 * @return {@code true} if the array is empty or {@code null}
 * @since 2.1
 */
public static boolean isEmpty(final float[] array) {
    return isArrayEmpty(array);
}, typeSolver=com.github.javaparser.symbolsolver.resolution.typesolvers.CombinedTypeSolver@7bf9b098}
In ConstructorDeclaration: Ambiguous method call: cannot find a most applicable method: JavaParserMethodDeclaration{wrappedNode=/**
 * Clones an array or returns {@code null}.
 * <p>
 * This method returns {@code null} for a {@code null} input array.
 * </p>
 *
 * @param array the array to clone, may be {@code null}
 * @return the cloned array, {@code null} if {@code null} input
 */
public static int[] clone(final int[] array) {
    return array != null ? array.clone() : null;
}, typeSolver=com.github.javaparser.symbolsolver.resolution.typesolvers.CombinedTypeSolver@7bf9b098}, JavaParserMethodDeclaration{wrappedNode=/**
 * Clones an array or returns {@code null}.
 * <p>
 * This method returns {@code null} for a {@code null} input array.
 * </p>
 *
 * @param array the array to clone, may be {@code null}
 * @return the cloned array, {@code null} if {@code null} input
 */
public static float[] clone(final float[] array) {
    return array != null ? array.clone() : null;
}, typeSolver=com.github.javaparser.symbolsolver.resolution.typesolvers.CombinedTypeSolver@7bf9b098}
In MethodDeclaration: Unsolved symbol : We are unable to find the method declaration corresponding to capitalize(str, null)
In MethodDeclaration: Unsolved symbol : We are unable to find the method declaration corresponding to capitalizeFully(str, null)
In MethodDeclaration: Unsolved symbol : We are unable to find the method declaration corresponding to initials(str, null)
In MethodDeclaration: Unsolved symbol : We are unable to find the method declaration corresponding to uncapitalize(str, null)
In ThrowStmt: Cannot invoke "java2rust.rust.IRustFunction.thrown()" because "method" is null
In MethodDeclaration: null
In MethodDeclaration: Unsolved symbol : org.junit.jupiter.api.Assertions
In MethodDeclaration: Unsolved symbol : solver
In ConstructorDeclaration: Unsolved symbol : IGNORE_ALL
In MethodDeclaration: Unsolved symbol : JarTypeSolver
In MethodDeclaration: Unsolved symbol in solvers.add(solver) : solvers
In InitializerDeclaration: class com.github.javaparser.ast.expr.ObjectCreationExpr cannot be cast to class com.github.javaparser.ast.body.BodyDeclaration (com.github.javaparser.ast.expr.ObjectCreationExpr and com.github.javaparser.ast.body.BodyDeclaration are in unnamed module of loader 'app')
In MethodDeclaration: Unsolved symbol : solver
In MethodDeclaration: Unsolved symbol in JavaParserFacade : Solving JavaParserFacade
Unknown identifier (not related to type solving) 'java.lang.String'
==> Analyzing 3 Java files...
Unknown identifier (not related to type solving) 'java.util.Optional'
Unknown identifier (not related to type solving) 'java.lang.Cloneable'
Unknown identifier (not related to type solving) 'java.util.function.Consumer'
Unknown identifier (not related to type solving) 'java.util.stream.Collectors'
Unknown identifier (not related to type solving) 'java.util.List'
Unknown identifier (not related to type solving) 'java.lang.Object'
In MethodCallExpr: Unsolved symbol : We are unable to find the method declaration corresponding to findAncestor(ClassOrInterfaceDeclaration.class)
In MethodCallExpr: Unsolved symbol : We are unable to find the method declaration corresponding to findAncestor(EnumDeclaration.class)
In MethodCallExpr: Unsolved symbol : We are unable to find the method declaration corresponding to findAncestor(ClassOrInterfaceDeclaration.class)
In MethodCallExpr: Unsolved symbol : We are unable to find the method declaration corresponding to findAncestor(EnumDeclaration.class)
In MethodCallExpr: Unsolved symbol : We are unable to find the method declaration corresponding to findAncestor(TypeDeclaration.class)
Unknown identifier (not related to type solving) 'java.util.Collections'
In MethodCallExpr: Unsolved symbol in findAncestor(TypeDeclaration.class).map(td -> (TypeDeclaration<?>) td).flatMap(td -> td.getFullyQualifiedName().map(fqn -> fqn + "." + getNameAsString())) : findAncestor(TypeDeclaration.class).map(td -> (TypeDeclaration<?>) td)
In MethodCallExpr: Unsolved symbol in findAncestor(TypeDeclaration.class).map(td -> (TypeDeclaration<?>) td) : findAncestor(TypeDeclaration.class)
In MethodCallExpr: Unsolved symbol : We are unable to find the method declaration corresponding to findAncestor(TypeDeclaration.class)
In MethodCallExpr: Unsolved symbol in td.getFullyQualifiedName().map(fqn -> fqn + "." + getNameAsString()) : td.getFullyQualifiedName()
In MethodCallExpr: Unsolved symbol in td.getFullyQualifiedName() : td
Unknown identifier (not related to type solving) 'java.util.Collection'
Unknown identifier (not related to type solving) 'java.util.Set'
Unknown identifier (not related to type solving) 'java.util.TreeSet'
Unknown identifier (not related to type solving) 'java.util.regex.Pattern'
Unknown identifier (not related to type solving) 'java.lang.Class'
Unknown identifier (not related to type solving) 'java.nio.file.Path'
Unknown identifier (not related to type solving) 'java.nio.charset.Charset'
Unknown identifier (not related to type solving) 'java.util.function.Function'
Unknown identifier (not related to type solving) 'java.util.function.Predicate'
Unknown identifier (not related to type solving) 'java.lang.Number'
Unknown identifier (not related to type solving) 'java.math.BigInteger'
Unknown identifier (not related to type solving) 'java.util.stream.Stream'
In MethodCallExpr: Unsolved symbol in range(0, rawLines.length).mapToObj(nr -> new Pair<>(nr, rawLines[nr])).filter(l -> !emptyOrWhitespace(l.b) || isLastLine(rawLines, l.a)).map(l -> indentSize(l.b)).min(Integer::compare).orElse(0) : range(0, rawLines.length).mapToObj(nr -> new Pair<>(nr, rawLines[nr])).filter(l -> !emptyOrWhitespace(l.b) || isLastLine(rawLines, l.a)).map(l -> indentSize(l.b)).min(Integer::compare)
In MethodCallExpr: Unsolved symbol in range(0, rawLines.length).mapToObj(nr -> new Pair<>(nr, rawLines[nr])).filter(l -> !emptyOrWhitespace(l.b) || isLastLine(rawLines, l.a)).map(l -> indentSize(l.b)).min(Integer::compare) : range(0, rawLines.length).mapToObj(nr -> new Pair<>(nr, rawLines[nr])).filter(l -> !emptyOrWhitespace(l.b) || isLastLine(rawLines, l.a)).map(l -> indentSize(l.b))
Unknown identifier (not related to type solving) 'java.util.stream.IntStream'
In MethodCallExpr: Unsolved symbol : We are unable to find the method declaration corresponding to emptyOrWhitespace(l.b)
In MethodCallExpr: Unsolved symbol : We are unable to find the method declaration corresponding to isLastLine(rawLines, l.a)
In MethodCallExpr: Unsolved symbol : We are unable to find the method declaration corresponding to indentSize(l.b)
In MethodCallExpr: Unsolved symbol in Arrays.stream(rawLines).map(l -> l.length() < commonWhiteSpacePrefixSize ? l : l.substring(commonWhiteSpacePrefixSize)).map(this::trimTrailing) : Arrays.stream(rawLines).map(l -> l.length() < commonWhiteSpacePrefixSize ? l : l.substring(commonWhiteSpacePrefixSize))
Unknown identifier (not related to type solving) 'java.lang.Integer'
Unknown identifier (not related to type solving) 'java.util.Comparator'
In MethodCallExpr: Unsolved symbol in o.parentChange(this, parentNode, newParentNode) : o
In MethodCallExpr: Unsolved symbol in findAncestor(CompilationUnit.class).ifPresent(p -> p.addImport(clazz)) : findAncestor(CompilationUnit.class)
In MethodCallExpr: Unsolved symbol : We are unable to find the method declaration corresponding to findAncestor(CompilationUnit.class)
In MethodCallExpr: Unsolved symbol in p.addImport(clazz) : p
In MethodCallExpr: Unsolved symbol in o.propertyChange(this, property, oldValue, newValue) : o
Unknown identifier (not related to type solving) 'java.util.Iterator'
Unknown identifier (not related to type solving) 'java.lang.Iterable'
Unknown identifier (not related to type solving) 'java.util.ArrayList'
Unknown identifier (not related to type solving) 'java.util.IdentityHashMap'
Unknown identifier (not related to type solving) 'java.util.Queue'
Unknown identifier (not related to type solving) 'java.util.Stack'
Unknown identifier (not related to type solving) 'java.util.function.UnaryOperator'
In MethodCallExpr: Ambiguous method call: cannot find a most applicable method: MethodUsage{declaration=ReflectionMethodDeclaration{method=public abstract java.lang.Object java.util.function.Function.apply(java.lang.Object)}, paramTypes=[TypeVariable {JPTypeParameter(N, bounds=[Node])}]}, MethodUsage{declaration=ReflectionMethodDeclaration{method=public abstract java.lang.Object java.util.function.Function.apply(java.lang.Object)}, paramTypes=[TypeVariable {ReflectionTypeParameter{typeVariable=T}}]}. First declared in java.util.function.Function
Unknown identifier (not related to type solving) 'java.util.ListIterator'
Unknown identifier (not related to type solving) 'java.util.Spliterator'
Unknown identifier (not related to type solving) 'java.util.stream.Collector'
Unknown identifier (not related to type solving) 'java.util.SequencedCollection'
Unknown identifier (not related to type solving) 'java.lang.Boolean'
Unknown identifier (not related to type solving) 'java.util.HashMap'
In MethodCallExpr: Unsolved symbol in n.isInterface() : n
In MethodCallExpr: Unsolved symbol in n.getExtendedTypes().size() : n.getExtendedTypes()
In MethodCallExpr: Unsolved symbol in n.getExtendedTypes() : n
In MethodCallExpr: Unknown node type: ObjectCreationExpr
In MethodCallExpr: Unsolved symbol in n.getExtendedTypes(1) : n
In MethodCallExpr: Unsolved symbol in n.isInterface() : n
In MethodCallExpr: Unsolved symbol in n.getImplementedTypes().isEmpty() : n.getImplementedTypes()
In MethodCallExpr: Unsolved symbol in n.getImplementedTypes() : n
In MethodCallExpr: Unknown node type: ObjectCreationExpr
In MethodCallExpr: Unsolved symbol in n.getImplementedTypes(0) : n
In MethodCallExpr: Unsolved symbol in n.isInterface() : n
In MethodCallExpr: Unsolved symbol in n.getMembers().forEach(mem -> {
    if (mem instanceof InitializerDeclaration) {
        reporter.report(mem, "An interface cannot have initializers.");
    }
}) : n.getMembers()
In MethodCallExpr: Unsolved symbol in n.getMembers() : n
In MethodCallExpr: Unsolved symbol in n.getMembers().forEach(mem -> {
    if (mem instanceof InitializerDeclaration) {
        reporter.report(mem, "An interface cannot have initializers.");
    }
}) : n.getMembers()
In MethodCallExpr: Unsolved symbol in n.getTarget() : n
In MethodCallExpr: Unknown node type: ObjectCreationExpr
In MethodCallExpr: Unsolved symbol in n.getTarget() : n
In MethodCallExpr: Unsolved symbol in node.getMetaModel() : node
In MethodCallExpr: Unknown node type: ObjectCreationExpr
In MethodCallExpr: Unknown node type: ObjectCreationExpr
Unknown identifier (not related to type solving) 'java.util.function.BiConsumer'
Unknown identifier (not related to type solving) 'java.util.Arrays'
In MethodCallExpr: Ambiguous method call: cannot find a most applicable method: JavaParserMethodDeclaration{wrappedNode=public boolean contains(N node) {
    return innerList.contains(node);
}, typeSolver=com.github.javaparser.symbolsolver.resolution.typesolvers.CombinedTypeSolver@7bf9b098}, ReflectionMethodDeclaration{method=public abstract boolean java.util.Collection.contains(java.lang.Object)}
In MethodCallExpr: Unsolved symbol : We are unable to find the method declaration corresponding to node.findAncestor(VariableDeclarator.class)
In MethodCallExpr: Unsolved symbol in node.findAncestor(Parameter.class).flatMap(Node::getParentNode).map((Node p) -> p instanceof LambdaExpr).orElse(false) : node.findAncestor(Parameter.class).flatMap(Node::getParentNode).map((Node p) -> p instanceof LambdaExpr)
In MethodCallExpr: Unsolved symbol in node.findAncestor(Parameter.class).flatMap(Node::getParentNode).map((Node p) -> p instanceof LambdaExpr) : node.findAncestor(Parameter.class).flatMap(Node::getParentNode)
In MethodCallExpr: Unsolved symbol in node.findAncestor(Parameter.class).flatMap(Node::getParentNode) : node.findAncestor(Parameter.class)
In MethodCallExpr: Unsolved symbol : We are unable to find the method declaration corresponding to node.findAncestor(Parameter.class)
In MethodCallExpr: Unsolved symbol in n.getName().getIdentifier().equals("sealed") : n.getName().getIdentifier()
In MethodCallExpr: Unsolved symbol in n.getName().getIdentifier() : n.getName()
In MethodCallExpr: Unsolved symbol in n.getName() : n
In MethodCallExpr: Unknown node type: ObjectCreationExpr
In MethodCallExpr: Unsolved symbol in n.getName().getIdentifier().equals("permits") : n.getName().getIdentifier()
In MethodCallExpr: Unsolved symbol in n.getName().getIdentifier() : n.getName()
In MethodCallExpr: Unsolved symbol in n.getName() : n
In MethodCallExpr: Unknown node type: ObjectCreationExpr
In MethodCallExpr: Unknown node type: ObjectCreationExpr
In MethodCallExpr: Unknown node type: ObjectCreationExpr
In MethodCallExpr: Unsolved symbol in n.isTopLevelType() : n
In MethodCallExpr: Unknown node type: ObjectCreationExpr
In MethodCallExpr: Unknown node type: ObjectCreationExpr
In MethodCallExpr: Unknown node type: ObjectCreationExpr
In MethodCallExpr: Unknown node type: ObjectCreationExpr
In MethodCallExpr: Unsolved symbol in n.getCatchClauses().isEmpty() : n.getCatchClauses()
In MethodCallExpr: Unsolved symbol in n.getCatchClauses() : n
In MethodCallExpr: Unsolved symbol in n.getFinallyBlock().isPresent() : n.getFinallyBlock()
In MethodCallExpr: Unsolved symbol in n.getFinallyBlock() : n
In MethodCallExpr: Unknown node type: ObjectCreationExpr
In MethodCallExpr: Unsolved symbol in n.getResources().isNonEmpty() : n.getResources()
In MethodCallExpr: Unsolved symbol in n.getResources() : n
In MethodCallExpr: Unknown node type: ObjectCreationExpr
In MethodCallExpr: Unknown node type: ObjectCreationExpr
In MethodCallExpr: Unknown node type: ObjectCreationExpr
In MethodCallExpr: Unknown node type: ObjectCreationExpr
In MethodCallExpr: Unknown node type: ObjectCreationExpr
In MethodCallExpr: Unknown node type: ObjectCreationExpr
In MethodCallExpr: Unsolved symbol in n.getLabels().size() : n.getLabels()
In MethodCallExpr: Unsolved symbol in n.getLabels() : n
In MethodCallExpr: Unknown node type: ObjectCreationExpr
In MethodCallExpr: Unsolved symbol in n.getLabels().getParentNode().get() : n.getLabels().getParentNode()
In MethodCallExpr: Unsolved symbol in n.getLabels().getParentNode() : n.getLabels()
In MethodCallExpr: Unsolved symbol in n.getLabels() : n
In MethodCallExpr: Unknown node type: ObjectCreationExpr
In MethodCallExpr: Unknown node type: ObjectCreationExpr
In MethodCallExpr: Unknown node type: ObjectCreationExpr
In MethodCallExpr: Unknown node type: ObjectCreationExpr
In MethodCallExpr: Unknown node type: ObjectCreationExpr
In MethodCallExpr: Unsolved symbol in n.getPattern().isPresent() : n.getPattern()
In MethodCallExpr: Unsolved symbol in n.getPattern() : n
In MethodCallExpr: Unknown node type: ObjectCreationExpr
In MethodCallExpr: Unknown node type: ObjectCreationExpr
In MethodCallExpr: Unknown node type: ObjectCreationExpr
In MethodCallExpr: Unsolved symbol in n.hasModifier(Modifier.Keyword.SEALED) : n
In MethodCallExpr: Unsolved symbol in n.hasModifier(Modifier.Keyword.NON_SEALED) : n
In MethodCallExpr: Unknown node type: ObjectCreationExpr
In MethodCallExpr: Unsolved symbol in n.getPermittedTypes().isNonEmpty() : n.getPermittedTypes()
In MethodCallExpr: Unsolved symbol in n.getPermittedTypes() : n
In MethodCallExpr: Unknown node type: ObjectCreationExpr
In MethodCallExpr: Unsolved symbol in n.getLabels().isNonEmpty() : n.getLabels()
In MethodCallExpr: Unsolved symbol in n.getLabels() : n
In MethodCallExpr: Unsolved symbol in n.isDefault() : n
In MethodCallExpr: Unknown node type: ObjectCreationExpr
In MethodCallExpr: Unsolved symbol in n.getGuard().isPresent() : n.getGuard()
In MethodCallExpr: Unsolved symbol in n.getGuard() : n
In MethodCallExpr: Unsolved symbol in n.getLabels().stream().anyMatch(expr -> expr.isComponentPatternExpr()) : n.getLabels().stream()
In MethodCallExpr: Unsolved symbol in n.getLabels().stream() : n.getLabels()
In MethodCallExpr: Unsolved symbol in n.getLabels() : n
In MethodCallExpr: Unsolved symbol in expr.isComponentPatternExpr() : expr
In MethodCallExpr: Unknown node type: ObjectCreationExpr
In MethodCallExpr: Unknown node type: ObjectCreationExpr
In MethodCallExpr: Unknown node type: ObjectCreationExpr
In MethodCallExpr: Unsolved symbol in n.getParentNode().ifPresent(p -> {
    if (p instanceof LocalClassDeclarationStmt && n.isInterface())
        reporter.report(n, new UpgradeJavaMessage("There is no such thing as a local interface.", ParserConfiguration.LanguageLevel.JAVA_16));
}) : n.getParentNode()
In MethodCallExpr: Unsolved symbol in n.getParentNode() : n
In MethodCallExpr: Unsolved symbol in n.isInterface() : n
In MethodCallExpr: Unknown node type: ObjectCreationExpr
In MethodCallExpr: Unsolved symbol in name.getIdentifier().equals("_") : name.getIdentifier()
In MethodCallExpr: Unsolved symbol in name.getIdentifier() : name
In MethodCallExpr: Unknown node type: ObjectCreationExpr
In MethodCallExpr: Unsolved symbol in name.getParentNode().get() : name.getParentNode()
In MethodCallExpr: Unsolved symbol in name.getParentNode() : name
In MethodCallExpr: Unknown node type: ObjectCreationExpr
In MethodCallExpr: Unknown node type: ObjectCreationExpr
In MethodCallExpr: Unknown node type: ObjectCreationExpr
In MethodCallExpr: Unknown node type: ObjectCreationExpr
In MethodCallExpr: Unknown node type: ObjectCreationExpr
In MethodCallExpr: Unknown node type: ObjectCreationExpr
In MethodCallExpr: Unsolved symbol in patternExpr.getParentNode().isPresent() : patternExpr.getParentNode()
In MethodCallExpr: Unsolved symbol in patternExpr.getParentNode() : patternExpr
In MethodCallExpr: Unsolved symbol in patternExpr.getParentNode().get() : patternExpr.getParentNode()
In MethodCallExpr: Unsolved symbol in patternExpr.getParentNode() : patternExpr
In MethodCallExpr: Unknown node type: ObjectCreationExpr
In MethodCallExpr: Unknown node type: ObjectCreationExpr
In MethodCallExpr: Unknown node type: ObjectCreationExpr
In MethodCallExpr: Unsolved symbol in node.getVariable() : node
In MethodCallExpr: Unknown node type: ObjectCreationExpr
In MethodCallExpr: Unsolved symbol in n.getCatchClauses().isEmpty() : n.getCatchClauses()
In MethodCallExpr: Unsolved symbol in n.getCatchClauses() : n
In MethodCallExpr: Unsolved symbol in n.getResources().isEmpty() : n.getResources()
In MethodCallExpr: Unsolved symbol in n.getResources() : n
In MethodCallExpr: Unsolved symbol in n.getFinallyBlock().isPresent() : n.getFinallyBlock()
In MethodCallExpr: Unsolved symbol in n.getFinallyBlock() : n
In MethodCallExpr: Unknown node type: ObjectCreationExpr
In MethodCallExpr: Unsolved symbol in n.getResources() : n
In MethodCallExpr: Unknown node type: ObjectCreationExpr
In MethodCallExpr: Unsolved symbol in n.getElements().size() : n.getElements()
In MethodCallExpr: Unsolved symbol in n.getElements() : n
In MethodCallExpr: Unknown node type: ObjectCreationExpr
In MethodCallExpr: Unsolved symbol in n.isInterface() : n
In MethodCallExpr: Unsolved symbol in n.getMethods().forEach(m -> {
    if (m.isDefault() && !m.getBody().isPresent()) {
        reporter.report(m, "'default' methods must have a body.");
    }
}) : n.getMethods()
In MethodCallExpr: Unsolved symbol in n.getMethods() : n
In MethodCallExpr: Unsolved symbol in m.isDefault() : m
In MethodCallExpr: Unsolved symbol in m.getBody().isPresent() : m.getBody()
In MethodCallExpr: Unsolved symbol in m.getBody() : m
In MethodCallExpr: Unsolved symbol in n.getMethods().forEach(m -> {
    if (m.isDefault() && !m.getBody().isPresent()) {
        reporter.report(m, "'default' methods must have a body.");
    }
}) : n.getMethods()
In MethodCallExpr: Unsolved symbol in n.getCatchClauses().isEmpty() : n.getCatchClauses()
In MethodCallExpr: Unsolved symbol in n.getCatchClauses() : n
In MethodCallExpr: Unsolved symbol in n.getResources().isEmpty() : n.getResources()
In MethodCallExpr: Unsolved symbol in n.getResources() : n
In MethodCallExpr: Unsolved symbol in n.getFinallyBlock().isPresent() : n.getFinallyBlock()
In MethodCallExpr: Unsolved symbol in n.getFinallyBlock() : n
In MethodCallExpr: Unknown node type: ObjectCreationExpr
In MethodCallExpr: Unknown node type: ExplicitConstructorInvocationStmt
In MethodCallExpr: Unknown node type: ExplicitConstructorInvocationStmt
In MethodCallExpr: Unknown node type: ObjectCreationExpr
In MethodCallExpr: Unknown node type: ObjectCreationExpr
In MethodCallExpr: Unsolved symbol in ((NodeList<? extends Node>) n).stream().filter(Objects::nonNull).flatMap(v -> v.accept(this, arg).stream()).collect(Collectors.toList()) : ((NodeList<? extends Node>) n).stream().filter(Objects::nonNull).flatMap(v -> v.accept(this, arg).stream())
Unknown identifier (not related to type solving) 'java.lang.Void'
In MethodCallExpr: Unsolved symbol in list.map(ns -> modifyList(ns, arg)).orElse(null) : list.map(ns -> modifyList(ns, arg))
In MethodCallExpr: Unsolved symbol : We are unable to find the method declaration corresponding to modifyList(ns, arg)
Unknown identifier (not related to type solving) 'java.util.function.BiFunction'
In MethodCallExpr: Unsolved symbol in findAncestor(n -> n == ancestor, Node.class).isPresent() : findAncestor(n -> n == ancestor, Node.class)
In MethodCallExpr: Unsolved symbol : We are unable to find the method declaration corresponding to findAncestor(n -> n == ancestor, Node.class)
In MethodCallExpr: Unsolved symbol in Arrays.stream(lines).map(l -> {
    int asteriskOrLastMdSlashIndex = startsWithAsteriskOrMdSlash(l);
    if (asteriskOrLastMdSlashIndex == -1) {
        return l;
    }
    if (l.length() > (asteriskOrLastMdSlashIndex + 1)) {
        char c = l.charAt(asteriskOrLastMdSlashIndex + 1);
        if (c == ' ' || c == '\t') {
            return l.substring(asteriskOrLastMdSlashIndex + 2);
        }
    }
    return l.substring(asteriskOrLastMdSlashIndex + 1);
}).collect(Collectors.toList()) : Arrays.stream(lines).map(l -> {
    int asteriskOrLastMdSlashIndex = startsWithAsteriskOrMdSlash(l);
    if (asteriskOrLastMdSlashIndex == -1) {
        return l;
    }
    if (l.length() > (asteriskOrLastMdSlashIndex + 1)) {
        char c = l.charAt(asteriskOrLastMdSlashIndex + 1);
        if (c == ' ' || c == '\t') {
            return l.substring(asteriskOrLastMdSlashIndex + 2);
        }
    }
    return l.substring(asteriskOrLastMdSlashIndex + 1);
})
In MethodCallExpr: Unsolved symbol in cleanedLines.stream().map(l -> l.trim().isEmpty() ? "" : l).collect(Collectors.toList()) : cleanedLines.stream().map(l -> l.trim().isEmpty() ? "" : l)
Unknown identifier (not related to type solving) 'java.io.InputStream'
Unknown identifier (not related to type solving) 'java.io.File'
Unknown identifier (not related to type solving) 'java.lang.ClassLoader'
Unknown identifier (not related to type solving) 'java.io.Reader'
Unknown identifier (not related to type solving) 'java.util.Map'
Unknown identifier (not related to type solving) 'java.io.Closeable'
Unknown identifier (not related to type solving) 'java.lang.AutoCloseable'
Unknown identifier (not related to type solving) 'java.lang.Throwable'
Unknown identifier (not related to type solving) 'java.io.Serializable'
In MethodCallExpr: Unknown node type: ObjectCreationExpr
In MethodCallExpr: Unknown node type: ObjectCreationExpr
Unknown identifier (not related to type solving) 'java.lang.Comparable'
Unknown identifier (not related to type solving) 'java.lang.Character'
In MethodCallExpr: Unsolved symbol in n.findAncestor(NodeWithVariables.class).ifPresent(ancestor -> ((NodeWithVariables<?>) ancestor).getMaximumCommonType().ifPresent(commonType -> {
    final Type type = n.getType();
    ArrayType arrayType = null;
    for (int i = commonType.getArrayLevel(); i < type.getArrayLevel(); i++) {
        if (arrayType == null) {
            arrayType = (ArrayType) type;
        } else {
            arrayType = (ArrayType) arrayType.getComponentType();
        }
        printAnnotations(arrayType.getAnnotations(), true, arg);
        printer.print("[]");
    }
})) : n.findAncestor(NodeWithVariables.class)
In MethodCallExpr: Unsolved symbol : We are unable to find the method declaration corresponding to n.findAncestor(NodeWithVariables.class)
In MethodCallExpr: Unsolved symbol in n.findAncestor(Statement.class).map(p -> p.isReturnStmt() || p.isThrowStmt() || p.isAssertStmt() || p.isExpressionStmt()).orElse(false) : n.findAncestor(Statement.class).map(p -> p.isReturnStmt() || p.isThrowStmt() || p.isAssertStmt() || p.isExpressionStmt())
In MethodCallExpr: Unsolved symbol in n.findAncestor(Statement.class).map(p -> p.isReturnStmt() || p.isThrowStmt() || p.isAssertStmt() || p.isExpressionStmt()) : n.findAncestor(Statement.class)
In MethodCallExpr: Unsolved symbol : We are unable to find the method declaration corresponding to n.findAncestor(Statement.class)
In MethodCallExpr: Unsolved symbol in p.isReturnStmt() : p
In MethodCallExpr: Unsolved symbol in p.isThrowStmt() : p
In MethodCallExpr: Unsolved symbol in p.isAssertStmt() : p
In MethodCallExpr: Unsolved symbol in p.isExpressionStmt() : p
In MethodCallExpr: Unsolved symbol : We are unable to find the method declaration corresponding to printer.print(getOption(ConfigOption.END_OF_LINE_CHARACTER).get().asValue())
In MethodCallExpr: Unsolved symbol : We are unable to find the method declaration corresponding to printer.print(getOption(ConfigOption.END_OF_LINE_CHARACTER).get().asValue())
Unknown identifier (not related to type solving) 'java.lang.StringBuilder'
In MethodCallExpr: Unsolved symbol in removedElementsMap.computeIfAbsent(firstElement, key -> new ArrayList<>()).add((Removed) diffElement) : removedElementsMap.computeIfAbsent(firstElement, key -> new ArrayList<>())
Unknown identifier (not related to type solving) 'java.lang.reflect.Method'
Unknown identifier (not related to type solving) 'java.io.StringWriter'
In MethodCallExpr: Unsolved symbol in elements.stream().map(element -> isNewLineToken(element) ? lineSeparator : element).collect(Collectors.toList()) : elements.stream().map(element -> isNewLineToken(element) ? lineSeparator : element)
In MethodCallExpr: Unsolved symbol in getRange().flatMap(r1 -> textElement.getRange().map(r1::equals)).orElse(true) : getRange().flatMap(r1 -> textElement.getRange().map(r1::equals))
In MethodCallExpr: Unsolved symbol in n.findAncestor(NodeWithVariables.class).ifPresent(ancestor -> ((NodeWithVariables<?>) ancestor).getMaximumCommonType().ifPresent(commonType -> {
    final Type type = n.getType();
    ArrayType arrayType = null;
    for (int i = commonType.getArrayLevel(); i < type.getArrayLevel(); i++) {
        if (arrayType == null) {
            arrayType = (ArrayType) type;
        } else {
            arrayType = (ArrayType) arrayType.getComponentType();
        }
        printAnnotations(arrayType.getAnnotations(), true, arg);
        printer.print("[]");
    }
})) : n.findAncestor(NodeWithVariables.class)
In MethodCallExpr: Unsolved symbol : We are unable to find the method declaration corresponding to n.findAncestor(NodeWithVariables.class)
In MethodCallExpr: Unsolved symbol in n.findAncestor(Statement.class).map(p -> p.isReturnStmt() || p.isThrowStmt() || p.isAssertStmt() || p.isExpressionStmt()).orElse(false) : n.findAncestor(Statement.class).map(p -> p.isReturnStmt() || p.isThrowStmt() || p.isAssertStmt() || p.isExpressionStmt())
In MethodCallExpr: Unsolved symbol in n.findAncestor(Statement.class).map(p -> p.isReturnStmt() || p.isThrowStmt() || p.isAssertStmt() || p.isExpressionStmt()) : n.findAncestor(Statement.class)
In MethodCallExpr: Unsolved symbol : We are unable to find the method declaration corresponding to n.findAncestor(Statement.class)
In MethodCallExpr: Unsolved symbol in p.isReturnStmt() : p
In MethodCallExpr: Unsolved symbol in p.isThrowStmt() : p
In MethodCallExpr: Unsolved symbol in p.isAssertStmt() : p
In MethodCallExpr: Unsolved symbol in p.isExpressionStmt() : p
In MethodCallExpr: Unable to resolve method reference NodeWithName::getNameAsString with param types [TypeVariable {ReflectionTypeParameter{typeVariable=T}}, TypeVariable {ReflectionTypeParameter{typeVariable=T}}]. Candidates found: 1 method(s) named 'getNameAsString' in type ReferenceType{com.github.javaparser.ast.nodeTypes.NodeWithName, typeParametersMap=TypeParametersMap{nameToValue={com.github.javaparser.ast.nodeTypes.NodeWithName.N=TypeVariable {JPTypeParameter(N, bounds=[Node])}}}}
Unknown identifier (not related to type solving) 'java.util.Deque'
Unknown identifier (not related to type solving) 'java.io.Writer'
Unknown identifier (not related to type solving) 'javax.xml.stream.XMLStreamWriter'
Unknown identifier (not related to type solving) 'javax.xml.stream.XMLStreamException'
Unknown identifier (not related to type solving) 'java.lang.reflect.Parameter'
Unknown identifier (not related to type solving) 'java.lang.ThreadLocal'
Unknown identifier (not related to type solving) 'java.nio.file.PathMatcher'
Unknown identifier (not related to type solving) 'java.util.function.Supplier'
Unknown identifier (not related to type solving) 'java.nio.file.attribute.BasicFileAttributes'
Unknown identifier (not related to type solving) 'java.nio.file.FileVisitResult'
Unknown identifier (not related to type solving) 'java.io.IOException'
Unknown identifier (not related to type solving) 'java.lang.CharSequence'
In MethodCallExpr: Unsolved symbol in attrs.isDirectory() : attrs
In MethodCallExpr: Unsolved symbol in file.toString().endsWith(".java") : file.toString()
In MethodCallExpr: Unsolved symbol in file.toString() : file
In MethodCallExpr: Unknown node type: ObjectCreationExpr
In MethodCallExpr: Unsolved symbol in file.getParent() : file
In MethodCallExpr: Unknown node type: ObjectCreationExpr
In MethodCallExpr: Unsolved symbol in file.getFileName().toString() : file.getFileName()
In MethodCallExpr: Unsolved symbol in file.getFileName() : file
In MethodCallExpr: Unsolved symbol in attrs.isDirectory() : attrs
In MethodCallExpr: Unsolved symbol in absolutePath.toString().endsWith(".java") : absolutePath.toString()
In MethodCallExpr: Unsolved symbol in absolutePath.toString() : absolutePath
In MethodCallExpr: Unknown node type: ObjectCreationExpr
Unknown identifier (not related to type solving) 'java.util.concurrent.Future'
Unknown identifier (not related to type solving) 'java.util.HashSet'
In MethodCallExpr: Unsolved symbol in innerMap.entrySet().stream().map(e -> new HashMap.SimpleEntry<>(e.getKey().overridden, e.getValue())).collect(Collectors.toSet()) : innerMap.entrySet().stream().map(e -> new HashMap.SimpleEntry<>(e.getKey().overridden, e.getValue()))
In NameExpr: java.lang.StackOverflowError
In FieldAccessExpr: java.lang.StackOverflowError
In NameExpr: java.lang.StackOverflowError
In FieldAccessExpr: java.lang.StackOverflowError
In NameExpr: java.lang.StackOverflowError
In FieldAccessExpr: java.lang.StackOverflowError
In NameExpr: java.lang.StackOverflowError
In FieldAccessExpr: java.lang.StackOverflowError
In NameExpr: java.lang.StackOverflowError
In FieldAccessExpr: java.lang.StackOverflowError
In NameExpr: java.lang.StackOverflowError
In FieldAccessExpr: java.lang.StackOverflowError
In NameExpr: java.lang.StackOverflowError
In FieldAccessExpr: java.lang.StackOverflowError
In NameExpr: java.lang.StackOverflowError
In FieldAccessExpr: java.lang.StackOverflowError
In NameExpr: java.lang.StackOverflowError
In FieldAccessExpr: java.lang.StackOverflowError
In NameExpr: java.lang.StackOverflowError
In FieldAccessExpr: java.lang.StackOverflowError
In NameExpr: java.lang.StackOverflowError
In FieldAccessExpr: java.lang.StackOverflowError
In NameExpr: java.lang.StackOverflowError
In FieldAccessExpr: java.lang.StackOverflowError
In NameExpr: java.lang.StackOverflowError
In FieldAccessExpr: java.lang.StackOverflowError
In NameExpr: java.lang.StackOverflowError
In FieldAccessExpr: java.lang.StackOverflowError
In NameExpr: java.lang.StackOverflowError
In FieldAccessExpr: java.lang.StackOverflowError
In NameExpr: java.lang.StackOverflowError
In FieldAccessExpr: java.lang.StackOverflowError
In NameExpr: java.lang.StackOverflowError
In FieldAccessExpr: java.lang.StackOverflowError
In NameExpr: java.lang.StackOverflowError
In FieldAccessExpr: java.lang.StackOverflowError
In NameExpr: java.lang.StackOverflowError
In FieldAccessExpr: java.lang.StackOverflowError
In NameExpr: java.lang.StackOverflowError
In FieldAccessExpr: java.lang.StackOverflowError
In NameExpr: java.lang.StackOverflowError
In FieldAccessExpr: java.lang.StackOverflowError
In NameExpr: java.lang.StackOverflowError
In FieldAccessExpr: java.lang.StackOverflowError
In NameExpr: java.lang.StackOverflowError
In FieldAccessExpr: java.lang.StackOverflowError
In NameExpr: java.lang.StackOverflowError
In FieldAccessExpr: java.lang.StackOverflowError
In NameExpr: java.lang.StackOverflowError
In FieldAccessExpr: java.lang.StackOverflowError
In NameExpr: java.lang.StackOverflowError
In FieldAccessExpr: java.lang.StackOverflowError
In NameExpr: java.lang.StackOverflowError
In FieldAccessExpr: java.lang.StackOverflowError
In NameExpr: java.lang.StackOverflowError
In FieldAccessExpr: java.lang.StackOverflowError
In NameExpr: java.lang.StackOverflowError
In FieldAccessExpr: java.lang.StackOverflowError
In NameExpr: java.lang.StackOverflowError
In FieldAccessExpr: java.lang.StackOverflowError
In NameExpr: java.lang.StackOverflowError
In FieldAccessExpr: java.lang.StackOverflowError
In NameExpr: java.lang.StackOverflowError
In FieldAccessExpr: java.lang.StackOverflowError
In NameExpr: java.lang.StackOverflowError
In FieldAccessExpr: java.lang.StackOverflowError
In NameExpr: java.lang.StackOverflowError
In FieldAccessExpr: java.lang.StackOverflowError
In NameExpr: java.lang.StackOverflowError
In FieldAccessExpr: java.lang.StackOverflowError
In NameExpr: java.lang.StackOverflowError
In FieldAccessExpr: java.lang.StackOverflowError
In NameExpr: java.lang.StackOverflowError
In FieldAccessExpr: java.lang.StackOverflowError
In NameExpr: java.lang.StackOverflowError
In FieldAccessExpr: java.lang.StackOverflowError
In NameExpr: java.lang.StackOverflowError
In FieldAccessExpr: java.lang.StackOverflowError
In NameExpr: java.lang.StackOverflowError
In FieldAccessExpr: java.lang.StackOverflowError
In NameExpr: java.lang.StackOverflowError
In FieldAccessExpr: java.lang.StackOverflowError
In NameExpr: java.lang.StackOverflowError
In FieldAccessExpr: java.lang.StackOverflowError
In NameExpr: java.lang.StackOverflowError
In FieldAccessExpr: java.lang.StackOverflowError
In NameExpr: java.lang.StackOverflowError
In FieldAccessExpr: java.lang.StackOverflowError
In NameExpr: java.lang.StackOverflowError
In FieldAccessExpr: java.lang.StackOverflowError
In NameExpr: java.lang.StackOverflowError
In FieldAccessExpr: java.lang.StackOverflowError
In NameExpr: java.lang.StackOverflowError
In FieldAccessExpr: java.lang.StackOverflowError
In NameExpr: java.lang.StackOverflowError
In FieldAccessExpr: java.lang.StackOverflowError
In NameExpr: java.lang.StackOverflowError
In FieldAccessExpr: java.lang.StackOverflowError
In NameExpr: java.lang.StackOverflowError
In FieldAccessExpr: java.lang.StackOverflowError
In NameExpr: java.lang.StackOverflowError
In FieldAccessExpr: java.lang.StackOverflowError
In NameExpr: java.lang.StackOverflowError
In FieldAccessExpr: java.lang.StackOverflowError
In NameExpr: java.lang.StackOverflowError
In FieldAccessExpr: java.lang.StackOverflowError
In NameExpr: java.lang.StackOverflowError
In FieldAccessExpr: java.lang.StackOverflowError
In NameExpr: java.lang.StackOverflowError
In FieldAccessExpr: java.lang.StackOverflowError
In NameExpr: java.lang.StackOverflowError
In FieldAccessExpr: java.lang.StackOverflowError
In NameExpr: java.lang.StackOverflowError
In FieldAccessExpr: java.lang.StackOverflowError
In NameExpr: java.lang.StackOverflowError
In FieldAccessExpr: java.lang.StackOverflowError
In NameExpr: java.lang.StackOverflowError
In FieldAccessExpr: java.lang.StackOverflowError
In NameExpr: java.lang.StackOverflowError
In FieldAccessExpr: java.lang.StackOverflowError
In NameExpr: java.lang.StackOverflowError
In FieldAccessExpr: java.lang.StackOverflowError
In NameExpr: java.lang.StackOverflowError
In FieldAccessExpr: java.lang.StackOverflowError
In NameExpr: java.lang.StackOverflowError
In FieldAccessExpr: java.lang.StackOverflowError
In NameExpr: java.lang.StackOverflowError
In FieldAccessExpr: java.lang.StackOverflowError
In NameExpr: java.lang.StackOverflowError
In FieldAccessExpr: java.lang.StackOverflowError
In NameExpr: java.lang.StackOverflowError
In FieldAccessExpr: java.lang.StackOverflowError
In NameExpr: java.lang.StackOverflowError
In FieldAccessExpr: java.lang.StackOverflowError
In NameExpr: java.lang.StackOverflowError
In FieldAccessExpr: java.lang.StackOverflowError
In NameExpr: java.lang.StackOverflowError
In NameExpr: java.lang.StackOverflowError
In NameExpr: java.lang.StackOverflowError
In NameExpr: java.lang.StackOverflowError
In NameExpr: java.lang.StackOverflowError
In FieldAccessExpr: java.lang.StackOverflowError
In MethodCallExpr: null
In NameExpr: java.lang.StackOverflowError
In MethodCallExpr: null
In NameExpr: java.lang.StackOverflowError
In MethodCallExpr: null
In NameExpr: java.lang.StackOverflowError
In MethodCallExpr: null
In NameExpr: java.lang.StackOverflowError
In MethodCallExpr: null
In NameExpr: java.lang.StackOverflowError
In MethodCallExpr: null
In NameExpr: java.lang.StackOverflowError
In NameExpr: java.lang.StackOverflowError
In FieldAccessExpr: java.lang.StackOverflowError
In NameExpr: java.lang.StackOverflowError
In FieldAccessExpr: java.lang.StackOverflowError
Unknown identifier (not related to type solving) 'java.util.ArrayDeque'
Unknown identifier (not related to type solving) 'java.lang.annotation.Annotation'
In MethodCallExpr: Ambiguous method call: cannot find a most applicable method: ReflectionMethodDeclaration{method=public static boolean java.util.Arrays.equals(double[],double[])}, ReflectionMethodDeclaration{method=public static boolean java.util.Arrays.equals(long[],long[])}
In MethodCallExpr: Ambiguous method call: cannot find a most applicable method: ReflectionMethodDeclaration{method=public static boolean java.util.Arrays.equals(double[],double[])}, ReflectionMethodDeclaration{method=public static boolean java.util.Arrays.equals(java.lang.Object[],java.lang.Object[])}
In MethodCallExpr: Ambiguous method call: cannot find a most applicable method: ReflectionMethodDeclaration{method=public static int java.util.Arrays.hashCode(double[])}, ReflectionMethodDeclaration{method=public static int java.util.Arrays.hashCode(long[])}
In MethodCallExpr: Ambiguous method call: cannot find a most applicable method: ReflectionMethodDeclaration{method=public static int java.util.Arrays.hashCode(double[])}, ReflectionMethodDeclaration{method=public static int java.util.Arrays.hashCode(java.lang.Object[])}
Unknown identifier (not related to type solving) 'java.lang.Appendable'
In MethodCallExpr: Unknown node type: ConditionalExpr
In MethodCallExpr: Unknown node type: ConditionalExpr
In MethodCallExpr: Ambiguous method call: cannot find a most applicable method: ReflectionMethodDeclaration{method=public static void java.util.Arrays.sort(double[])}, ReflectionMethodDeclaration{method=public static void java.util.Arrays.sort(java.lang.Object[])}
In MethodCallExpr: Ambiguous method call: cannot find a most applicable method: ReflectionMethodDeclaration{method=public static void java.util.Arrays.sort(double[])}, ReflectionMethodDeclaration{method=public static void java.util.Arrays.sort(long[])}
Unknown identifier (not related to type solving) 'java.lang.Byte'
Unknown identifier (not related to type solving) 'java.lang.Double'
Unknown identifier (not related to type solving) 'java.lang.reflect.Field'
Unknown identifier (not related to type solving) 'java.lang.Float'
Unknown identifier (not related to type solving) 'java.lang.Long'
Unknown identifier (not related to type solving) 'java.lang.Short'
Unknown identifier (not related to type solving) 'java.lang.reflect.Type'
In MethodCallExpr: Ambiguous method call: cannot find a most applicable method: JavaParserMethodDeclaration{wrappedNode=/**
 * Clones an array or returns {@code null}.
 * <p>
 * This method returns {@code null} for a {@code null} input array.
 * </p>
 *
 * @param array the array to clone, may be {@code null}
 * @return the cloned array, {@code null} if {@code null} input
 */
public static double[] clone(final double[] array) {
    return array != null ? array.clone() : null;
}, typeSolver=com.github.javaparser.symbolsolver.resolution.typesolvers.CombinedTypeSolver@7bf9b098}, JavaParserMethodDeclaration{wrappedNode=/**
 * Clones an array or returns {@code null}.
 * <p>
 * This method returns {@code null} for a {@code null} input array.
 * </p>
 *
 * @param array the array to clone, may be {@code null}
 * @return the cloned array, {@code null} if {@code null} input
 */
public static long[] clone(final long[] array) {
    return array != null ? array.clone() : null;
}, typeSolver=com.github.javaparser.symbolsolver.resolution.typesolvers.CombinedTypeSolver@7bf9b098}
In MethodCallExpr: Ambiguous method call: cannot find a most applicable method: JavaParserMethodDeclaration{wrappedNode=/**
 * Clones an array or returns {@code null}.
 * <p>
 * This method returns {@code null} for a {@code null} input array.
 * </p>
 *
 * @param array the array to clone, may be {@code null}
 * @return the cloned array, {@code null} if {@code null} input
 */
public static short[] clone(final short[] array) {
    return array != null ? array.clone() : null;
}, typeSolver=com.github.javaparser.symbolsolver.resolution.typesolvers.CombinedTypeSolver@7bf9b098}, JavaParserMethodDeclaration{wrappedNode=/**
 * Clones an array or returns {@code null}.
 * <p>
 * This method returns {@code null} for a {@code null} input array.
 * </p>
 *
 * @param array the array to clone, may be {@code null}
 * @return the cloned array, {@code null} if {@code null} input
 */
public static long[] clone(final long[] array) {
    return array != null ? array.clone() : null;
}, typeSolver=com.github.javaparser.symbolsolver.resolution.typesolvers.CombinedTypeSolver@7bf9b098}
In MethodCallExpr: Ambiguous method call: cannot find a most applicable method: JavaParserMethodDeclaration{wrappedNode=/**
 * Clones an array or returns {@code null}.
 * <p>
 * This method returns {@code null} for a {@code null} input array.
 * </p>
 *
 * @param array the array to clone, may be {@code null}
 * @return the cloned array, {@code null} if {@code null} input
 */
public static double[] clone(final double[] array) {
    return array != null ? array.clone() : null;
}, typeSolver=com.github.javaparser.symbolsolver.resolution.typesolvers.CombinedTypeSolver@7bf9b098}, JavaParserMethodDeclaration{wrappedNode=/**
 * Clones an array or returns {@code null}.
 * <p>
 * This method returns {@code null} for a {@code null} input array.
 * </p>
 *
 * @param array the array to clone, may be {@code null}
 * @return the cloned array, {@code null} if {@code null} input
 */
public static long[] clone(final long[] array) {
    return array != null ? array.clone() : null;
}, typeSolver=com.github.javaparser.symbolsolver.resolution.typesolvers.CombinedTypeSolver@7bf9b098}
In MethodCallExpr: Ambiguous method call: cannot find a most applicable method: JavaParserMethodDeclaration{wrappedNode=/**
 * Inserts elements into an array at the given index (starting from zero).
 *
 * <p>When an array is returned, it is always a new array.</p>
 *
 * <pre>
 * ArrayUtils.insert(index, null, null)      = null
 * ArrayUtils.insert(index, array, null)     = cloned copy of 'array'
 * ArrayUtils.insert(index, null, values)    = null
 * </pre>
 *
 * @param index the position within {@code array} to insert the new values
 * @param array the array to insert the values into, may be {@code null}
 * @param values the new values to insert, may be {@code null}
 * @return The new array or {@code null} if the given array is {@code null}.
 * @throws IndexOutOfBoundsException if {@code array} is provided
 * and either {@code index < 0} or {@code index > array.length}
 * @since 3.6
 */
public static long[] insert(final int index, final long[] array, final long... values) {
    if (array == null) {
        return null;
    }
    if (isEmpty(values)) {
        return clone(array);
    }
    if (index < 0 || index > array.length) {
        throw new IndexOutOfBoundsException("Index: " + index + ", Length: " + array.length);
    }
    final long[] result = new long[array.length + values.length];
    System.arraycopy(values, 0, result, index, values.length);
    if (index > 0) {
        System.arraycopy(array, 0, result, 0, index);
    }
    if (index < array.length) {
        System.arraycopy(array, index, result, index + values.length, array.length - index);
    }
    return result;
}, typeSolver=com.github.javaparser.symbolsolver.resolution.typesolvers.CombinedTypeSolver@7bf9b098}, JavaParserMethodDeclaration{wrappedNode=/**
 * Inserts elements into an array at the given index (starting from zero).
 *
 * <p>When an array is returned, it is always a new array.</p>
 *
 * <pre>
 * ArrayUtils.insert(index, null, null)      = null
 * ArrayUtils.insert(index, array, null)     = cloned copy of 'array'
 * ArrayUtils.insert(index, null, values)    = null
 * </pre>
 *
 * @param index the position within {@code array} to insert the new values
 * @param array the array to insert the values into, may be {@code null}
 * @param values the new values to insert, may be {@code null}
 * @return The new array or {@code null} if the given array is {@code null}.
 * @throws IndexOutOfBoundsException if {@code array} is provided
 * and either {@code index < 0} or {@code index > array.length}
 * @since 3.6
 */
public static byte[] insert(final int index, final byte[] array, final byte... values) {
    if (array == null) {
        return null;
    }
    if (isEmpty(values)) {
        return clone(array);
    }
    if (index < 0 || index > array.length) {
        throw new IndexOutOfBoundsException("Index: " + index + ", Length: " + array.length);
    }
    final byte[] result = new byte[array.length + values.length];
    System.arraycopy(values, 0, result, index, values.length);
    if (index > 0) {
        System.arraycopy(array, 0, result, 0, index);
    }
    if (index < array.length) {
        System.arraycopy(array, index, result, index + values.length, array.length - index);
    }
    return result;
}, typeSolver=com.github.javaparser.symbolsolver.resolution.typesolvers.CombinedTypeSolver@7bf9b098}
In MethodCallExpr: Ambiguous method call: cannot find a most applicable method: JavaParserMethodDeclaration{wrappedNode=/**
 * Inserts elements into an array at the given index (starting from zero).
 *
 * <p>When an array is returned, it is always a new array.</p>
 *
 * <pre>
 * ArrayUtils.insert(index, null, null)      = null
 * ArrayUtils.insert(index, array, null)     = cloned copy of 'array'
 * ArrayUtils.insert(index, null, values)    = null
 * </pre>
 *
 * @param index the position within {@code array} to insert the new values
 * @param array the array to insert the values into, may be {@code null}
 * @param values the new values to insert, may be {@code null}
 * @return The new array or {@code null} if the given array is {@code null}.
 * @throws IndexOutOfBoundsException if {@code array} is provided
 * and either {@code index < 0} or {@code index > array.length}
 * @since 3.6
 */
public static double[] insert(final int index, final double[] array, final double... values) {
    if (array == null) {
        return null;
    }
    if (isEmpty(values)) {
        return clone(array);
    }
    if (index < 0 || index > array.length) {
        throw new IndexOutOfBoundsException("Index: " + index + ", Length: " + array.length);
    }
    final double[] result = new double[array.length + values.length];
    System.arraycopy(values, 0, result, index, values.length);
    if (index > 0) {
        System.arraycopy(array, 0, result, 0, index);
    }
    if (index < array.length) {
        System.arraycopy(array, index, result, index + values.length, array.length - index);
    }
    return result;
}, typeSolver=com.github.javaparser.symbolsolver.resolution.typesolvers.CombinedTypeSolver@7bf9b098}, JavaParserMethodDeclaration{wrappedNode=/**
 * Inserts elements into an array at the given index (starting from zero).
 *
 * <p>When an array is returned, it is always a new array.</p>
 *
 * <pre>
 * ArrayUtils.insert(index, null, null)      = null
 * ArrayUtils.insert(index, array, null)     = cloned copy of 'array'
 * ArrayUtils.insert(index, null, values)    = null
 * </pre>
 *
 * @param index the position within {@code array} to insert the new values
 * @param array the array to insert the values into, may be {@code null}
 * @param values the new values to insert, may be {@code null}
 * @return The new array or {@code null} if the given array is {@code null}.
 * @throws IndexOutOfBoundsException if {@code array} is provided
 * and either {@code index < 0} or {@code index > array.length}
 * @since 3.6
 */
public static char[] insert(final int index, final char[] array, final char... values) {
    if (array == null) {
        return null;
    }
    if (isEmpty(values)) {
        return clone(array);
    }
    if (index < 0 || index > array.length) {
        throw new IndexOutOfBoundsException("Index: " + index + ", Length: " + array.length);
    }
    final char[] result = new char[array.length + values.length];
    System.arraycopy(values, 0, result, index, values.length);
    if (index > 0) {
        System.arraycopy(array, 0, result, 0, index);
    }
    if (index < array.length) {
        System.arraycopy(array, index, result, index + values.length, array.length - index);
    }
    return result;
}, typeSolver=com.github.javaparser.symbolsolver.resolution.typesolvers.CombinedTypeSolver@7bf9b098}
In MethodCallExpr: Ambiguous method call: cannot find a most applicable method: JavaParserMethodDeclaration{wrappedNode=/**
 * Inserts elements into an array at the given index (starting from zero).
 *
 * <p>When an array is returned, it is always a new array.</p>
 *
 * <pre>
 * ArrayUtils.insert(index, null, null)      = null
 * ArrayUtils.insert(index, array, null)     = cloned copy of 'array'
 * ArrayUtils.insert(index, null, values)    = null
 * </pre>
 *
 * @param index the position within {@code array} to insert the new values
 * @param array the array to insert the values into, may be {@code null}
 * @param values the new values to insert, may be {@code null}
 * @return The new array or {@code null} if the given array is {@code null}.
 * @throws IndexOutOfBoundsException if {@code array} is provided
 * and either {@code index < 0} or {@code index > array.length}
 * @since 3.6
 */
public static int[] insert(final int index, final int[] array, final int... values) {
    if (array == null) {
        return null;
    }
    if (isEmpty(values)) {
        return clone(array);
    }
    if (index < 0 || index > array.length) {
        throw new IndexOutOfBoundsException("Index: " + index + ", Length: " + array.length);
    }
    final int[] result = new int[array.length + values.length];
    System.arraycopy(values, 0, result, index, values.length);
    if (index > 0) {
        System.arraycopy(array, 0, result, 0, index);
    }
    if (index < array.length) {
        System.arraycopy(array, index, result, index + values.length, array.length - index);
    }
    return result;
}, typeSolver=com.github.javaparser.symbolsolver.resolution.typesolvers.CombinedTypeSolver@7bf9b098}, JavaParserMethodDeclaration{wrappedNode=/**
 * Inserts elements into an array at the given index (starting from zero).
 *
 * <p>When an array is returned, it is always a new array.</p>
 *
 * <pre>
 * ArrayUtils.insert(index, null, null)      = null
 * ArrayUtils.insert(index, array, null)     = cloned copy of 'array'
 * ArrayUtils.insert(index, null, values)    = null
 * </pre>
 *
 * @param index the position within {@code array} to insert the new values
 * @param array the array to insert the values into, may be {@code null}
 * @param values the new values to insert, may be {@code null}
 * @return The new array or {@code null} if the given array is {@code null}.
 * @throws IndexOutOfBoundsException if {@code array} is provided
 * and either {@code index < 0} or {@code index > array.length}
 * @since 3.6
 */
public static long[] insert(final int index, final long[] array, final long... values) {
    if (array == null) {
        return null;
    }
    if (isEmpty(values)) {
        return clone(array);
    }
    if (index < 0 || index > array.length) {
        throw new IndexOutOfBoundsException("Index: " + index + ", Length: " + array.length);
    }
    final long[] result = new long[array.length + values.length];
    System.arraycopy(values, 0, result, index, values.length);
    if (index > 0) {
        System.arraycopy(array, 0, result, 0, index);
    }
    if (index < array.length) {
        System.arraycopy(array, index, result, index + values.length, array.length - index);
    }
    return result;
}, typeSolver=com.github.javaparser.symbolsolver.resolution.typesolvers.CombinedTypeSolver@7bf9b098}
In MethodCallExpr: Ambiguous method call: cannot find a most applicable method: JavaParserMethodDeclaration{wrappedNode=/**
 * Inserts elements into an array at the given index (starting from zero).
 *
 * <p>When an array is returned, it is always a new array.</p>
 *
 * <pre>
 * ArrayUtils.insert(index, null, null)      = null
 * ArrayUtils.insert(index, array, null)     = cloned copy of 'array'
 * ArrayUtils.insert(index, null, values)    = null
 * </pre>
 *
 * @param index the position within {@code array} to insert the new values
 * @param array the array to insert the values into, may be {@code null}
 * @param values the new values to insert, may be {@code null}
 * @return The new array or {@code null} if the given array is {@code null}.
 * @throws IndexOutOfBoundsException if {@code array} is provided
 * and either {@code index < 0} or {@code index > array.length}
 * @since 3.6
 */
public static short[] insert(final int index, final short[] array, final short... values) {
    if (array == null) {
        return null;
    }
    if (isEmpty(values)) {
        return clone(array);
    }
    if (index < 0 || index > array.length) {
        throw new IndexOutOfBoundsException("Index: " + index + ", Length: " + array.length);
    }
    final short[] result = new short[array.length + values.length];
    System.arraycopy(values, 0, result, index, values.length);
    if (index > 0) {
        System.arraycopy(array, 0, result, 0, index);
    }
    if (index < array.length) {
        System.arraycopy(array, index, result, index + values.length, array.length - index);
    }
    return result;
}, typeSolver=com.github.javaparser.symbolsolver.resolution.typesolvers.CombinedTypeSolver@7bf9b098}, JavaParserMethodDeclaration{wrappedNode=/**
 * Inserts elements into an array at the given index (starting from zero).
 *
 * <p>When an array is returned, it is always a new array.</p>
 *
 * <pre>
 * ArrayUtils.insert(index, null, null)      = null
 * ArrayUtils.insert(index, array, null)     = cloned copy of 'array'
 * ArrayUtils.insert(index, null, values)    = null
 * </pre>
 *
 * @param index the position within {@code array} to insert the new values
 * @param array the array to insert the values into, may be {@code null}
 * @param values the new values to insert, may be {@code null}
 * @return The new array or {@code null} if the given array is {@code null}.
 * @throws IndexOutOfBoundsException if {@code array} is provided
 * and either {@code index < 0} or {@code index > array.length}
 * @since 3.6
 */
public static long[] insert(final int index, final long[] array, final long... values) {
    if (array == null) {
        return null;
    }
    if (isEmpty(values)) {
        return clone(array);
    }
    if (index < 0 || index > array.length) {
        throw new IndexOutOfBoundsException("Index: " + index + ", Length: " + array.length);
    }
    final long[] result = new long[array.length + values.length];
    System.arraycopy(values, 0, result, index, values.length);
    if (index > 0) {
        System.arraycopy(array, 0, result, 0, index);
    }
    if (index < array.length) {
        System.arraycopy(array, index, result, index + values.length, array.length - index);
    }
    return result;
}, typeSolver=com.github.javaparser.symbolsolver.resolution.typesolvers.CombinedTypeSolver@7bf9b098}
Unknown identifier (not related to type solving) 'java.util.BitSet'
In MethodCallExpr: Ambiguous method call: cannot find a most applicable method: JavaParserMethodDeclaration{wrappedNode=/**
 * Tests whether an array of primitive shorts is empty or {@code null}.
 *
 * @param array  the array to test
 * @return {@code true} if the array is empty or {@code null}
 * @since 2.1
 */
public static boolean isEmpty(final short[] array) {
    return isArrayEmpty(array);
}, typeSolver=com.github.javaparser.symbolsolver.resolution.typesolvers.CombinedTypeSolver@7bf9b098}, JavaParserMethodDeclaration{wrappedNode=/**
 * Tests whether an array of primitive floats is empty or {@code null}.
 *
 * @param array  the array to test
 * @return {@code true} if the array is empty or {@code null}
 * @since 2.1
 */
public static boolean isEmpty(final float[] array) {
    return isArrayEmpty(array);
}, typeSolver=com.github.javaparser.symbolsolver.resolution.typesolvers.CombinedTypeSolver@7bf9b098}
In MethodCallExpr: Ambiguous method call: cannot find a most applicable method: JavaParserMethodDeclaration{wrappedNode=/**
 * Clones an array or returns {@code null}.
 * <p>
 * This method returns {@code null} for a {@code null} input array.
 * </p>
 *
 * @param array the array to clone, may be {@code null}
 * @return the cloned array, {@code null} if {@code null} input
 */
public static long[] clone(final long[] array) {
    return array != null ? array.clone() : null;
}, typeSolver=com.github.javaparser.symbolsolver.resolution.typesolvers.CombinedTypeSolver@7bf9b098}, JavaParserMethodDeclaration{wrappedNode=/**
 * Clones an array or returns {@code null}.
 * <p>
 * This method returns {@code null} for a {@code null} input array.
 * </p>
 *
 * @param array the array to clone, may be {@code null}
 * @return the cloned array, {@code null} if {@code null} input
 */
public static int[] clone(final int[] array) {
    return array != null ? array.clone() : null;
}, typeSolver=com.github.javaparser.symbolsolver.resolution.typesolvers.CombinedTypeSolver@7bf9b098}
In MethodCallExpr: Ambiguous method call: cannot find a most applicable method: JavaParserMethodDeclaration{wrappedNode=/**
 * Tests whether an array of primitive floats is empty or {@code null}.
 *
 * @param array  the array to test
 * @return {@code true} if the array is empty or {@code null}
 * @since 2.1
 */
public static boolean isEmpty(final float[] array) {
    return isArrayEmpty(array);
}, typeSolver=com.github.javaparser.symbolsolver.resolution.typesolvers.CombinedTypeSolver@7bf9b098}, JavaParserMethodDeclaration{wrappedNode=/**
 * Tests whether an array of Objects is empty or {@code null}.
 *
 * @param array  the array to test
 * @return {@code true} if the array is empty or {@code null}
 * @since 2.1
 */
public static boolean isEmpty(final Object[] array) {
    return isArrayEmpty(array);
}, typeSolver=com.github.javaparser.symbolsolver.resolution.typesolvers.CombinedTypeSolver@7bf9b098}
In MethodCallExpr: Ambiguous method call: cannot find a most applicable method: JavaParserMethodDeclaration{wrappedNode=/**
 * Tests whether an array of primitive doubles is empty or {@code null}.
 *
 * @param array  the array to test
 * @return {@code true} if the array is empty or {@code null}
 * @since 2.1
 */
public static boolean isEmpty(final double[] array) {
    return isArrayEmpty(array);
}, typeSolver=com.github.javaparser.symbolsolver.resolution.typesolvers.CombinedTypeSolver@7bf9b098}, JavaParserMethodDeclaration{wrappedNode=/**
 * Tests whether an array of Objects is empty or {@code null}.
 *
 * @param array  the array to test
 * @return {@code true} if the array is empty or {@code null}
 * @since 2.1
 */
public static boolean isEmpty(final Object[] array) {
    return isArrayEmpty(array);
}, typeSolver=com.github.javaparser.symbolsolver.resolution.typesolvers.CombinedTypeSolver@7bf9b098}
In MethodCallExpr: Ambiguous method call: cannot find a most applicable method: JavaParserMethodDeclaration{wrappedNode=/**
 * Clones an array or returns {@code null}.
 * <p>
 * This method returns {@code null} for a {@code null} input array.
 * </p>
 *
 * @param array the array to clone, may be {@code null}
 * @return the cloned array, {@code null} if {@code null} input
 */
public static float[] clone(final float[] array) {
    return array != null ? array.clone() : null;
}, typeSolver=com.github.javaparser.symbolsolver.resolution.typesolvers.CombinedTypeSolver@7bf9b098}, JavaParserMethodDeclaration{wrappedNode=/**
 * Clones an array or returns {@code null}.
 * <p>
 * This method returns {@code null} for a {@code null} input array.
 * </p>
 *
 * @param array the array to clone, may be {@code null}
 * @return the cloned array, {@code null} if {@code null} input
 */
public static double[] clone(final double[] array) {
    return array != null ? array.clone() : null;
}, typeSolver=com.github.javaparser.symbolsolver.resolution.typesolvers.CombinedTypeSolver@7bf9b098}
In MethodCallExpr: Ambiguous method call: cannot find a most applicable method: JavaParserMethodDeclaration{wrappedNode=/**
 * Tests whether an array of primitive floats is empty or {@code null}.
 *
 * @param array  the array to test
 * @return {@code true} if the array is empty or {@code null}
 * @since 2.1
 */
public static boolean isEmpty(final float[] array) {
    return isArrayEmpty(array);
}, typeSolver=com.github.javaparser.symbolsolver.resolution.typesolvers.CombinedTypeSolver@7bf9b098}, JavaParserMethodDeclaration{wrappedNode=/**
 * Tests whether an array of primitive doubles is empty or {@code null}.
 *
 * @param array  the array to test
 * @return {@code true} if the array is empty or {@code null}
 * @since 2.1
 */
public static boolean isEmpty(final double[] array) {
    return isArrayEmpty(array);
}, typeSolver=com.github.javaparser.symbolsolver.resolution.typesolvers.CombinedTypeSolver@7bf9b098}
In MethodCallExpr: Ambiguous method call: cannot find a most applicable method: JavaParserMethodDeclaration{wrappedNode=/**
 * Clones an array or returns {@code null}.
 * <p>
 * This method returns {@code null} for a {@code null} input array.
 * </p>
 *
 * @param array the array to clone, may be {@code null}
 * @return the cloned array, {@code null} if {@code null} input
 */
public static float[] clone(final float[] array) {
    return array != null ? array.clone() : null;
}, typeSolver=com.github.javaparser.symbolsolver.resolution.typesolvers.CombinedTypeSolver@7bf9b098}, JavaParserMethodDeclaration{wrappedNode=/**
 * Clones an array or returns {@code null}.
 * <p>
 * This method returns {@code null} for a {@code null} input array.
 * </p>
 *
 * @param array the array to clone, may be {@code null}
 * @return the cloned array, {@code null} if {@code null} input
 */
public static double[] clone(final double[] array) {
    return array != null ? array.clone() : null;
}, typeSolver=com.github.javaparser.symbolsolver.resolution.typesolvers.CombinedTypeSolver@7bf9b098}
In MethodCallExpr: Ambiguous method call: cannot find a most applicable method: JavaParserMethodDeclaration{wrappedNode=/**
 * Tests whether an array of primitive longs is empty or {@code null}.
 *
 * @param array  the array to test
 * @return {@code true} if the array is empty or {@code null}
 * @since 2.1
 */
public static boolean isEmpty(final long[] array) {
    return isArrayEmpty(array);
}, typeSolver=com.github.javaparser.symbolsolver.resolution.typesolvers.CombinedTypeSolver@7bf9b098}, JavaParserMethodDeclaration{wrappedNode=/**
 * Tests whether an array of Objects is empty or {@code null}.
 *
 * @param array  the array to test
 * @return {@code true} if the array is empty or {@code null}
 * @since 2.1
 */
public static boolean isEmpty(final Object[] array) {
    return isArrayEmpty(array);
}, typeSolver=com.github.javaparser.symbolsolver.resolution.typesolvers.CombinedTypeSolver@7bf9b098}
In MethodCallExpr: Ambiguous method call: cannot find a most applicable method: JavaParserMethodDeclaration{wrappedNode=/**
 * Tests whether an array of Objects is empty or {@code null}.
 *
 * @param array  the array to test
 * @return {@code true} if the array is empty or {@code null}
 * @since 2.1
 */
public static boolean isEmpty(final Object[] array) {
    return isArrayEmpty(array);
}, typeSolver=com.github.javaparser.symbolsolver.resolution.typesolvers.CombinedTypeSolver@7bf9b098}, JavaParserMethodDeclaration{wrappedNode=/**
 * Tests whether an array of primitive floats is empty or {@code null}.
 *
 * @param array  the array to test
 * @return {@code true} if the array is empty or {@code null}
 * @since 2.1
 */
public static boolean isEmpty(final float[] array) {
    return isArrayEmpty(array);
}, typeSolver=com.github.javaparser.symbolsolver.resolution.typesolvers.CombinedTypeSolver@7bf9b098}
In MethodCallExpr: Ambiguous method call: cannot find a most applicable method: JavaParserMethodDeclaration{wrappedNode=/**
 * Tests whether an array of primitive ints is empty or {@code null}.
 *
 * @param array  the array to test
 * @return {@code true} if the array is empty or {@code null}
 * @since 2.1
 */
public static boolean isEmpty(final int[] array) {
    return isArrayEmpty(array);
}, typeSolver=com.github.javaparser.symbolsolver.resolution.typesolvers.CombinedTypeSolver@7bf9b098}, JavaParserMethodDeclaration{wrappedNode=/**
 * Tests whether an array of primitive doubles is empty or {@code null}.
 *
 * @param array  the array to test
 * @return {@code true} if the array is empty or {@code null}
 * @since 2.1
 */
public static boolean isEmpty(final double[] array) {
    return isArrayEmpty(array);
}, typeSolver=com.github.javaparser.symbolsolver.resolution.typesolvers.CombinedTypeSolver@7bf9b098}
In MethodCallExpr: Ambiguous method call: cannot find a most applicable method: JavaParserMethodDeclaration{wrappedNode=/**
 * Tests whether an array of primitive floats is empty or {@code null}.
 *
 * @param array  the array to test
 * @return {@code true} if the array is empty or {@code null}
 * @since 2.1
 */
public static boolean isEmpty(final float[] array) {
    return isArrayEmpty(array);
}, typeSolver=com.github.javaparser.symbolsolver.resolution.typesolvers.CombinedTypeSolver@7bf9b098}, JavaParserMethodDeclaration{wrappedNode=/**
 * Tests whether an array of Objects is empty or {@code null}.
 *
 * @param array  the array to test
 * @return {@code true} if the array is empty or {@code null}
 * @since 2.1
 */
public static boolean isEmpty(final Object[] array) {
    return isArrayEmpty(array);
}, typeSolver=com.github.javaparser.symbolsolver.resolution.typesolvers.CombinedTypeSolver@7bf9b098}
In MethodCallExpr: Ambiguous method call: cannot find a most applicable method: JavaParserMethodDeclaration{wrappedNode=/**
 * Tests whether an array of primitive ints is empty or {@code null}.
 *
 * @param array  the array to test
 * @return {@code true} if the array is empty or {@code null}
 * @since 2.1
 */
public static boolean isEmpty(final int[] array) {
    return isArrayEmpty(array);
}, typeSolver=com.github.javaparser.symbolsolver.resolution.typesolvers.CombinedTypeSolver@7bf9b098}, JavaParserMethodDeclaration{wrappedNode=/**
 * Tests whether an array of primitive doubles is empty or {@code null}.
 *
 * @param array  the array to test
 * @return {@code true} if the array is empty or {@code null}
 * @since 2.1
 */
public static boolean isEmpty(final double[] array) {
    return isArrayEmpty(array);
}, typeSolver=com.github.javaparser.symbolsolver.resolution.typesolvers.CombinedTypeSolver@7bf9b098}
Unknown identifier (not related to type solving) 'java.util.concurrent.ThreadLocalRandom'
In MethodCallExpr: Ambiguous method call: cannot find a most applicable method: JavaParserMethodDeclaration{wrappedNode=/**
 * Removes the element at the specified position from the specified array.
 * All subsequent elements are shifted to the left (subtracts one from
 * their indices).
 * <p>
 * This method returns a new array with the same elements of the input
 * array except the element on the specified position. The component
 * type of the returned array is always the same as that of the input
 * array.
 * </p>
 * <p>
 * If the input array is {@code null}, an IndexOutOfBoundsException
 * will be thrown, because in that case no valid index can be specified.
 * </p>
 * <pre>
 * ArrayUtils.remove([1], 0)         = []
 * ArrayUtils.remove([2, 6], 0)      = [6]
 * ArrayUtils.remove([2, 6], 1)      = [2]
 * ArrayUtils.remove([2, 6, 3], 1)   = [2, 3]
 * </pre>
 *
 * @param array  the array to remove the element from, may not be {@code null}
 * @param index  the position of the element to be removed
 * @return A new array containing the existing elements except the element
 *         at the specified position.
 * @throws IndexOutOfBoundsException if the index is out of range
 * (index &lt; 0 || index &gt;= array.length), or if the array is {@code null}.
 * @since 2.1
 */
public static int[] remove(final int[] array, final int index) {
    return (int[]) remove((Object) array, index);
}, typeSolver=com.github.javaparser.symbolsolver.resolution.typesolvers.CombinedTypeSolver@7bf9b098}, JavaParserMethodDeclaration{wrappedNode=/**
 * Removes the element at the specified position from the specified array.
 * All subsequent elements are shifted to the left (subtracts one from
 * their indices).
 * <p>
 * This method returns a new array with the same elements of the input
 * array except the element on the specified position. The component
 * type of the returned array is always the same as that of the input
 * array.
 * </p>
 * <p>
 * If the input array is {@code null}, an IndexOutOfBoundsException
 * will be thrown, because in that case no valid index can be specified.
 * </p>
 * <pre>
 * ArrayUtils.remove([1], 0)         = []
 * ArrayUtils.remove([2, 6], 0)      = [6]
 * ArrayUtils.remove([2, 6], 1)      = [2]
 * ArrayUtils.remove([2, 6, 3], 1)   = [2, 3]
 * </pre>
 *
 * @param array  the array to remove the element from, may not be {@code null}
 * @param index  the position of the element to be removed
 * @return A new array containing the existing elements except the element
 *         at the specified position.
 * @throws IndexOutOfBoundsException if the index is out of range
 * (index &lt; 0 || index &gt;= array.length), or if the array is {@code null}.
 * @since 2.1
 */
public static long[] remove(final long[] array, final int index) {
    return (long[]) remove((Object) array, index);
}, typeSolver=com.github.javaparser.symbolsolver.resolution.typesolvers.CombinedTypeSolver@7bf9b098}
In MethodCallExpr: Ambiguous method call: cannot find a most applicable method: JavaParserMethodDeclaration{wrappedNode=/**
 * Clones an array or returns {@code null}.
 * <p>
 * This method returns {@code null} for a {@code null} input array.
 * </p>
 *
 * @param array the array to clone, may be {@code null}
 * @return the cloned array, {@code null} if {@code null} input
 */
public static int[] clone(final int[] array) {
    return array != null ? array.clone() : null;
}, typeSolver=com.github.javaparser.symbolsolver.resolution.typesolvers.CombinedTypeSolver@7bf9b098}, JavaParserMethodDeclaration{wrappedNode=/**
 * Clones an array or returns {@code null}.
 * <p>
 * This method returns {@code null} for a {@code null} input array.
 * </p>
 *
 * @param array the array to clone, may be {@code null}
 * @return the cloned array, {@code null} if {@code null} input
 */
public static float[] clone(final float[] array) {
    return array != null ? array.clone() : null;
}, typeSolver=com.github.javaparser.symbolsolver.resolution.typesolvers.CombinedTypeSolver@7bf9b098}
In MethodCallExpr: Ambiguous method call: cannot find a most applicable method: JavaParserMethodDeclaration{wrappedNode=/**
 * Clones an array or returns {@code null}.
 * <p>
 * This method returns {@code null} for a {@code null} input array.
 * </p>
 *
 * @param array the array to clone, may be {@code null}
 * @return the cloned array, {@code null} if {@code null} input
 */
public static long[] clone(final long[] array) {
    return array != null ? array.clone() : null;
}, typeSolver=com.github.javaparser.symbolsolver.resolution.typesolvers.CombinedTypeSolver@7bf9b098}, JavaParserMethodDeclaration{wrappedNode=/**
 * Clones an array or returns {@code null}.
 * <p>
 * This method returns {@code null} for a {@code null} input array.
 * </p>
 *
 * @param array the array to clone, may be {@code null}
 * @return the cloned array, {@code null} if {@code null} input
 */
public static double[] clone(final double[] array) {
    return array != null ? array.clone() : null;
}, typeSolver=com.github.javaparser.symbolsolver.resolution.typesolvers.CombinedTypeSolver@7bf9b098}
In MethodCallExpr: Ambiguous method call: cannot find a most applicable method: JavaParserMethodDeclaration{wrappedNode=/**
 * Removes the element at the specified position from the specified array.
 * All subsequent elements are shifted to the left (subtracts one from
 * their indices).
 * <p>
 * This method returns a new array with the same elements of the input
 * array except the element on the specified position. The component
 * type of the returned array is always the same as that of the input
 * array.
 * </p>
 * <p>
 * If the input array is {@code null}, an IndexOutOfBoundsException
 * will be thrown, because in that case no valid index can be specified.
 * </p>
 * <pre>
 * ArrayUtils.remove([1], 0)         = []
 * ArrayUtils.remove([2, 6], 0)      = [6]
 * ArrayUtils.remove([2, 6], 1)      = [2]
 * ArrayUtils.remove([2, 6, 3], 1)   = [2, 3]
 * </pre>
 *
 * @param array  the array to remove the element from, may not be {@code null}
 * @param index  the position of the element to be removed
 * @return A new array containing the existing elements except the element
 *         at the specified position.
 * @throws IndexOutOfBoundsException if the index is out of range
 * (index &lt; 0 || index &gt;= array.length), or if the array is {@code null}.
 * @since 2.1
 */
public static int[] remove(final int[] array, final int index) {
    return (int[]) remove((Object) array, index);
}, typeSolver=com.github.javaparser.symbolsolver.resolution.typesolvers.CombinedTypeSolver@7bf9b098}, JavaParserMethodDeclaration{wrappedNode=/**
 * Removes the element at the specified position from the specified array.
 * All subsequent elements are shifted to the left (subtracts one from
 * their indices).
 * <p>
 * This method returns a new array with the same elements of the input
 * array except the element on the specified position. The component
 * type of the returned array is always the same as that of the input
 * array.
 * </p>
 * <p>
 * If the input array is {@code null}, an IndexOutOfBoundsException
 * will be thrown, because in that case no valid index can be specified.
 * </p>
 * <pre>
 * ArrayUtils.remove([1.1], 0)           = []
 * ArrayUtils.remove([2.5, 6.0], 0)      = [6.0]
 * ArrayUtils.remove([2.5, 6.0], 1)      = [2.5]
 * ArrayUtils.remove([2.5, 6.0, 3.8], 1) = [2.5, 3.8]
 * </pre>
 *
 * @param array  the array to remove the element from, may not be {@code null}
 * @param index  the position of the element to be removed
 * @return A new array containing the existing elements except the element
 *         at the specified position.
 * @throws IndexOutOfBoundsException if the index is out of range
 * (index &lt; 0 || index &gt;= array.length), or if the array is {@code null}.
 * @since 2.1
 */
public static double[] remove(final double[] array, final int index) {
    return (double[]) remove((Object) array, index);
}, typeSolver=com.github.javaparser.symbolsolver.resolution.typesolvers.CombinedTypeSolver@7bf9b098}
In MethodCallExpr: Ambiguous method call: cannot find a most applicable method: JavaParserMethodDeclaration{wrappedNode=/**
 * Tests whether an array of primitive doubles is empty or {@code null}.
 *
 * @param array  the array to test
 * @return {@code true} if the array is empty or {@code null}
 * @since 2.1
 */
public static boolean isEmpty(final double[] array) {
    return isArrayEmpty(array);
}, typeSolver=com.github.javaparser.symbolsolver.resolution.typesolvers.CombinedTypeSolver@7bf9b098}, JavaParserMethodDeclaration{wrappedNode=/**
 * Tests whether an array of primitive ints is empty or {@code null}.
 *
 * @param array  the array to test
 * @return {@code true} if the array is empty or {@code null}
 * @since 2.1
 */
public static boolean isEmpty(final int[] array) {
    return isArrayEmpty(array);
}, typeSolver=com.github.javaparser.symbolsolver.resolution.typesolvers.CombinedTypeSolver@7bf9b098}
In MethodCallExpr: Ambiguous method call: cannot find a most applicable method: JavaParserMethodDeclaration{wrappedNode=/**
 * Tests whether an array of primitive doubles is empty or {@code null}.
 *
 * @param array  the array to test
 * @return {@code true} if the array is empty or {@code null}
 * @since 2.1
 */
public static boolean isEmpty(final double[] array) {
    return isArrayEmpty(array);
}, typeSolver=com.github.javaparser.symbolsolver.resolution.typesolvers.CombinedTypeSolver@7bf9b098}, JavaParserMethodDeclaration{wrappedNode=/**
 * Tests whether an array of Objects is empty or {@code null}.
 *
 * @param array  the array to test
 * @return {@code true} if the array is empty or {@code null}
 * @since 2.1
 */
public static boolean isEmpty(final Object[] array) {
    return isArrayEmpty(array);
}, typeSolver=com.github.javaparser.symbolsolver.resolution.typesolvers.CombinedTypeSolver@7bf9b098}
In MethodCallExpr: Ambiguous method call: cannot find a most applicable method: JavaParserMethodDeclaration{wrappedNode=/**
 * Tests whether an array of Objects is empty or {@code null}.
 *
 * @param array  the array to test
 * @return {@code true} if the array is empty or {@code null}
 * @since 2.1
 */
public static boolean isEmpty(final Object[] array) {
    return isArrayEmpty(array);
}, typeSolver=com.github.javaparser.symbolsolver.resolution.typesolvers.CombinedTypeSolver@7bf9b098}, JavaParserMethodDeclaration{wrappedNode=/**
 * Tests whether an array of primitive ints is empty or {@code null}.
 *
 * @param array  the array to test
 * @return {@code true} if the array is empty or {@code null}
 * @since 2.1
 */
public static boolean isEmpty(final int[] array) {
    return isArrayEmpty(array);
}, typeSolver=com.github.javaparser.symbolsolver.resolution.typesolvers.CombinedTypeSolver@7bf9b098}
In MethodCallExpr: Ambiguous method call: cannot find a most applicable method: JavaParserMethodDeclaration{wrappedNode=/**
 * Tests whether an array of primitive ints is empty or {@code null}.
 *
 * @param array  the array to test
 * @return {@code true} if the array is empty or {@code null}
 * @since 2.1
 */
public static boolean isEmpty(final int[] array) {
    return isArrayEmpty(array);
}, typeSolver=com.github.javaparser.symbolsolver.resolution.typesolvers.CombinedTypeSolver@7bf9b098}, JavaParserMethodDeclaration{wrappedNode=/**
 * Tests whether an array of Objects is empty or {@code null}.
 *
 * @param array  the array to test
 * @return {@code true} if the array is empty or {@code null}
 * @since 2.1
 */
public static boolean isEmpty(final Object[] array) {
    return isArrayEmpty(array);
}, typeSolver=com.github.javaparser.symbolsolver.resolution.typesolvers.CombinedTypeSolver@7bf9b098}
In MethodCallExpr: Ambiguous method call: cannot find a most applicable method: JavaParserMethodDeclaration{wrappedNode=/**
 * Tests whether an array of Objects is empty or {@code null}.
 *
 * @param array  the array to test
 * @return {@code true} if the array is empty or {@code null}
 * @since 2.1
 */
public static boolean isEmpty(final Object[] array) {
    return isArrayEmpty(array);
}, typeSolver=com.github.javaparser.symbolsolver.resolution.typesolvers.CombinedTypeSolver@7bf9b098}, JavaParserMethodDeclaration{wrappedNode=/**
 * Tests whether an array of primitive doubles is empty or {@code null}.
 *
 * @param array  the array to test
 * @return {@code true} if the array is empty or {@code null}
 * @since 2.1
 */
public static boolean isEmpty(final double[] array) {
    return isArrayEmpty(array);
}, typeSolver=com.github.javaparser.symbolsolver.resolution.typesolvers.CombinedTypeSolver@7bf9b098}
In MethodCallExpr: Ambiguous method call: cannot find a most applicable method: JavaParserMethodDeclaration{wrappedNode=/**
 * Tests whether an array of primitive doubles is empty or {@code null}.
 *
 * @param array  the array to test
 * @return {@code true} if the array is empty or {@code null}
 * @since 2.1
 */
public static boolean isEmpty(final double[] array) {
    return isArrayEmpty(array);
}, typeSolver=com.github.javaparser.symbolsolver.resolution.typesolvers.CombinedTypeSolver@7bf9b098}, JavaParserMethodDeclaration{wrappedNode=/**
 * Tests whether an array of Objects is empty or {@code null}.
 *
 * @param array  the array to test
 * @return {@code true} if the array is empty or {@code null}
 * @since 2.1
 */
public static boolean isEmpty(final Object[] array) {
    return isArrayEmpty(array);
}, typeSolver=com.github.javaparser.symbolsolver.resolution.typesolvers.CombinedTypeSolver@7bf9b098}
In MethodCallExpr: Ambiguous method call: cannot find a most applicable method: JavaParserMethodDeclaration{wrappedNode=/**
 * Tests whether an array of Objects is empty or {@code null}.
 *
 * @param array  the array to test
 * @return {@code true} if the array is empty or {@code null}
 * @since 2.1
 */
public static boolean isEmpty(final Object[] array) {
    return isArrayEmpty(array);
}, typeSolver=com.github.javaparser.symbolsolver.resolution.typesolvers.CombinedTypeSolver@7bf9b098}, JavaParserMethodDeclaration{wrappedNode=/**
 * Tests whether an array of primitive doubles is empty or {@code null}.
 *
 * @param array  the array to test
 * @return {@code true} if the array is empty or {@code null}
 * @since 2.1
 */
public static boolean isEmpty(final double[] array) {
    return isArrayEmpty(array);
}, typeSolver=com.github.javaparser.symbolsolver.resolution.typesolvers.CombinedTypeSolver@7bf9b098}
In MethodCallExpr: Ambiguous method call: cannot find a most applicable method: JavaParserMethodDeclaration{wrappedNode=/**
 * Tests whether an array of primitive floats is empty or {@code null}.
 *
 * @param array  the array to test
 * @return {@code true} if the array is empty or {@code null}
 * @since 2.1
 */
public static boolean isEmpty(final float[] array) {
    return isArrayEmpty(array);
}, typeSolver=com.github.javaparser.symbolsolver.resolution.typesolvers.CombinedTypeSolver@7bf9b098}, JavaParserMethodDeclaration{wrappedNode=/**
 * Tests whether an array of Objects is empty or {@code null}.
 *
 * @param array  the array to test
 * @return {@code true} if the array is empty or {@code null}
 * @since 2.1
 */
public static boolean isEmpty(final Object[] array) {
    return isArrayEmpty(array);
}, typeSolver=com.github.javaparser.symbolsolver.resolution.typesolvers.CombinedTypeSolver@7bf9b098}
In MethodCallExpr: Ambiguous method call: cannot find a most applicable method: JavaParserMethodDeclaration{wrappedNode=/**
 * Tests whether an array of primitive floats is empty or {@code null}.
 *
 * @param array  the array to test
 * @return {@code true} if the array is empty or {@code null}
 * @since 2.1
 */
public static boolean isEmpty(final float[] array) {
    return isArrayEmpty(array);
}, typeSolver=com.github.javaparser.symbolsolver.resolution.typesolvers.CombinedTypeSolver@7bf9b098}, JavaParserMethodDeclaration{wrappedNode=/**
 * Tests whether an array of Objects is empty or {@code null}.
 *
 * @param array  the array to test
 * @return {@code true} if the array is empty or {@code null}
 * @since 2.1
 */
public static boolean isEmpty(final Object[] array) {
    return isArrayEmpty(array);
}, typeSolver=com.github.javaparser.symbolsolver.resolution.typesolvers.CombinedTypeSolver@7bf9b098}
In MethodCallExpr: Ambiguous method call: cannot find a most applicable method: JavaParserMethodDeclaration{wrappedNode=/**
 * Tests whether an array of primitive floats is empty or {@code null}.
 *
 * @param array  the array to test
 * @return {@code true} if the array is empty or {@code null}
 * @since 2.1
 */
public static boolean isEmpty(final float[] array) {
    return isArrayEmpty(array);
}, typeSolver=com.github.javaparser.symbolsolver.resolution.typesolvers.CombinedTypeSolver@7bf9b098}, JavaParserMethodDeclaration{wrappedNode=/**
 * Tests whether an array of primitive doubles is empty or {@code null}.
 *
 * @param array  the array to test
 * @return {@code true} if the array is empty or {@code null}
 * @since 2.1
 */
public static boolean isEmpty(final double[] array) {
    return isArrayEmpty(array);
}, typeSolver=com.github.javaparser.symbolsolver.resolution.typesolvers.CombinedTypeSolver@7bf9b098}
In MethodCallExpr: Ambiguous method call: cannot find a most applicable method: JavaParserMethodDeclaration{wrappedNode=/**
 * Tests whether an array of primitive doubles is empty or {@code null}.
 *
 * @param array  the array to test
 * @return {@code true} if the array is empty or {@code null}
 * @since 2.1
 */
public static boolean isEmpty(final double[] array) {
    return isArrayEmpty(array);
}, typeSolver=com.github.javaparser.symbolsolver.resolution.typesolvers.CombinedTypeSolver@7bf9b098}, JavaParserMethodDeclaration{wrappedNode=/**
 * Tests whether an array of Objects is empty or {@code null}.
 *
 * @param array  the array to test
 * @return {@code true} if the array is empty or {@code null}
 * @since 2.1
 */
public static boolean isEmpty(final Object[] array) {
    return isArrayEmpty(array);
}, typeSolver=com.github.javaparser.symbolsolver.resolution.typesolvers.CombinedTypeSolver@7bf9b098}
In MethodCallExpr: Ambiguous method call: cannot find a most applicable method: JavaParserMethodDeclaration{wrappedNode=/**
 * Reverses the order of the given array in the given range.
 * <p>
 * This method does nothing for a {@code null} input array.
 * </p>
 *
 * @param array
 *            the array to reverse, may be {@code null}.
 * @param startIndexInclusive
 *            the starting index. Under value (&lt;0) is promoted to 0, over value (&gt;array.length) results in no
 *            change.
 * @param endIndexExclusive
 *            elements up to endIndex-1 are reversed in the array. Under value (&lt; start index) results in no
 *            change. Over value (&gt;array.length) is demoted to array length.
 * @since 3.2
 */
public static void reverse(final Object[] array, final int startIndexInclusive, final int endIndexExclusive) {
    if (array == null) {
        return;
    }
    int i = Math.max(startIndexInclusive, 0);
    int j = Math.min(array.length, endIndexExclusive) - 1;
    Object tmp;
    while (j > i) {
        tmp = array[j];
        array[j] = array[i];
        array[i] = tmp;
        j--;
        i++;
    }
}, typeSolver=com.github.javaparser.symbolsolver.resolution.typesolvers.CombinedTypeSolver@7bf9b098}, JavaParserMethodDeclaration{wrappedNode=/**
 * Reverses the order of the given array in the given range.
 * <p>
 * This method does nothing for a {@code null} input array.
 * </p>
 *
 * @param array
 *            the array to reverse, may be {@code null}.
 * @param startIndexInclusive
 *            the starting index. Undervalue (&lt;0) is promoted to 0, overvalue (&gt;array.length) results in no
 *            change.
 * @param endIndexExclusive
 *            elements up to endIndex-1 are reversed in the array. Undervalue (&lt; start index) results in no
 *            change. Overvalue (&gt;array.length) is demoted to array length.
 * @since 3.2
 */
public static void reverse(final float[] array, final int startIndexInclusive, final int endIndexExclusive) {
    if (array == null) {
        return;
    }
    int i = Math.max(startIndexInclusive, 0);
    int j = Math.min(array.length, endIndexExclusive) - 1;
    float tmp;
    while (j > i) {
        tmp = array[j];
        array[j] = array[i];
        array[i] = tmp;
        j--;
        i++;
    }
}, typeSolver=com.github.javaparser.symbolsolver.resolution.typesolvers.CombinedTypeSolver@7bf9b098}
In MethodCallExpr: Ambiguous method call: cannot find a most applicable method: JavaParserMethodDeclaration{wrappedNode=/**
 * Reverses the order of the given array in the given range.
 * <p>
 * This method does nothing for a {@code null} input array.
 * </p>
 *
 * @param array
 *            the array to reverse, may be {@code null}.
 * @param startIndexInclusive
 *            the starting index. Under value (&lt;0) is promoted to 0, over value (&gt;array.length) results in no
 *            change.
 * @param endIndexExclusive
 *            elements up to endIndex-1 are reversed in the array. Under value (&lt; start index) results in no
 *            change. Over value (&gt;array.length) is demoted to array length.
 * @since 3.2
 */
public static void reverse(final Object[] array, final int startIndexInclusive, final int endIndexExclusive) {
    if (array == null) {
        return;
    }
    int i = Math.max(startIndexInclusive, 0);
    int j = Math.min(array.length, endIndexExclusive) - 1;
    Object tmp;
    while (j > i) {
        tmp = array[j];
        array[j] = array[i];
        array[i] = tmp;
        j--;
        i++;
    }
}, typeSolver=com.github.javaparser.symbolsolver.resolution.typesolvers.CombinedTypeSolver@7bf9b098}, JavaParserMethodDeclaration{wrappedNode=/**
 * Reverses the order of the given array in the given range.
 * <p>
 * This method does nothing for a {@code null} input array.
 * </p>
 *
 * @param array
 *            the array to reverse, may be {@code null}
 * @param startIndexInclusive
 *            the starting index. Undervalue (&lt;0) is promoted to 0, overvalue (&gt;array.length) results in no
 *            change.
 * @param endIndexExclusive
 *            elements up to endIndex-1 are reversed in the array. Undervalue (&lt; start index) results in no
 *            change. Overvalue (&gt;array.length) is demoted to array length.
 * @since 3.2
 */
public static void reverse(final double[] array, final int startIndexInclusive, final int endIndexExclusive) {
    if (array == null) {
        return;
    }
    int i = Math.max(startIndexInclusive, 0);
    int j = Math.min(array.length, endIndexExclusive) - 1;
    double tmp;
    while (j > i) {
        tmp = array[j];
        array[j] = array[i];
        array[i] = tmp;
        j--;
        i++;
    }
}, typeSolver=com.github.javaparser.symbolsolver.resolution.typesolvers.CombinedTypeSolver@7bf9b098}
In MethodCallExpr: Ambiguous method call: cannot find a most applicable method: JavaParserMethodDeclaration{wrappedNode=/**
 * Reverses the order of the given array in the given range.
 * <p>
 * This method does nothing for a {@code null} input array.
 * </p>
 *
 * @param array
 *            the array to reverse, may be {@code null}.
 * @param startIndexInclusive
 *            the starting index. Under value (&lt;0) is promoted to 0, over value (&gt;array.length) results in no
 *            change.
 * @param endIndexExclusive
 *            elements up to endIndex-1 are reversed in the array. Under value (&lt; start index) results in no
 *            change. Over value (&gt;array.length) is demoted to array length.
 * @since 3.2
 */
public static void reverse(final Object[] array, final int startIndexInclusive, final int endIndexExclusive) {
    if (array == null) {
        return;
    }
    int i = Math.max(startIndexInclusive, 0);
    int j = Math.min(array.length, endIndexExclusive) - 1;
    Object tmp;
    while (j > i) {
        tmp = array[j];
        array[j] = array[i];
        array[i] = tmp;
        j--;
        i++;
    }
}, typeSolver=com.github.javaparser.symbolsolver.resolution.typesolvers.CombinedTypeSolver@7bf9b098}, JavaParserMethodDeclaration{wrappedNode=/**
 * Reverses the order of the given array in the given range.
 * <p>
 * This method does nothing for a {@code null} input array.
 * </p>
 *
 * @param array
 *            the array to reverse, may be {@code null}
 * @param startIndexInclusive
 *            the starting index. Undervalue (&lt;0) is promoted to 0, overvalue (&gt;array.length) results in no
 *            change.
 * @param endIndexExclusive
 *            elements up to endIndex-1 are reversed in the array. Undervalue (&lt; start index) results in no
 *            change. Overvalue (&gt;array.length) is demoted to array length.
 * @since 3.2
 */
public static void reverse(final double[] array, final int startIndexInclusive, final int endIndexExclusive) {
    if (array == null) {
        return;
    }
    int i = Math.max(startIndexInclusive, 0);
    int j = Math.min(array.length, endIndexExclusive) - 1;
    double tmp;
    while (j > i) {
        tmp = array[j];
        array[j] = array[i];
        array[i] = tmp;
        j--;
        i++;
    }
}, typeSolver=com.github.javaparser.symbolsolver.resolution.typesolvers.CombinedTypeSolver@7bf9b098}
In MethodCallExpr: Ambiguous method call: cannot find a most applicable method: JavaParserMethodDeclaration{wrappedNode=/**
 * Reverses the order of the given array in the given range.
 * <p>
 * This method does nothing for a {@code null} input array.
 * </p>
 *
 * @param array
 *            the array to reverse, may be {@code null}
 * @param startIndexInclusive
 *            the starting index. Undervalue (&lt;0) is promoted to 0, overvalue (&gt;array.length) results in no
 *            change.
 * @param endIndexExclusive
 *            elements up to endIndex-1 are reversed in the array. Undervalue (&lt; start index) results in no
 *            change. Overvalue (&gt;array.length) is demoted to array length.
 * @since 3.2
 */
public static void reverse(final double[] array, final int startIndexInclusive, final int endIndexExclusive) {
    if (array == null) {
        return;
    }
    int i = Math.max(startIndexInclusive, 0);
    int j = Math.min(array.length, endIndexExclusive) - 1;
    double tmp;
    while (j > i) {
        tmp = array[j];
        array[j] = array[i];
        array[i] = tmp;
        j--;
        i++;
    }
}, typeSolver=com.github.javaparser.symbolsolver.resolution.typesolvers.CombinedTypeSolver@7bf9b098}, JavaParserMethodDeclaration{wrappedNode=/**
 * Reverses the order of the given array in the given range.
 * <p>
 * This method does nothing for a {@code null} input array.
 * </p>
 *
 * @param array
 *            the array to reverse, may be {@code null}.
 * @param startIndexInclusive
 *            the starting index. Undervalue (&lt;0) is promoted to 0, overvalue (&gt;array.length) results in no
 *            change.
 * @param endIndexExclusive
 *            elements up to endIndex-1 are reversed in the array. Undervalue (&lt; start index) results in no
 *            change. Overvalue (&gt;array.length) is demoted to array length.
 * @since 3.2
 */
public static void reverse(final int[] array, final int startIndexInclusive, final int endIndexExclusive) {
    if (array == null) {
        return;
    }
    int i = Math.max(startIndexInclusive, 0);
    int j = Math.min(array.length, endIndexExclusive) - 1;
    int tmp;
    while (j > i) {
        tmp = array[j];
        array[j] = array[i];
        array[i] = tmp;
        j--;
        i++;
    }
}, typeSolver=com.github.javaparser.symbolsolver.resolution.typesolvers.CombinedTypeSolver@7bf9b098}
Unknown identifier (not related to type solving) 'java.util.function.IntFunction'
In MethodCallExpr: Ambiguous method call: cannot find a most applicable method: JavaParserMethodDeclaration{wrappedNode=/**
 * Swaps a series of elements in the given long array.
 *
 * <p>This method does nothing for a {@code null} or empty input array or
 * for overflow indices. Negative indices are promoted to 0(zero). If any
 * of the sub-arrays to swap falls outside of the given array, then the
 * swap is stopped at the end of the array and as many as possible elements
 * are swapped.</p>
 *
 * Examples:
 * <ul>
 *     <li>ArrayUtils.swap([1, 2, 3, 4], 0, 2, 1) -&gt; [3, 2, 1, 4]</li>
 *     <li>ArrayUtils.swap([1, 2, 3, 4], 0, 0, 1) -&gt; [1, 2, 3, 4]</li>
 *     <li>ArrayUtils.swap([1, 2, 3, 4], 2, 0, 2) -&gt; [3, 4, 1, 2]</li>
 *     <li>ArrayUtils.swap([1, 2, 3, 4], -3, 2, 2) -&gt; [3, 4, 1, 2]</li>
 *     <li>ArrayUtils.swap([1, 2, 3, 4], 0, 3, 3) -&gt; [4, 2, 3, 1]</li>
 * </ul>
 *
 * @param array the array to swap, may be {@code null}
 * @param offset1 the index of the first element in the series to swap
 * @param offset2 the index of the second element in the series to swap
 * @param len the number of elements to swap starting with the given indices
 * @since 3.5
 */
public static void swap(final long[] array, int offset1, int offset2, int len) {
    if (isEmpty(array) || offset1 >= array.length || offset2 >= array.length) {
        return;
    }
    offset1 = max0(offset1);
    offset2 = max0(offset2);
    len = Math.min(Math.min(len, array.length - offset1), array.length - offset2);
    for (int i = 0; i < len; i++, offset1++, offset2++) {
        final long aux = array[offset1];
        array[offset1] = array[offset2];
        array[offset2] = aux;
    }
}, typeSolver=com.github.javaparser.symbolsolver.resolution.typesolvers.CombinedTypeSolver@7bf9b098}, JavaParserMethodDeclaration{wrappedNode=/**
 * Swaps a series of elements in the given short array.
 *
 * <p>This method does nothing for a {@code null} or empty input array or
 * for overflow indices. Negative indices are promoted to 0(zero). If any
 * of the sub-arrays to swap falls outside of the given array, then the
 * swap is stopped at the end of the array and as many as possible elements
 * are swapped.</p>
 *
 * Examples:
 * <ul>
 *     <li>ArrayUtils.swap([1, 2, 3, 4], 0, 2, 1) -&gt; [3, 2, 1, 4]</li>
 *     <li>ArrayUtils.swap([1, 2, 3, 4], 0, 0, 1) -&gt; [1, 2, 3, 4]</li>
 *     <li>ArrayUtils.swap([1, 2, 3, 4], 2, 0, 2) -&gt; [3, 4, 1, 2]</li>
 *     <li>ArrayUtils.swap([1, 2, 3, 4], -3, 2, 2) -&gt; [3, 4, 1, 2]</li>
 *     <li>ArrayUtils.swap([1, 2, 3, 4], 0, 3, 3) -&gt; [4, 2, 3, 1]</li>
 * </ul>
 *
 * @param array the array to swap, may be {@code null}
 * @param offset1 the index of the first element in the series to swap
 * @param offset2 the index of the second element in the series to swap
 * @param len the number of elements to swap starting with the given indices
 * @since 3.5
 */
public static void swap(final short[] array, int offset1, int offset2, int len) {
    if (isEmpty(array) || offset1 >= array.length || offset2 >= array.length) {
        return;
    }
    offset1 = max0(offset1);
    offset2 = max0(offset2);
    if (offset1 == offset2) {
        return;
    }
    len = Math.min(Math.min(len, array.length - offset1), array.length - offset2);
    for (int i = 0; i < len; i++, offset1++, offset2++) {
        final short aux = array[offset1];
        array[offset1] = array[offset2];
        array[offset2] = aux;
    }
}, typeSolver=com.github.javaparser.symbolsolver.resolution.typesolvers.CombinedTypeSolver@7bf9b098}
In MethodCallExpr: Ambiguous method call: cannot find a most applicable method: JavaParserMethodDeclaration{wrappedNode=/**
 * Swaps a series of elements in the given float array.
 *
 * <p>This method does nothing for a {@code null} or empty input array or
 * for overflow indices. Negative indices are promoted to 0(zero). If any
 * of the sub-arrays to swap falls outside of the given array, then the
 * swap is stopped at the end of the array and as many as possible elements
 * are swapped.</p>
 *
 * Examples:
 * <ul>
 *     <li>ArrayUtils.swap([1, 2, 3, 4], 0, 2, 1) -&gt; [3, 2, 1, 4]</li>
 *     <li>ArrayUtils.swap([1, 2, 3, 4], 0, 0, 1) -&gt; [1, 2, 3, 4]</li>
 *     <li>ArrayUtils.swap([1, 2, 3, 4], 2, 0, 2) -&gt; [3, 4, 1, 2]</li>
 *     <li>ArrayUtils.swap([1, 2, 3, 4], -3, 2, 2) -&gt; [3, 4, 1, 2]</li>
 *     <li>ArrayUtils.swap([1, 2, 3, 4], 0, 3, 3) -&gt; [4, 2, 3, 1]</li>
 * </ul>
 *
 * @param array the array to swap, may be {@code null}.
 * @param offset1 the index of the first element in the series to swap
 * @param offset2 the index of the second element in the series to swap
 * @param len the number of elements to swap starting with the given indices
 * @since 3.5
 */
public static void swap(final float[] array, int offset1, int offset2, int len) {
    if (isEmpty(array) || offset1 >= array.length || offset2 >= array.length) {
        return;
    }
    offset1 = max0(offset1);
    offset2 = max0(offset2);
    len = Math.min(Math.min(len, array.length - offset1), array.length - offset2);
    for (int i = 0; i < len; i++, offset1++, offset2++) {
        final float aux = array[offset1];
        array[offset1] = array[offset2];
        array[offset2] = aux;
    }
}, typeSolver=com.github.javaparser.symbolsolver.resolution.typesolvers.CombinedTypeSolver@7bf9b098}, JavaParserMethodDeclaration{wrappedNode=/**
 * Swaps a series of elements in the given long array.
 *
 * <p>This method does nothing for a {@code null} or empty input array or
 * for overflow indices. Negative indices are promoted to 0(zero). If any
 * of the sub-arrays to swap falls outside of the given array, then the
 * swap is stopped at the end of the array and as many as possible elements
 * are swapped.</p>
 *
 * Examples:
 * <ul>
 *     <li>ArrayUtils.swap([1, 2, 3, 4], 0, 2, 1) -&gt; [3, 2, 1, 4]</li>
 *     <li>ArrayUtils.swap([1, 2, 3, 4], 0, 0, 1) -&gt; [1, 2, 3, 4]</li>
 *     <li>ArrayUtils.swap([1, 2, 3, 4], 2, 0, 2) -&gt; [3, 4, 1, 2]</li>
 *     <li>ArrayUtils.swap([1, 2, 3, 4], -3, 2, 2) -&gt; [3, 4, 1, 2]</li>
 *     <li>ArrayUtils.swap([1, 2, 3, 4], 0, 3, 3) -&gt; [4, 2, 3, 1]</li>
 * </ul>
 *
 * @param array the array to swap, may be {@code null}
 * @param offset1 the index of the first element in the series to swap
 * @param offset2 the index of the second element in the series to swap
 * @param len the number of elements to swap starting with the given indices
 * @since 3.5
 */
public static void swap(final long[] array, int offset1, int offset2, int len) {
    if (isEmpty(array) || offset1 >= array.length || offset2 >= array.length) {
        return;
    }
    offset1 = max0(offset1);
    offset2 = max0(offset2);
    len = Math.min(Math.min(len, array.length - offset1), array.length - offset2);
    for (int i = 0; i < len; i++, offset1++, offset2++) {
        final long aux = array[offset1];
        array[offset1] = array[offset2];
        array[offset2] = aux;
    }
}, typeSolver=com.github.javaparser.symbolsolver.resolution.typesolvers.CombinedTypeSolver@7bf9b098}
In MethodCallExpr: Ambiguous method call: cannot find a most applicable method: JavaParserMethodDeclaration{wrappedNode=/**
 * Swaps a series of elements in the given long array.
 *
 * <p>This method does nothing for a {@code null} or empty input array or
 * for overflow indices. Negative indices are promoted to 0(zero). If any
 * of the sub-arrays to swap falls outside of the given array, then the
 * swap is stopped at the end of the array and as many as possible elements
 * are swapped.</p>
 *
 * Examples:
 * <ul>
 *     <li>ArrayUtils.swap([1, 2, 3, 4], 0, 2, 1) -&gt; [3, 2, 1, 4]</li>
 *     <li>ArrayUtils.swap([1, 2, 3, 4], 0, 0, 1) -&gt; [1, 2, 3, 4]</li>
 *     <li>ArrayUtils.swap([1, 2, 3, 4], 2, 0, 2) -&gt; [3, 4, 1, 2]</li>
 *     <li>ArrayUtils.swap([1, 2, 3, 4], -3, 2, 2) -&gt; [3, 4, 1, 2]</li>
 *     <li>ArrayUtils.swap([1, 2, 3, 4], 0, 3, 3) -&gt; [4, 2, 3, 1]</li>
 * </ul>
 *
 * @param array the array to swap, may be {@code null}
 * @param offset1 the index of the first element in the series to swap
 * @param offset2 the index of the second element in the series to swap
 * @param len the number of elements to swap starting with the given indices
 * @since 3.5
 */
public static void swap(final long[] array, int offset1, int offset2, int len) {
    if (isEmpty(array) || offset1 >= array.length || offset2 >= array.length) {
        return;
    }
    offset1 = max0(offset1);
    offset2 = max0(offset2);
    len = Math.min(Math.min(len, array.length - offset1), array.length - offset2);
    for (int i = 0; i < len; i++, offset1++, offset2++) {
        final long aux = array[offset1];
        array[offset1] = array[offset2];
        array[offset2] = aux;
    }
}, typeSolver=com.github.javaparser.symbolsolver.resolution.typesolvers.CombinedTypeSolver@7bf9b098}, JavaParserMethodDeclaration{wrappedNode=/**
 * Swaps a series of elements in the given short array.
 *
 * <p>This method does nothing for a {@code null} or empty input array or
 * for overflow indices. Negative indices are promoted to 0(zero). If any
 * of the sub-arrays to swap falls outside of the given array, then the
 * swap is stopped at the end of the array and as many as possible elements
 * are swapped.</p>
 *
 * Examples:
 * <ul>
 *     <li>ArrayUtils.swap([1, 2, 3, 4], 0, 2, 1) -&gt; [3, 2, 1, 4]</li>
 *     <li>ArrayUtils.swap([1, 2, 3, 4], 0, 0, 1) -&gt; [1, 2, 3, 4]</li>
 *     <li>ArrayUtils.swap([1, 2, 3, 4], 2, 0, 2) -&gt; [3, 4, 1, 2]</li>
 *     <li>ArrayUtils.swap([1, 2, 3, 4], -3, 2, 2) -&gt; [3, 4, 1, 2]</li>
 *     <li>ArrayUtils.swap([1, 2, 3, 4], 0, 3, 3) -&gt; [4, 2, 3, 1]</li>
 * </ul>
 *
 * @param array the array to swap, may be {@code null}
 * @param offset1 the index of the first element in the series to swap
 * @param offset2 the index of the second element in the series to swap
 * @param len the number of elements to swap starting with the given indices
 * @since 3.5
 */
public static void swap(final short[] array, int offset1, int offset2, int len) {
    if (isEmpty(array) || offset1 >= array.length || offset2 >= array.length) {
        return;
    }
    offset1 = max0(offset1);
    offset2 = max0(offset2);
    if (offset1 == offset2) {
        return;
    }
    len = Math.min(Math.min(len, array.length - offset1), array.length - offset2);
    for (int i = 0; i < len; i++, offset1++, offset2++) {
        final short aux = array[offset1];
        array[offset1] = array[offset2];
        array[offset2] = aux;
    }
}, typeSolver=com.github.javaparser.symbolsolver.resolution.typesolvers.CombinedTypeSolver@7bf9b098}
In MethodCallExpr: Ambiguous method call: cannot find a most applicable method: JavaParserMethodDeclaration{wrappedNode=/**
 * Swaps a series of elements in the given long array.
 *
 * <p>This method does nothing for a {@code null} or empty input array or
 * for overflow indices. Negative indices are promoted to 0(zero). If any
 * of the sub-arrays to swap falls outside of the given array, then the
 * swap is stopped at the end of the array and as many as possible elements
 * are swapped.</p>
 *
 * Examples:
 * <ul>
 *     <li>ArrayUtils.swap([1, 2, 3, 4], 0, 2, 1) -&gt; [3, 2, 1, 4]</li>
 *     <li>ArrayUtils.swap([1, 2, 3, 4], 0, 0, 1) -&gt; [1, 2, 3, 4]</li>
 *     <li>ArrayUtils.swap([1, 2, 3, 4], 2, 0, 2) -&gt; [3, 4, 1, 2]</li>
 *     <li>ArrayUtils.swap([1, 2, 3, 4], -3, 2, 2) -&gt; [3, 4, 1, 2]</li>
 *     <li>ArrayUtils.swap([1, 2, 3, 4], 0, 3, 3) -&gt; [4, 2, 3, 1]</li>
 * </ul>
 *
 * @param array the array to swap, may be {@code null}
 * @param offset1 the index of the first element in the series to swap
 * @param offset2 the index of the second element in the series to swap
 * @param len the number of elements to swap starting with the given indices
 * @since 3.5
 */
public static void swap(final long[] array, int offset1, int offset2, int len) {
    if (isEmpty(array) || offset1 >= array.length || offset2 >= array.length) {
        return;
    }
    offset1 = max0(offset1);
    offset2 = max0(offset2);
    len = Math.min(Math.min(len, array.length - offset1), array.length - offset2);
    for (int i = 0; i < len; i++, offset1++, offset2++) {
        final long aux = array[offset1];
        array[offset1] = array[offset2];
        array[offset2] = aux;
    }
}, typeSolver=com.github.javaparser.symbolsolver.resolution.typesolvers.CombinedTypeSolver@7bf9b098}, JavaParserMethodDeclaration{wrappedNode=/**
 * Swaps a series of elements in the given array.
 *
 * <p>This method does nothing for a {@code null} or empty input array or
 * for overflow indices. Negative indices are promoted to 0(zero). If any
 * of the sub-arrays to swap falls outside of the given array, then the
 * swap is stopped at the end of the array and as many as possible elements
 * are swapped.</p>
 *
 * Examples:
 * <ul>
 *     <li>ArrayUtils.swap(["1", "2", "3", "4"], 0, 2, 1) -&gt; ["3", "2", "1", "4"]</li>
 *     <li>ArrayUtils.swap(["1", "2", "3", "4"], 0, 0, 1) -&gt; ["1", "2", "3", "4"]</li>
 *     <li>ArrayUtils.swap(["1", "2", "3", "4"], 2, 0, 2) -&gt; ["3", "4", "1", "2"]</li>
 *     <li>ArrayUtils.swap(["1", "2", "3", "4"], -3, 2, 2) -&gt; ["3", "4", "1", "2"]</li>
 *     <li>ArrayUtils.swap(["1", "2", "3", "4"], 0, 3, 3) -&gt; ["4", "2", "3", "1"]</li>
 * </ul>
 *
 * @param array the array to swap, may be {@code null}
 * @param offset1 the index of the first element in the series to swap
 * @param offset2 the index of the second element in the series to swap
 * @param len the number of elements to swap starting with the given indices
 * @since 3.5
 */
public static void swap(final Object[] array, int offset1, int offset2, int len) {
    if (isEmpty(array) || offset1 >= array.length || offset2 >= array.length) {
        return;
    }
    offset1 = max0(offset1);
    offset2 = max0(offset2);
    len = Math.min(Math.min(len, array.length - offset1), array.length - offset2);
    for (int i = 0; i < len; i++, offset1++, offset2++) {
        final Object aux = array[offset1];
        array[offset1] = array[offset2];
        array[offset2] = aux;
    }
}, typeSolver=com.github.javaparser.symbolsolver.resolution.typesolvers.CombinedTypeSolver@7bf9b098}
In MethodCallExpr: Ambiguous method call: cannot find a most applicable method: JavaParserMethodDeclaration{wrappedNode=/**
 * Swaps a series of elements in the given array.
 *
 * <p>This method does nothing for a {@code null} or empty input array or
 * for overflow indices. Negative indices are promoted to 0(zero). If any
 * of the sub-arrays to swap falls outside of the given array, then the
 * swap is stopped at the end of the array and as many as possible elements
 * are swapped.</p>
 *
 * Examples:
 * <ul>
 *     <li>ArrayUtils.swap(["1", "2", "3", "4"], 0, 2, 1) -&gt; ["3", "2", "1", "4"]</li>
 *     <li>ArrayUtils.swap(["1", "2", "3", "4"], 0, 0, 1) -&gt; ["1", "2", "3", "4"]</li>
 *     <li>ArrayUtils.swap(["1", "2", "3", "4"], 2, 0, 2) -&gt; ["3", "4", "1", "2"]</li>
 *     <li>ArrayUtils.swap(["1", "2", "3", "4"], -3, 2, 2) -&gt; ["3", "4", "1", "2"]</li>
 *     <li>ArrayUtils.swap(["1", "2", "3", "4"], 0, 3, 3) -&gt; ["4", "2", "3", "1"]</li>
 * </ul>
 *
 * @param array the array to swap, may be {@code null}
 * @param offset1 the index of the first element in the series to swap
 * @param offset2 the index of the second element in the series to swap
 * @param len the number of elements to swap starting with the given indices
 * @since 3.5
 */
public static void swap(final Object[] array, int offset1, int offset2, int len) {
    if (isEmpty(array) || offset1 >= array.length || offset2 >= array.length) {
        return;
    }
    offset1 = max0(offset1);
    offset2 = max0(offset2);
    len = Math.min(Math.min(len, array.length - offset1), array.length - offset2);
    for (int i = 0; i < len; i++, offset1++, offset2++) {
        final Object aux = array[offset1];
        array[offset1] = array[offset2];
        array[offset2] = aux;
    }
}, typeSolver=com.github.javaparser.symbolsolver.resolution.typesolvers.CombinedTypeSolver@7bf9b098}, JavaParserMethodDeclaration{wrappedNode=/**
 * Swaps a series of elements in the given long array.
 *
 * <p>This method does nothing for a {@code null} or empty input array or
 * for overflow indices. Negative indices are promoted to 0(zero). If any
 * of the sub-arrays to swap falls outside of the given array, then the
 * swap is stopped at the end of the array and as many as possible elements
 * are swapped.</p>
 *
 * Examples:
 * <ul>
 *     <li>ArrayUtils.swap([1, 2, 3, 4], 0, 2, 1) -&gt; [3, 2, 1, 4]</li>
 *     <li>ArrayUtils.swap([1, 2, 3, 4], 0, 0, 1) -&gt; [1, 2, 3, 4]</li>
 *     <li>ArrayUtils.swap([1, 2, 3, 4], 2, 0, 2) -&gt; [3, 4, 1, 2]</li>
 *     <li>ArrayUtils.swap([1, 2, 3, 4], -3, 2, 2) -&gt; [3, 4, 1, 2]</li>
 *     <li>ArrayUtils.swap([1, 2, 3, 4], 0, 3, 3) -&gt; [4, 2, 3, 1]</li>
 * </ul>
 *
 * @param array the array to swap, may be {@code null}
 * @param offset1 the index of the first element in the series to swap
 * @param offset2 the index of the second element in the series to swap
 * @param len the number of elements to swap starting with the given indices
 * @since 3.5
 */
public static void swap(final long[] array, int offset1, int offset2, int len) {
    if (isEmpty(array) || offset1 >= array.length || offset2 >= array.length) {
        return;
    }
    offset1 = max0(offset1);
    offset2 = max0(offset2);
    len = Math.min(Math.min(len, array.length - offset1), array.length - offset2);
    for (int i = 0; i < len; i++, offset1++, offset2++) {
        final long aux = array[offset1];
        array[offset1] = array[offset2];
        array[offset2] = aux;
    }
}, typeSolver=com.github.javaparser.symbolsolver.resolution.typesolvers.CombinedTypeSolver@7bf9b098}
In MethodCallExpr: Ambiguous method call: cannot find a most applicable method: JavaParserMethodDeclaration{wrappedNode=/**
 * Shifts the order of a series of elements in the given double array.
 *
 * <p>There is no special handling for multi-dimensional arrays. This method
 * does nothing for {@code null} or empty input arrays.</p>
 *
 * @param array
 *            the array to shift, may be {@code null}.
 * @param startIndexInclusive
 *            the starting index. Undervalue (&lt;0) is promoted to 0, overvalue (&gt;array.length) results in no
 *            change.
 * @param endIndexExclusive
 *            elements up to endIndex-1 are shifted in the array. Undervalue (&lt; start index) results in no
 *            change. Overvalue (&gt;array.length) is demoted to array length.
 * @param offset
 *          The number of positions to rotate the elements.  If the offset is larger than the number of elements to
 *          rotate, than the effective offset is modulo the number of elements to rotate.
 * @since 3.5
 */
public static void shift(final double[] array, int startIndexInclusive, int endIndexExclusive, int offset) {
    if (array == null || startIndexInclusive >= array.length - 1 || endIndexExclusive <= 0) {
        return;
    }
    startIndexInclusive = max0(startIndexInclusive);
    endIndexExclusive = Math.min(endIndexExclusive, array.length);
    int n = endIndexExclusive - startIndexInclusive;
    if (n <= 1) {
        return;
    }
    offset %= n;
    if (offset < 0) {
        offset += n;
    }
    // For algorithm explanations and proof of O(n) time complexity and O(1) space complexity
    // see https://beradrian.wordpress.com/2015/04/07/shift-an-array-in-on-in-place/
    while (n > 1 && offset > 0) {
        final int nOffset = n - offset;
        if (offset > nOffset) {
            swap(array, startIndexInclusive, startIndexInclusive + n - nOffset, nOffset);
            n = offset;
            offset -= nOffset;
        } else if (offset < nOffset) {
            swap(array, startIndexInclusive, startIndexInclusive + nOffset, offset);
            startIndexInclusive += offset;
            n = nOffset;
        } else {
            swap(array, startIndexInclusive, startIndexInclusive + nOffset, offset);
            break;
        }
    }
}, typeSolver=com.github.javaparser.symbolsolver.resolution.typesolvers.CombinedTypeSolver@7bf9b098}, JavaParserMethodDeclaration{wrappedNode=/**
 * Shifts the order of a series of elements in the given array.
 *
 * <p>There is no special handling for multi-dimensional arrays. This method
 * does nothing for {@code null} or empty input arrays.</p>
 *
 * @param array
 *            the array to shift, may be {@code null}.
 * @param startIndexInclusive
 *            the starting index. Undervalue (&lt;0) is promoted to 0, overvalue (&gt;array.length) results in no
 *            change.
 * @param endIndexExclusive
 *            elements up to endIndex-1 are shifted in the array. Undervalue (&lt; start index) results in no
 *            change. Overvalue (&gt;array.length) is demoted to array length.
 * @param offset
 *          The number of positions to rotate the elements.  If the offset is larger than the number of elements to
 *          rotate, than the effective offset is modulo the number of elements to rotate.
 * @since 3.5
 */
public static void shift(final Object[] array, int startIndexInclusive, int endIndexExclusive, int offset) {
    if (array == null || startIndexInclusive >= array.length - 1 || endIndexExclusive <= 0) {
        return;
    }
    startIndexInclusive = max0(startIndexInclusive);
    endIndexExclusive = Math.min(endIndexExclusive, array.length);
    int n = endIndexExclusive - startIndexInclusive;
    if (n <= 1) {
        return;
    }
    offset %= n;
    if (offset < 0) {
        offset += n;
    }
    // For algorithm explanations and proof of O(n) time complexity and O(1) space complexity
    // see https://beradrian.wordpress.com/2015/04/07/shift-an-array-in-on-in-place/
    while (n > 1 && offset > 0) {
        final int nOffset = n - offset;
        if (offset > nOffset) {
            swap(array, startIndexInclusive, startIndexInclusive + n - nOffset, nOffset);
            n = offset;
            offset -= nOffset;
        } else if (offset < nOffset) {
            swap(array, startIndexInclusive, startIndexInclusive + nOffset, offset);
            startIndexInclusive += offset;
            n = nOffset;
        } else {
            swap(array, startIndexInclusive, startIndexInclusive + nOffset, offset);
            break;
        }
    }
}, typeSolver=com.github.javaparser.symbolsolver.resolution.typesolvers.CombinedTypeSolver@7bf9b098}
In MethodCallExpr: Ambiguous method call: cannot find a most applicable method: JavaParserMethodDeclaration{wrappedNode=/**
 * Swaps a series of elements in the given double array.
 *
 * <p>This method does nothing for a {@code null} or empty input array or
 * for overflow indices. Negative indices are promoted to 0(zero). If any
 * of the sub-arrays to swap falls outside of the given array, then the
 * swap is stopped at the end of the array and as many as possible elements
 * are swapped.</p>
 *
 * Examples:
 * <ul>
 *     <li>ArrayUtils.swap([1, 2, 3, 4], 0, 2, 1) -&gt; [3, 2, 1, 4]</li>
 *     <li>ArrayUtils.swap([1, 2, 3, 4], 0, 0, 1) -&gt; [1, 2, 3, 4]</li>
 *     <li>ArrayUtils.swap([1, 2, 3, 4], 2, 0, 2) -&gt; [3, 4, 1, 2]</li>
 *     <li>ArrayUtils.swap([1, 2, 3, 4], -3, 2, 2) -&gt; [3, 4, 1, 2]</li>
 *     <li>ArrayUtils.swap([1, 2, 3, 4], 0, 3, 3) -&gt; [4, 2, 3, 1]</li>
 * </ul>
 *
 * @param array the array to swap, may be {@code null}.
 * @param offset1 the index of the first element in the series to swap
 * @param offset2 the index of the second element in the series to swap
 * @param len the number of elements to swap starting with the given indices
 * @since 3.5
 */
public static void swap(final double[] array, int offset1, int offset2, int len) {
    if (isEmpty(array) || offset1 >= array.length || offset2 >= array.length) {
        return;
    }
    offset1 = max0(offset1);
    offset2 = max0(offset2);
    len = Math.min(Math.min(len, array.length - offset1), array.length - offset2);
    for (int i = 0; i < len; i++, offset1++, offset2++) {
        final double aux = array[offset1];
        array[offset1] = array[offset2];
        array[offset2] = aux;
    }
}, typeSolver=com.github.javaparser.symbolsolver.resolution.typesolvers.CombinedTypeSolver@7bf9b098}, JavaParserMethodDeclaration{wrappedNode=/**
 * Swaps a series of elements in the given array.
 *
 * <p>This method does nothing for a {@code null} or empty input array or
 * for overflow indices. Negative indices are promoted to 0(zero). If any
 * of the sub-arrays to swap falls outside of the given array, then the
 * swap is stopped at the end of the array and as many as possible elements
 * are swapped.</p>
 *
 * Examples:
 * <ul>
 *     <li>ArrayUtils.swap(["1", "2", "3", "4"], 0, 2, 1) -&gt; ["3", "2", "1", "4"]</li>
 *     <li>ArrayUtils.swap(["1", "2", "3", "4"], 0, 0, 1) -&gt; ["1", "2", "3", "4"]</li>
 *     <li>ArrayUtils.swap(["1", "2", "3", "4"], 2, 0, 2) -&gt; ["3", "4", "1", "2"]</li>
 *     <li>ArrayUtils.swap(["1", "2", "3", "4"], -3, 2, 2) -&gt; ["3", "4", "1", "2"]</li>
 *     <li>ArrayUtils.swap(["1", "2", "3", "4"], 0, 3, 3) -&gt; ["4", "2", "3", "1"]</li>
 * </ul>
 *
 * @param array the array to swap, may be {@code null}
 * @param offset1 the index of the first element in the series to swap
 * @param offset2 the index of the second element in the series to swap
 * @param len the number of elements to swap starting with the given indices
 * @since 3.5
 */
public static void swap(final Object[] array, int offset1, int offset2, int len) {
    if (isEmpty(array) || offset1 >= array.length || offset2 >= array.length) {
        return;
    }
    offset1 = max0(offset1);
    offset2 = max0(offset2);
    len = Math.min(Math.min(len, array.length - offset1), array.length - offset2);
    for (int i = 0; i < len; i++, offset1++, offset2++) {
        final Object aux = array[offset1];
        array[offset1] = array[offset2];
        array[offset2] = aux;
    }
}, typeSolver=com.github.javaparser.symbolsolver.resolution.typesolvers.CombinedTypeSolver@7bf9b098}
In MethodCallExpr: Ambiguous method call: cannot find a most applicable method: JavaParserMethodDeclaration{wrappedNode=/**
 * Swaps a series of elements in the given float array.
 *
 * <p>This method does nothing for a {@code null} or empty input array or
 * for overflow indices. Negative indices are promoted to 0(zero). If any
 * of the sub-arrays to swap falls outside of the given array, then the
 * swap is stopped at the end of the array and as many as possible elements
 * are swapped.</p>
 *
 * Examples:
 * <ul>
 *     <li>ArrayUtils.swap([1, 2, 3, 4], 0, 2, 1) -&gt; [3, 2, 1, 4]</li>
 *     <li>ArrayUtils.swap([1, 2, 3, 4], 0, 0, 1) -&gt; [1, 2, 3, 4]</li>
 *     <li>ArrayUtils.swap([1, 2, 3, 4], 2, 0, 2) -&gt; [3, 4, 1, 2]</li>
 *     <li>ArrayUtils.swap([1, 2, 3, 4], -3, 2, 2) -&gt; [3, 4, 1, 2]</li>
 *     <li>ArrayUtils.swap([1, 2, 3, 4], 0, 3, 3) -&gt; [4, 2, 3, 1]</li>
 * </ul>
 *
 * @param array the array to swap, may be {@code null}.
 * @param offset1 the index of the first element in the series to swap
 * @param offset2 the index of the second element in the series to swap
 * @param len the number of elements to swap starting with the given indices
 * @since 3.5
 */
public static void swap(final float[] array, int offset1, int offset2, int len) {
    if (isEmpty(array) || offset1 >= array.length || offset2 >= array.length) {
        return;
    }
    offset1 = max0(offset1);
    offset2 = max0(offset2);
    len = Math.min(Math.min(len, array.length - offset1), array.length - offset2);
    for (int i = 0; i < len; i++, offset1++, offset2++) {
        final float aux = array[offset1];
        array[offset1] = array[offset2];
        array[offset2] = aux;
    }
}, typeSolver=com.github.javaparser.symbolsolver.resolution.typesolvers.CombinedTypeSolver@7bf9b098}, JavaParserMethodDeclaration{wrappedNode=/**
 * Swaps a series of elements in the given array.
 *
 * <p>This method does nothing for a {@code null} or empty input array or
 * for overflow indices. Negative indices are promoted to 0(zero). If any
 * of the sub-arrays to swap falls outside of the given array, then the
 * swap is stopped at the end of the array and as many as possible elements
 * are swapped.</p>
 *
 * Examples:
 * <ul>
 *     <li>ArrayUtils.swap(["1", "2", "3", "4"], 0, 2, 1) -&gt; ["3", "2", "1", "4"]</li>
 *     <li>ArrayUtils.swap(["1", "2", "3", "4"], 0, 0, 1) -&gt; ["1", "2", "3", "4"]</li>
 *     <li>ArrayUtils.swap(["1", "2", "3", "4"], 2, 0, 2) -&gt; ["3", "4", "1", "2"]</li>
 *     <li>ArrayUtils.swap(["1", "2", "3", "4"], -3, 2, 2) -&gt; ["3", "4", "1", "2"]</li>
 *     <li>ArrayUtils.swap(["1", "2", "3", "4"], 0, 3, 3) -&gt; ["4", "2", "3", "1"]</li>
 * </ul>
 *
 * @param array the array to swap, may be {@code null}
 * @param offset1 the index of the first element in the series to swap
 * @param offset2 the index of the second element in the series to swap
 * @param len the number of elements to swap starting with the given indices
 * @since 3.5
 */
public static void swap(final Object[] array, int offset1, int offset2, int len) {
    if (isEmpty(array) || offset1 >= array.length || offset2 >= array.length) {
        return;
    }
    offset1 = max0(offset1);
    offset2 = max0(offset2);
    len = Math.min(Math.min(len, array.length - offset1), array.length - offset2);
    for (int i = 0; i < len; i++, offset1++, offset2++) {
        final Object aux = array[offset1];
        array[offset1] = array[offset2];
        array[offset2] = aux;
    }
}, typeSolver=com.github.javaparser.symbolsolver.resolution.typesolvers.CombinedTypeSolver@7bf9b098}
In MethodCallExpr: Ambiguous method call: cannot find a most applicable method: JavaParserMethodDeclaration{wrappedNode=/**
 * Shifts the order of a series of elements in the given double array.
 *
 * <p>There is no special handling for multi-dimensional arrays. This method
 * does nothing for {@code null} or empty input arrays.</p>
 *
 * @param array
 *            the array to shift, may be {@code null}.
 * @param startIndexInclusive
 *            the starting index. Undervalue (&lt;0) is promoted to 0, overvalue (&gt;array.length) results in no
 *            change.
 * @param endIndexExclusive
 *            elements up to endIndex-1 are shifted in the array. Undervalue (&lt; start index) results in no
 *            change. Overvalue (&gt;array.length) is demoted to array length.
 * @param offset
 *          The number of positions to rotate the elements.  If the offset is larger than the number of elements to
 *          rotate, than the effective offset is modulo the number of elements to rotate.
 * @since 3.5
 */
public static void shift(final double[] array, int startIndexInclusive, int endIndexExclusive, int offset) {
    if (array == null || startIndexInclusive >= array.length - 1 || endIndexExclusive <= 0) {
        return;
    }
    startIndexInclusive = max0(startIndexInclusive);
    endIndexExclusive = Math.min(endIndexExclusive, array.length);
    int n = endIndexExclusive - startIndexInclusive;
    if (n <= 1) {
        return;
    }
    offset %= n;
    if (offset < 0) {
        offset += n;
    }
    // For algorithm explanations and proof of O(n) time complexity and O(1) space complexity
    // see https://beradrian.wordpress.com/2015/04/07/shift-an-array-in-on-in-place/
    while (n > 1 && offset > 0) {
        final int nOffset = n - offset;
        if (offset > nOffset) {
            swap(array, startIndexInclusive, startIndexInclusive + n - nOffset, nOffset);
            n = offset;
            offset -= nOffset;
        } else if (offset < nOffset) {
            swap(array, startIndexInclusive, startIndexInclusive + nOffset, offset);
            startIndexInclusive += offset;
            n = nOffset;
        } else {
            swap(array, startIndexInclusive, startIndexInclusive + nOffset, offset);
            break;
        }
    }
}, typeSolver=com.github.javaparser.symbolsolver.resolution.typesolvers.CombinedTypeSolver@7bf9b098}, JavaParserMethodDeclaration{wrappedNode=/**
 * Shifts the order of a series of elements in the given float array.
 *
 * <p>There is no special handling for multi-dimensional arrays. This method
 * does nothing for {@code null} or empty input arrays.</p>
 *
 * @param array
 *            the array to shift, may be {@code null}.
 * @param startIndexInclusive
 *            the starting index. Undervalue (&lt;0) is promoted to 0, overvalue (&gt;array.length) results in no
 *            change.
 * @param endIndexExclusive
 *            elements up to endIndex-1 are shifted in the array. Undervalue (&lt; start index) results in no
 *            change. Overvalue (&gt;array.length) is demoted to array length.
 * @param offset
 *          The number of positions to rotate the elements.  If the offset is larger than the number of elements to
 *          rotate, than the effective offset is modulo the number of elements to rotate.
 * @since 3.5
 */
public static void shift(final float[] array, int startIndexInclusive, int endIndexExclusive, int offset) {
    if (array == null || startIndexInclusive >= array.length - 1 || endIndexExclusive <= 0) {
        return;
    }
    startIndexInclusive = max0(startIndexInclusive);
    endIndexExclusive = Math.min(endIndexExclusive, array.length);
    int n = endIndexExclusive - startIndexInclusive;
    if (n <= 1) {
        return;
    }
    offset %= n;
    if (offset < 0) {
        offset += n;
    }
    // For algorithm explanations and proof of O(n) time complexity and O(1) space complexity
    // see https://beradrian.wordpress.com/2015/04/07/shift-an-array-in-on-in-place/
    while (n > 1 && offset > 0) {
        final int nOffset = n - offset;
        if (offset > nOffset) {
            swap(array, startIndexInclusive, startIndexInclusive + n - nOffset, nOffset);
            n = offset;
            offset -= nOffset;
        } else if (offset < nOffset) {
            swap(array, startIndexInclusive, startIndexInclusive + nOffset, offset);
            startIndexInclusive += offset;
            n = nOffset;
        } else {
            swap(array, startIndexInclusive, startIndexInclusive + nOffset, offset);
            break;
        }
    }
}, typeSolver=com.github.javaparser.symbolsolver.resolution.typesolvers.CombinedTypeSolver@7bf9b098}
In MethodCallExpr: Ambiguous method call: cannot find a most applicable method: JavaParserMethodDeclaration{wrappedNode=/**
 * Swaps a series of elements in the given array.
 *
 * <p>This method does nothing for a {@code null} or empty input array or
 * for overflow indices. Negative indices are promoted to 0(zero). If any
 * of the sub-arrays to swap falls outside of the given array, then the
 * swap is stopped at the end of the array and as many as possible elements
 * are swapped.</p>
 *
 * Examples:
 * <ul>
 *     <li>ArrayUtils.swap(["1", "2", "3", "4"], 0, 2, 1) -&gt; ["3", "2", "1", "4"]</li>
 *     <li>ArrayUtils.swap(["1", "2", "3", "4"], 0, 0, 1) -&gt; ["1", "2", "3", "4"]</li>
 *     <li>ArrayUtils.swap(["1", "2", "3", "4"], 2, 0, 2) -&gt; ["3", "4", "1", "2"]</li>
 *     <li>ArrayUtils.swap(["1", "2", "3", "4"], -3, 2, 2) -&gt; ["3", "4", "1", "2"]</li>
 *     <li>ArrayUtils.swap(["1", "2", "3", "4"], 0, 3, 3) -&gt; ["4", "2", "3", "1"]</li>
 * </ul>
 *
 * @param array the array to swap, may be {@code null}
 * @param offset1 the index of the first element in the series to swap
 * @param offset2 the index of the second element in the series to swap
 * @param len the number of elements to swap starting with the given indices
 * @since 3.5
 */
public static void swap(final Object[] array, int offset1, int offset2, int len) {
    if (isEmpty(array) || offset1 >= array.length || offset2 >= array.length) {
        return;
    }
    offset1 = max0(offset1);
    offset2 = max0(offset2);
    len = Math.min(Math.min(len, array.length - offset1), array.length - offset2);
    for (int i = 0; i < len; i++, offset1++, offset2++) {
        final Object aux = array[offset1];
        array[offset1] = array[offset2];
        array[offset2] = aux;
    }
}, typeSolver=com.github.javaparser.symbolsolver.resolution.typesolvers.CombinedTypeSolver@7bf9b098}, JavaParserMethodDeclaration{wrappedNode=/**
 * Swaps a series of elements in the given float array.
 *
 * <p>This method does nothing for a {@code null} or empty input array or
 * for overflow indices. Negative indices are promoted to 0(zero). If any
 * of the sub-arrays to swap falls outside of the given array, then the
 * swap is stopped at the end of the array and as many as possible elements
 * are swapped.</p>
 *
 * Examples:
 * <ul>
 *     <li>ArrayUtils.swap([1, 2, 3, 4], 0, 2, 1) -&gt; [3, 2, 1, 4]</li>
 *     <li>ArrayUtils.swap([1, 2, 3, 4], 0, 0, 1) -&gt; [1, 2, 3, 4]</li>
 *     <li>ArrayUtils.swap([1, 2, 3, 4], 2, 0, 2) -&gt; [3, 4, 1, 2]</li>
 *     <li>ArrayUtils.swap([1, 2, 3, 4], -3, 2, 2) -&gt; [3, 4, 1, 2]</li>
 *     <li>ArrayUtils.swap([1, 2, 3, 4], 0, 3, 3) -&gt; [4, 2, 3, 1]</li>
 * </ul>
 *
 * @param array the array to swap, may be {@code null}.
 * @param offset1 the index of the first element in the series to swap
 * @param offset2 the index of the second element in the series to swap
 * @param len the number of elements to swap starting with the given indices
 * @since 3.5
 */
public static void swap(final float[] array, int offset1, int offset2, int len) {
    if (isEmpty(array) || offset1 >= array.length || offset2 >= array.length) {
        return;
    }
    offset1 = max0(offset1);
    offset2 = max0(offset2);
    len = Math.min(Math.min(len, array.length - offset1), array.length - offset2);
    for (int i = 0; i < len; i++, offset1++, offset2++) {
        final float aux = array[offset1];
        array[offset1] = array[offset2];
        array[offset2] = aux;
    }
}, typeSolver=com.github.javaparser.symbolsolver.resolution.typesolvers.CombinedTypeSolver@7bf9b098}
In MethodCallExpr: Ambiguous method call: cannot find a most applicable method: JavaParserMethodDeclaration{wrappedNode=/**
 * Swaps a series of elements in the given int array.
 *
 * <p>This method does nothing for a {@code null} or empty input array or
 * for overflow indices. Negative indices are promoted to 0(zero). If any
 * of the sub-arrays to swap falls outside of the given array, then the
 * swap is stopped at the end of the array and as many as possible elements
 * are swapped.</p>
 *
 * Examples:
 * <ul>
 *     <li>ArrayUtils.swap([1, 2, 3, 4], 0, 2, 1) -&gt; [3, 2, 1, 4]</li>
 *     <li>ArrayUtils.swap([1, 2, 3, 4], 0, 0, 1) -&gt; [1, 2, 3, 4]</li>
 *     <li>ArrayUtils.swap([1, 2, 3, 4], 2, 0, 2) -&gt; [3, 4, 1, 2]</li>
 *     <li>ArrayUtils.swap([1, 2, 3, 4], -3, 2, 2) -&gt; [3, 4, 1, 2]</li>
 *     <li>ArrayUtils.swap([1, 2, 3, 4], 0, 3, 3) -&gt; [4, 2, 3, 1]</li>
 * </ul>
 *
 * @param array the array to swap, may be {@code null}
 * @param offset1 the index of the first element in the series to swap
 * @param offset2 the index of the second element in the series to swap
 * @param len the number of elements to swap starting with the given indices
 * @since 3.5
 */
public static void swap(final int[] array, int offset1, int offset2, int len) {
    if (isEmpty(array) || offset1 >= array.length || offset2 >= array.length) {
        return;
    }
    offset1 = max0(offset1);
    offset2 = max0(offset2);
    len = Math.min(Math.min(len, array.length - offset1), array.length - offset2);
    for (int i = 0; i < len; i++, offset1++, offset2++) {
        final int aux = array[offset1];
        array[offset1] = array[offset2];
        array[offset2] = aux;
    }
}, typeSolver=com.github.javaparser.symbolsolver.resolution.typesolvers.CombinedTypeSolver@7bf9b098}, JavaParserMethodDeclaration{wrappedNode=/**
 * Swaps a series of elements in the given long array.
 *
 * <p>This method does nothing for a {@code null} or empty input array or
 * for overflow indices. Negative indices are promoted to 0(zero). If any
 * of the sub-arrays to swap falls outside of the given array, then the
 * swap is stopped at the end of the array and as many as possible elements
 * are swapped.</p>
 *
 * Examples:
 * <ul>
 *     <li>ArrayUtils.swap([1, 2, 3, 4], 0, 2, 1) -&gt; [3, 2, 1, 4]</li>
 *     <li>ArrayUtils.swap([1, 2, 3, 4], 0, 0, 1) -&gt; [1, 2, 3, 4]</li>
 *     <li>ArrayUtils.swap([1, 2, 3, 4], 2, 0, 2) -&gt; [3, 4, 1, 2]</li>
 *     <li>ArrayUtils.swap([1, 2, 3, 4], -3, 2, 2) -&gt; [3, 4, 1, 2]</li>
 *     <li>ArrayUtils.swap([1, 2, 3, 4], 0, 3, 3) -&gt; [4, 2, 3, 1]</li>
 * </ul>
 *
 * @param array the array to swap, may be {@code null}
 * @param offset1 the index of the first element in the series to swap
 * @param offset2 the index of the second element in the series to swap
 * @param len the number of elements to swap starting with the given indices
 * @since 3.5
 */
public static void swap(final long[] array, int offset1, int offset2, int len) {
    if (isEmpty(array) || offset1 >= array.length || offset2 >= array.length) {
        return;
    }
    offset1 = max0(offset1);
    offset2 = max0(offset2);
    len = Math.min(Math.min(len, array.length - offset1), array.length - offset2);
    for (int i = 0; i < len; i++, offset1++, offset2++) {
        final long aux = array[offset1];
        array[offset1] = array[offset2];
        array[offset2] = aux;
    }
}, typeSolver=com.github.javaparser.symbolsolver.resolution.typesolvers.CombinedTypeSolver@7bf9b098}
In MethodCallExpr: Ambiguous method call: cannot find a most applicable method: JavaParserMethodDeclaration{wrappedNode=/**
 * Shuffles randomly the elements of the specified array using the <a href="https://en.wikipedia.org/wiki/Fisher%E2%80%93Yates_shuffle">Fisher-Yates shuffle
 * algorithm</a>.
 *
 * @param array  the array to shuffle
 * @param random the source of randomness used to permute the elements
 * @see <a href="https://en.wikipedia.org/wiki/Fisher%E2%80%93Yates_shuffle">Fisher-Yates shuffle algorithm</a>
 * @since 3.6
 */
public static void shuffle(final boolean[] array, final Random random) {
    for (int i = array.length; i > 1; i--) {
        swap(array, i - 1, random.nextInt(i), 1);
    }
}, typeSolver=com.github.javaparser.symbolsolver.resolution.typesolvers.CombinedTypeSolver@7bf9b098}, JavaParserMethodDeclaration{wrappedNode=/**
 * Shuffles randomly the elements of the specified array using the <a href="https://en.wikipedia.org/wiki/Fisher%E2%80%93Yates_shuffle">Fisher-Yates shuffle
 * algorithm</a>.
 *
 * @param array  the array to shuffle
 * @param random the source of randomness used to permute the elements
 * @see <a href="https://en.wikipedia.org/wiki/Fisher%E2%80%93Yates_shuffle">Fisher-Yates shuffle algorithm</a>
 * @since 3.6
 */
public static void shuffle(final Object[] array, final Random random) {
    for (int i = array.length; i > 1; i--) {
        swap(array, i - 1, random.nextInt(i), 1);
    }
}, typeSolver=com.github.javaparser.symbolsolver.resolution.typesolvers.CombinedTypeSolver@7bf9b098}
Unknown identifier (not related to type solving) 'java.util.Random'
In MethodCallExpr: Ambiguous method call: cannot find a most applicable method: JavaParserMethodDeclaration{wrappedNode=/**
 * Shuffles randomly the elements of the specified array using the <a href="https://en.wikipedia.org/wiki/Fisher%E2%80%93Yates_shuffle">Fisher-Yates shuffle
 * algorithm</a>.
 *
 * @param array  the array to shuffle
 * @param random the source of randomness used to permute the elements
 * @see <a href="https://en.wikipedia.org/wiki/Fisher%E2%80%93Yates_shuffle">Fisher-Yates shuffle algorithm</a>
 * @since 3.6
 */
public static void shuffle(final long[] array, final Random random) {
    for (int i = array.length; i > 1; i--) {
        swap(array, i - 1, random.nextInt(i), 1);
    }
}, typeSolver=com.github.javaparser.symbolsolver.resolution.typesolvers.CombinedTypeSolver@7bf9b098}, JavaParserMethodDeclaration{wrappedNode=/**
 * Shuffles randomly the elements of the specified array using the <a href="https://en.wikipedia.org/wiki/Fisher%E2%80%93Yates_shuffle">Fisher-Yates shuffle
 * algorithm</a>.
 *
 * @param array  the array to shuffle
 * @param random the source of randomness used to permute the elements
 * @see <a href="https://en.wikipedia.org/wiki/Fisher%E2%80%93Yates_shuffle">Fisher-Yates shuffle algorithm</a>
 * @since 3.6
 */
public static void shuffle(final double[] array, final Random random) {
    for (int i = array.length; i > 1; i--) {
        swap(array, i - 1, random.nextInt(i), 1);
    }
}, typeSolver=com.github.javaparser.symbolsolver.resolution.typesolvers.CombinedTypeSolver@7bf9b098}
In MethodCallExpr: Ambiguous method call: cannot find a most applicable method: JavaParserMethodDeclaration{wrappedNode=/**
 * Swaps a series of elements in the given double array.
 *
 * <p>This method does nothing for a {@code null} or empty input array or
 * for overflow indices. Negative indices are promoted to 0(zero). If any
 * of the sub-arrays to swap falls outside of the given array, then the
 * swap is stopped at the end of the array and as many as possible elements
 * are swapped.</p>
 *
 * Examples:
 * <ul>
 *     <li>ArrayUtils.swap([1, 2, 3, 4], 0, 2, 1) -&gt; [3, 2, 1, 4]</li>
 *     <li>ArrayUtils.swap([1, 2, 3, 4], 0, 0, 1) -&gt; [1, 2, 3, 4]</li>
 *     <li>ArrayUtils.swap([1, 2, 3, 4], 2, 0, 2) -&gt; [3, 4, 1, 2]</li>
 *     <li>ArrayUtils.swap([1, 2, 3, 4], -3, 2, 2) -&gt; [3, 4, 1, 2]</li>
 *     <li>ArrayUtils.swap([1, 2, 3, 4], 0, 3, 3) -&gt; [4, 2, 3, 1]</li>
 * </ul>
 *
 * @param array the array to swap, may be {@code null}.
 * @param offset1 the index of the first element in the series to swap
 * @param offset2 the index of the second element in the series to swap
 * @param len the number of elements to swap starting with the given indices
 * @since 3.5
 */
public static void swap(final double[] array, int offset1, int offset2, int len) {
    if (isEmpty(array) || offset1 >= array.length || offset2 >= array.length) {
        return;
    }
    offset1 = max0(offset1);
    offset2 = max0(offset2);
    len = Math.min(Math.min(len, array.length - offset1), array.length - offset2);
    for (int i = 0; i < len; i++, offset1++, offset2++) {
        final double aux = array[offset1];
        array[offset1] = array[offset2];
        array[offset2] = aux;
    }
}, typeSolver=com.github.javaparser.symbolsolver.resolution.typesolvers.CombinedTypeSolver@7bf9b098}, JavaParserMethodDeclaration{wrappedNode=/**
 * Swaps a series of elements in the given int array.
 *
 * <p>This method does nothing for a {@code null} or empty input array or
 * for overflow indices. Negative indices are promoted to 0(zero). If any
 * of the sub-arrays to swap falls outside of the given array, then the
 * swap is stopped at the end of the array and as many as possible elements
 * are swapped.</p>
 *
 * Examples:
 * <ul>
 *     <li>ArrayUtils.swap([1, 2, 3, 4], 0, 2, 1) -&gt; [3, 2, 1, 4]</li>
 *     <li>ArrayUtils.swap([1, 2, 3, 4], 0, 0, 1) -&gt; [1, 2, 3, 4]</li>
 *     <li>ArrayUtils.swap([1, 2, 3, 4], 2, 0, 2) -&gt; [3, 4, 1, 2]</li>
 *     <li>ArrayUtils.swap([1, 2, 3, 4], -3, 2, 2) -&gt; [3, 4, 1, 2]</li>
 *     <li>ArrayUtils.swap([1, 2, 3, 4], 0, 3, 3) -&gt; [4, 2, 3, 1]</li>
 * </ul>
 *
 * @param array the array to swap, may be {@code null}
 * @param offset1 the index of the first element in the series to swap
 * @param offset2 the index of the second element in the series to swap
 * @param len the number of elements to swap starting with the given indices
 * @since 3.5
 */
public static void swap(final int[] array, int offset1, int offset2, int len) {
    if (isEmpty(array) || offset1 >= array.length || offset2 >= array.length) {
        return;
    }
    offset1 = max0(offset1);
    offset2 = max0(offset2);
    len = Math.min(Math.min(len, array.length - offset1), array.length - offset2);
    for (int i = 0; i < len; i++, offset1++, offset2++) {
        final int aux = array[offset1];
        array[offset1] = array[offset2];
        array[offset2] = aux;
    }
}, typeSolver=com.github.javaparser.symbolsolver.resolution.typesolvers.CombinedTypeSolver@7bf9b098}
In MethodCallExpr: Ambiguous method call: cannot find a most applicable method: JavaParserMethodDeclaration{wrappedNode=/**
 * Shuffles randomly the elements of the specified array using the <a href="https://en.wikipedia.org/wiki/Fisher%E2%80%93Yates_shuffle">Fisher-Yates shuffle
 * algorithm</a>.
 *
 * @param array  the array to shuffle
 * @param random the source of randomness used to permute the elements
 * @see <a href="https://en.wikipedia.org/wiki/Fisher%E2%80%93Yates_shuffle">Fisher-Yates shuffle algorithm</a>
 * @since 3.6
 */
public static void shuffle(final Object[] array, final Random random) {
    for (int i = array.length; i > 1; i--) {
        swap(array, i - 1, random.nextInt(i), 1);
    }
}, typeSolver=com.github.javaparser.symbolsolver.resolution.typesolvers.CombinedTypeSolver@7bf9b098}, JavaParserMethodDeclaration{wrappedNode=/**
 * Shuffles randomly the elements of the specified array using the <a href="https://en.wikipedia.org/wiki/Fisher%E2%80%93Yates_shuffle">Fisher-Yates shuffle
 * algorithm</a>.
 *
 * @param array  the array to shuffle
 * @param random the source of randomness used to permute the elements
 * @see <a href="https://en.wikipedia.org/wiki/Fisher%E2%80%93Yates_shuffle">Fisher-Yates shuffle algorithm</a>
 * @since 3.6
 */
public static void shuffle(final int[] array, final Random random) {
    for (int i = array.length; i > 1; i--) {
        swap(array, i - 1, random.nextInt(i), 1);
    }
}, typeSolver=com.github.javaparser.symbolsolver.resolution.typesolvers.CombinedTypeSolver@7bf9b098}
In MethodCallExpr: Ambiguous method call: cannot find a most applicable method: JavaParserMethodDeclaration{wrappedNode=/**
 * Swaps a series of elements in the given double array.
 *
 * <p>This method does nothing for a {@code null} or empty input array or
 * for overflow indices. Negative indices are promoted to 0(zero). If any
 * of the sub-arrays to swap falls outside of the given array, then the
 * swap is stopped at the end of the array and as many as possible elements
 * are swapped.</p>
 *
 * Examples:
 * <ul>
 *     <li>ArrayUtils.swap([1, 2, 3, 4], 0, 2, 1) -&gt; [3, 2, 1, 4]</li>
 *     <li>ArrayUtils.swap([1, 2, 3, 4], 0, 0, 1) -&gt; [1, 2, 3, 4]</li>
 *     <li>ArrayUtils.swap([1, 2, 3, 4], 2, 0, 2) -&gt; [3, 4, 1, 2]</li>
 *     <li>ArrayUtils.swap([1, 2, 3, 4], -3, 2, 2) -&gt; [3, 4, 1, 2]</li>
 *     <li>ArrayUtils.swap([1, 2, 3, 4], 0, 3, 3) -&gt; [4, 2, 3, 1]</li>
 * </ul>
 *
 * @param array the array to swap, may be {@code null}.
 * @param offset1 the index of the first element in the series to swap
 * @param offset2 the index of the second element in the series to swap
 * @param len the number of elements to swap starting with the given indices
 * @since 3.5
 */
public static void swap(final double[] array, int offset1, int offset2, int len) {
    if (isEmpty(array) || offset1 >= array.length || offset2 >= array.length) {
        return;
    }
    offset1 = max0(offset1);
    offset2 = max0(offset2);
    len = Math.min(Math.min(len, array.length - offset1), array.length - offset2);
    for (int i = 0; i < len; i++, offset1++, offset2++) {
        final double aux = array[offset1];
        array[offset1] = array[offset2];
        array[offset2] = aux;
    }
}, typeSolver=com.github.javaparser.symbolsolver.resolution.typesolvers.CombinedTypeSolver@7bf9b098}, JavaParserMethodDeclaration{wrappedNode=/**
 * Swaps a series of elements in the given array.
 *
 * <p>This method does nothing for a {@code null} or empty input array or
 * for overflow indices. Negative indices are promoted to 0(zero). If any
 * of the sub-arrays to swap falls outside of the given array, then the
 * swap is stopped at the end of the array and as many as possible elements
 * are swapped.</p>
 *
 * Examples:
 * <ul>
 *     <li>ArrayUtils.swap(["1", "2", "3", "4"], 0, 2, 1) -&gt; ["3", "2", "1", "4"]</li>
 *     <li>ArrayUtils.swap(["1", "2", "3", "4"], 0, 0, 1) -&gt; ["1", "2", "3", "4"]</li>
 *     <li>ArrayUtils.swap(["1", "2", "3", "4"], 2, 0, 2) -&gt; ["3", "4", "1", "2"]</li>
 *     <li>ArrayUtils.swap(["1", "2", "3", "4"], -3, 2, 2) -&gt; ["3", "4", "1", "2"]</li>
 *     <li>ArrayUtils.swap(["1", "2", "3", "4"], 0, 3, 3) -&gt; ["4", "2", "3", "1"]</li>
 * </ul>
 *
 * @param array the array to swap, may be {@code null}
 * @param offset1 the index of the first element in the series to swap
 * @param offset2 the index of the second element in the series to swap
 * @param len the number of elements to swap starting with the given indices
 * @since 3.5
 */
public static void swap(final Object[] array, int offset1, int offset2, int len) {
    if (isEmpty(array) || offset1 >= array.length || offset2 >= array.length) {
        return;
    }
    offset1 = max0(offset1);
    offset2 = max0(offset2);
    len = Math.min(Math.min(len, array.length - offset1), array.length - offset2);
    for (int i = 0; i < len; i++, offset1++, offset2++) {
        final Object aux = array[offset1];
        array[offset1] = array[offset2];
        array[offset2] = aux;
    }
}, typeSolver=com.github.javaparser.symbolsolver.resolution.typesolvers.CombinedTypeSolver@7bf9b098}
In MethodCallExpr: Ambiguous method call: cannot find a most applicable method: JavaParserMethodDeclaration{wrappedNode=/**
 * Shuffles randomly the elements of the specified array using the <a href="https://en.wikipedia.org/wiki/Fisher%E2%80%93Yates_shuffle">Fisher-Yates shuffle
 * algorithm</a>.
 *
 * @param array  the array to shuffle
 * @param random the source of randomness used to permute the elements
 * @see <a href="https://en.wikipedia.org/wiki/Fisher%E2%80%93Yates_shuffle">Fisher-Yates shuffle algorithm</a>
 * @since 3.6
 */
public static void shuffle(final Object[] array, final Random random) {
    for (int i = array.length; i > 1; i--) {
        swap(array, i - 1, random.nextInt(i), 1);
    }
}, typeSolver=com.github.javaparser.symbolsolver.resolution.typesolvers.CombinedTypeSolver@7bf9b098}, JavaParserMethodDeclaration{wrappedNode=/**
 * Shuffles randomly the elements of the specified array using the <a href="https://en.wikipedia.org/wiki/Fisher%E2%80%93Yates_shuffle">Fisher-Yates shuffle
 * algorithm</a>.
 *
 * @param array  the array to shuffle
 * @param random the source of randomness used to permute the elements
 * @see <a href="https://en.wikipedia.org/wiki/Fisher%E2%80%93Yates_shuffle">Fisher-Yates shuffle algorithm</a>
 * @since 3.6
 */
public static void shuffle(final double[] array, final Random random) {
    for (int i = array.length; i > 1; i--) {
        swap(array, i - 1, random.nextInt(i), 1);
    }
}, typeSolver=com.github.javaparser.symbolsolver.resolution.typesolvers.CombinedTypeSolver@7bf9b098}
In MethodCallExpr: Ambiguous method call: cannot find a most applicable method: JavaParserMethodDeclaration{wrappedNode=/**
 * Shuffles randomly the elements of the specified array using the <a href="https://en.wikipedia.org/wiki/Fisher%E2%80%93Yates_shuffle">Fisher-Yates shuffle
 * algorithm</a>.
 *
 * @param array  the array to shuffle
 * @param random the source of randomness used to permute the elements
 * @see <a href="https://en.wikipedia.org/wiki/Fisher%E2%80%93Yates_shuffle">Fisher-Yates shuffle algorithm</a>
 * @since 3.6
 */
public static void shuffle(final float[] array, final Random random) {
    for (int i = array.length; i > 1; i--) {
        swap(array, i - 1, random.nextInt(i), 1);
    }
}, typeSolver=com.github.javaparser.symbolsolver.resolution.typesolvers.CombinedTypeSolver@7bf9b098}, JavaParserMethodDeclaration{wrappedNode=/**
 * Shuffles randomly the elements of the specified array using the <a href="https://en.wikipedia.org/wiki/Fisher%E2%80%93Yates_shuffle">Fisher-Yates shuffle
 * algorithm</a>.
 *
 * @param array  the array to shuffle
 * @param random the source of randomness used to permute the elements
 * @see <a href="https://en.wikipedia.org/wiki/Fisher%E2%80%93Yates_shuffle">Fisher-Yates shuffle algorithm</a>
 * @since 3.6
 */
public static void shuffle(final double[] array, final Random random) {
    for (int i = array.length; i > 1; i--) {
        swap(array, i - 1, random.nextInt(i), 1);
    }
}, typeSolver=com.github.javaparser.symbolsolver.resolution.typesolvers.CombinedTypeSolver@7bf9b098}
In MethodCallExpr: Ambiguous method call: cannot find a most applicable method: JavaParserMethodDeclaration{wrappedNode=/**
 * Swaps a series of elements in the given array.
 *
 * <p>This method does nothing for a {@code null} or empty input array or
 * for overflow indices. Negative indices are promoted to 0(zero). If any
 * of the sub-arrays to swap falls outside of the given array, then the
 * swap is stopped at the end of the array and as many as possible elements
 * are swapped.</p>
 *
 * Examples:
 * <ul>
 *     <li>ArrayUtils.swap(["1", "2", "3", "4"], 0, 2, 1) -&gt; ["3", "2", "1", "4"]</li>
 *     <li>ArrayUtils.swap(["1", "2", "3", "4"], 0, 0, 1) -&gt; ["1", "2", "3", "4"]</li>
 *     <li>ArrayUtils.swap(["1", "2", "3", "4"], 2, 0, 2) -&gt; ["3", "4", "1", "2"]</li>
 *     <li>ArrayUtils.swap(["1", "2", "3", "4"], -3, 2, 2) -&gt; ["3", "4", "1", "2"]</li>
 *     <li>ArrayUtils.swap(["1", "2", "3", "4"], 0, 3, 3) -&gt; ["4", "2", "3", "1"]</li>
 * </ul>
 *
 * @param array the array to swap, may be {@code null}
 * @param offset1 the index of the first element in the series to swap
 * @param offset2 the index of the second element in the series to swap
 * @param len the number of elements to swap starting with the given indices
 * @since 3.5
 */
public static void swap(final Object[] array, int offset1, int offset2, int len) {
    if (isEmpty(array) || offset1 >= array.length || offset2 >= array.length) {
        return;
    }
    offset1 = max0(offset1);
    offset2 = max0(offset2);
    len = Math.min(Math.min(len, array.length - offset1), array.length - offset2);
    for (int i = 0; i < len; i++, offset1++, offset2++) {
        final Object aux = array[offset1];
        array[offset1] = array[offset2];
        array[offset2] = aux;
    }
}, typeSolver=com.github.javaparser.symbolsolver.resolution.typesolvers.CombinedTypeSolver@7bf9b098}, JavaParserMethodDeclaration{wrappedNode=/**
 * Swaps a series of elements in the given double array.
 *
 * <p>This method does nothing for a {@code null} or empty input array or
 * for overflow indices. Negative indices are promoted to 0(zero). If any
 * of the sub-arrays to swap falls outside of the given array, then the
 * swap is stopped at the end of the array and as many as possible elements
 * are swapped.</p>
 *
 * Examples:
 * <ul>
 *     <li>ArrayUtils.swap([1, 2, 3, 4], 0, 2, 1) -&gt; [3, 2, 1, 4]</li>
 *     <li>ArrayUtils.swap([1, 2, 3, 4], 0, 0, 1) -&gt; [1, 2, 3, 4]</li>
 *     <li>ArrayUtils.swap([1, 2, 3, 4], 2, 0, 2) -&gt; [3, 4, 1, 2]</li>
 *     <li>ArrayUtils.swap([1, 2, 3, 4], -3, 2, 2) -&gt; [3, 4, 1, 2]</li>
 *     <li>ArrayUtils.swap([1, 2, 3, 4], 0, 3, 3) -&gt; [4, 2, 3, 1]</li>
 * </ul>
 *
 * @param array the array to swap, may be {@code null}.
 * @param offset1 the index of the first element in the series to swap
 * @param offset2 the index of the second element in the series to swap
 * @param len the number of elements to swap starting with the given indices
 * @since 3.5
 */
public static void swap(final double[] array, int offset1, int offset2, int len) {
    if (isEmpty(array) || offset1 >= array.length || offset2 >= array.length) {
        return;
    }
    offset1 = max0(offset1);
    offset2 = max0(offset2);
    len = Math.min(Math.min(len, array.length - offset1), array.length - offset2);
    for (int i = 0; i < len; i++, offset1++, offset2++) {
        final double aux = array[offset1];
        array[offset1] = array[offset2];
        array[offset2] = aux;
    }
}, typeSolver=com.github.javaparser.symbolsolver.resolution.typesolvers.CombinedTypeSolver@7bf9b098}
In MethodCallExpr: Ambiguous method call: cannot find a most applicable method: JavaParserMethodDeclaration{wrappedNode=/**
 * Shuffles randomly the elements of the specified array using the <a href="https://en.wikipedia.org/wiki/Fisher%E2%80%93Yates_shuffle">Fisher-Yates shuffle
 * algorithm</a>.
 *
 * @param array  the array to shuffle
 * @param random the source of randomness used to permute the elements
 * @see <a href="https://en.wikipedia.org/wiki/Fisher%E2%80%93Yates_shuffle">Fisher-Yates shuffle algorithm</a>
 * @since 3.6
 */
public static void shuffle(final int[] array, final Random random) {
    for (int i = array.length; i > 1; i--) {
        swap(array, i - 1, random.nextInt(i), 1);
    }
}, typeSolver=com.github.javaparser.symbolsolver.resolution.typesolvers.CombinedTypeSolver@7bf9b098}, JavaParserMethodDeclaration{wrappedNode=/**
 * Shuffles randomly the elements of the specified array using the <a href="https://en.wikipedia.org/wiki/Fisher%E2%80%93Yates_shuffle">Fisher-Yates shuffle
 * algorithm</a>.
 *
 * @param array  the array to shuffle
 * @param random the source of randomness used to permute the elements
 * @see <a href="https://en.wikipedia.org/wiki/Fisher%E2%80%93Yates_shuffle">Fisher-Yates shuffle algorithm</a>
 * @since 3.6
 */
public static void shuffle(final Object[] array, final Random random) {
    for (int i = array.length; i > 1; i--) {
        swap(array, i - 1, random.nextInt(i), 1);
    }
}, typeSolver=com.github.javaparser.symbolsolver.resolution.typesolvers.CombinedTypeSolver@7bf9b098}
In MethodCallExpr: Ambiguous method call: cannot find a most applicable method: JavaParserMethodDeclaration{wrappedNode=/**
 * Shuffles randomly the elements of the specified array using the <a href="https://en.wikipedia.org/wiki/Fisher%E2%80%93Yates_shuffle">Fisher-Yates shuffle
 * algorithm</a>.
 *
 * @param array  the array to shuffle
 * @param random the source of randomness used to permute the elements
 * @see <a href="https://en.wikipedia.org/wiki/Fisher%E2%80%93Yates_shuffle">Fisher-Yates shuffle algorithm</a>
 * @since 3.6
 */
public static void shuffle(final double[] array, final Random random) {
    for (int i = array.length; i > 1; i--) {
        swap(array, i - 1, random.nextInt(i), 1);
    }
}, typeSolver=com.github.javaparser.symbolsolver.resolution.typesolvers.CombinedTypeSolver@7bf9b098}, JavaParserMethodDeclaration{wrappedNode=/**
 * Shuffles randomly the elements of the specified array using the <a href="https://en.wikipedia.org/wiki/Fisher%E2%80%93Yates_shuffle">Fisher-Yates shuffle
 * algorithm</a>.
 *
 * @param array  the array to shuffle
 * @param random the source of randomness used to permute the elements
 * @see <a href="https://en.wikipedia.org/wiki/Fisher%E2%80%93Yates_shuffle">Fisher-Yates shuffle algorithm</a>
 * @since 3.6
 */
public static void shuffle(final long[] array, final Random random) {
    for (int i = array.length; i > 1; i--) {
        swap(array, i - 1, random.nextInt(i), 1);
    }
}, typeSolver=com.github.javaparser.symbolsolver.resolution.typesolvers.CombinedTypeSolver@7bf9b098}
In MethodCallExpr: Ambiguous method call: cannot find a most applicable method: JavaParserMethodDeclaration{wrappedNode=/**
 * Shuffles randomly the elements of the specified array using the <a href="https://en.wikipedia.org/wiki/Fisher%E2%80%93Yates_shuffle">Fisher-Yates shuffle
 * algorithm</a>.
 *
 * @param array  the array to shuffle
 * @param random the source of randomness used to permute the elements
 * @see <a href="https://en.wikipedia.org/wiki/Fisher%E2%80%93Yates_shuffle">Fisher-Yates shuffle algorithm</a>
 * @since 3.6
 */
public static void shuffle(final long[] array, final Random random) {
    for (int i = array.length; i > 1; i--) {
        swap(array, i - 1, random.nextInt(i), 1);
    }
}, typeSolver=com.github.javaparser.symbolsolver.resolution.typesolvers.CombinedTypeSolver@7bf9b098}, JavaParserMethodDeclaration{wrappedNode=/**
 * Shuffles randomly the elements of the specified array using the <a href="https://en.wikipedia.org/wiki/Fisher%E2%80%93Yates_shuffle">Fisher-Yates shuffle
 * algorithm</a>.
 *
 * @param array  the array to shuffle
 * @param random the source of randomness used to permute the elements
 * @see <a href="https://en.wikipedia.org/wiki/Fisher%E2%80%93Yates_shuffle">Fisher-Yates shuffle algorithm</a>
 * @since 3.6
 */
public static void shuffle(final double[] array, final Random random) {
    for (int i = array.length; i > 1; i--) {
        swap(array, i - 1, random.nextInt(i), 1);
    }
}, typeSolver=com.github.javaparser.symbolsolver.resolution.typesolvers.CombinedTypeSolver@7bf9b098}
In MethodCallExpr: Ambiguous method call: cannot find a most applicable method: JavaParserMethodDeclaration{wrappedNode=/**
 * Swaps a series of elements in the given int array.
 *
 * <p>This method does nothing for a {@code null} or empty input array or
 * for overflow indices. Negative indices are promoted to 0(zero). If any
 * of the sub-arrays to swap falls outside of the given array, then the
 * swap is stopped at the end of the array and as many as possible elements
 * are swapped.</p>
 *
 * Examples:
 * <ul>
 *     <li>ArrayUtils.swap([1, 2, 3, 4], 0, 2, 1) -&gt; [3, 2, 1, 4]</li>
 *     <li>ArrayUtils.swap([1, 2, 3, 4], 0, 0, 1) -&gt; [1, 2, 3, 4]</li>
 *     <li>ArrayUtils.swap([1, 2, 3, 4], 2, 0, 2) -&gt; [3, 4, 1, 2]</li>
 *     <li>ArrayUtils.swap([1, 2, 3, 4], -3, 2, 2) -&gt; [3, 4, 1, 2]</li>
 *     <li>ArrayUtils.swap([1, 2, 3, 4], 0, 3, 3) -&gt; [4, 2, 3, 1]</li>
 * </ul>
 *
 * @param array the array to swap, may be {@code null}
 * @param offset1 the index of the first element in the series to swap
 * @param offset2 the index of the second element in the series to swap
 * @param len the number of elements to swap starting with the given indices
 * @since 3.5
 */
public static void swap(final int[] array, int offset1, int offset2, int len) {
    if (isEmpty(array) || offset1 >= array.length || offset2 >= array.length) {
        return;
    }
    offset1 = max0(offset1);
    offset2 = max0(offset2);
    len = Math.min(Math.min(len, array.length - offset1), array.length - offset2);
    for (int i = 0; i < len; i++, offset1++, offset2++) {
        final int aux = array[offset1];
        array[offset1] = array[offset2];
        array[offset2] = aux;
    }
}, typeSolver=com.github.javaparser.symbolsolver.resolution.typesolvers.CombinedTypeSolver@7bf9b098}, JavaParserMethodDeclaration{wrappedNode=/**
 * Swaps a series of elements in the given long array.
 *
 * <p>This method does nothing for a {@code null} or empty input array or
 * for overflow indices. Negative indices are promoted to 0(zero). If any
 * of the sub-arrays to swap falls outside of the given array, then the
 * swap is stopped at the end of the array and as many as possible elements
 * are swapped.</p>
 *
 * Examples:
 * <ul>
 *     <li>ArrayUtils.swap([1, 2, 3, 4], 0, 2, 1) -&gt; [3, 2, 1, 4]</li>
 *     <li>ArrayUtils.swap([1, 2, 3, 4], 0, 0, 1) -&gt; [1, 2, 3, 4]</li>
 *     <li>ArrayUtils.swap([1, 2, 3, 4], 2, 0, 2) -&gt; [3, 4, 1, 2]</li>
 *     <li>ArrayUtils.swap([1, 2, 3, 4], -3, 2, 2) -&gt; [3, 4, 1, 2]</li>
 *     <li>ArrayUtils.swap([1, 2, 3, 4], 0, 3, 3) -&gt; [4, 2, 3, 1]</li>
 * </ul>
 *
 * @param array the array to swap, may be {@code null}
 * @param offset1 the index of the first element in the series to swap
 * @param offset2 the index of the second element in the series to swap
 * @param len the number of elements to swap starting with the given indices
 * @since 3.5
 */
public static void swap(final long[] array, int offset1, int offset2, int len) {
    if (isEmpty(array) || offset1 >= array.length || offset2 >= array.length) {
        return;
    }
    offset1 = max0(offset1);
    offset2 = max0(offset2);
    len = Math.min(Math.min(len, array.length - offset1), array.length - offset2);
    for (int i = 0; i < len; i++, offset1++, offset2++) {
        final long aux = array[offset1];
        array[offset1] = array[offset2];
        array[offset2] = aux;
    }
}, typeSolver=com.github.javaparser.symbolsolver.resolution.typesolvers.CombinedTypeSolver@7bf9b098}
In MethodCallExpr: Ambiguous method call: cannot find a most applicable method: JavaParserMethodDeclaration{wrappedNode=/**
 * A fluent version of {@link System#arraycopy(Object, int, Object, int, int)} that returns the destination array.
 *
 * @param <T>       the type.
 * @param source    the source array.
 * @param sourcePos starting position in the source array.
 * @param destPos   starting position in the destination data.
 * @param length    the number of array elements to be copied.
 * @param allocator allocates the array to populate and return.
 * @return dest
 * @throws IndexOutOfBoundsException if copying would cause access of data outside array bounds.
 * @throws ArrayStoreException       if an element in the {@code src} array could not be stored into the {@code dest} array because of a type
 *                                   mismatch.
 * @throws NullPointerException      if either {@code src} or {@code dest} is {@code null}.
 * @since 3.15.0
 */
public static <T> T arraycopy(final T source, final int sourcePos, final int destPos, final int length, final Supplier<T> allocator) {
    return arraycopy(source, sourcePos, allocator.get(), destPos, length);
}, typeSolver=com.github.javaparser.symbolsolver.resolution.typesolvers.CombinedTypeSolver@7bf9b098}, JavaParserMethodDeclaration{wrappedNode=/**
 * A fluent version of {@link System#arraycopy(Object, int, Object, int, int)} that returns the destination array.
 *
 * @param <T>       the type.
 * @param source    the source array.
 * @param sourcePos starting position in the source array.
 * @param destPos   starting position in the destination data.
 * @param length    the number of array elements to be copied.
 * @param allocator allocates the array to populate and return.
 * @return dest
 * @throws IndexOutOfBoundsException if copying would cause access of data outside array bounds.
 * @throws ArrayStoreException       if an element in the {@code src} array could not be stored into the {@code dest} array because of a type
 *                                   mismatch.
 * @throws NullPointerException      if either {@code src} or {@code dest} is {@code null}.
 * @since 3.15.0
 */
public static <T> T arraycopy(final T source, final int sourcePos, final int destPos, final int length, final Function<Integer, T> allocator) {
    return arraycopy(source, sourcePos, allocator.apply(length), destPos, length);
}, typeSolver=com.github.javaparser.symbolsolver.resolution.typesolvers.CombinedTypeSolver@7bf9b098}
In MethodCallExpr: Ambiguous method call: cannot find a most applicable method: JavaParserMethodDeclaration{wrappedNode=/**
 * A fluent version of {@link System#arraycopy(Object, int, Object, int, int)} that returns the destination array.
 *
 * @param <T>       the type.
 * @param source    the source array.
 * @param sourcePos starting position in the source array.
 * @param destPos   starting position in the destination data.
 * @param length    the number of array elements to be copied.
 * @param allocator allocates the array to populate and return.
 * @return dest
 * @throws IndexOutOfBoundsException if copying would cause access of data outside array bounds.
 * @throws ArrayStoreException       if an element in the {@code src} array could not be stored into the {@code dest} array because of a type
 *                                   mismatch.
 * @throws NullPointerException      if either {@code src} or {@code dest} is {@code null}.
 * @since 3.15.0
 */
public static <T> T arraycopy(final T source, final int sourcePos, final int destPos, final int length, final Function<Integer, T> allocator) {
    return arraycopy(source, sourcePos, allocator.apply(length), destPos, length);
}, typeSolver=com.github.javaparser.symbolsolver.resolution.typesolvers.CombinedTypeSolver@7bf9b098}, JavaParserMethodDeclaration{wrappedNode=/**
 * A fluent version of {@link System#arraycopy(Object, int, Object, int, int)} that returns the destination array.
 *
 * @param <T>       the type.
 * @param source    the source array.
 * @param sourcePos starting position in the source array.
 * @param destPos   starting position in the destination data.
 * @param length    the number of array elements to be copied.
 * @param allocator allocates the array to populate and return.
 * @return dest
 * @throws IndexOutOfBoundsException if copying would cause access of data outside array bounds.
 * @throws ArrayStoreException       if an element in the {@code src} array could not be stored into the {@code dest} array because of a type
 *                                   mismatch.
 * @throws NullPointerException      if either {@code src} or {@code dest} is {@code null}.
 * @since 3.15.0
 */
public static <T> T arraycopy(final T source, final int sourcePos, final int destPos, final int length, final Supplier<T> allocator) {
    return arraycopy(source, sourcePos, allocator.get(), destPos, length);
}, typeSolver=com.github.javaparser.symbolsolver.resolution.typesolvers.CombinedTypeSolver@7bf9b098}
In MethodCallExpr: Ambiguous method call: cannot find a most applicable method: JavaParserMethodDeclaration{wrappedNode=/**
 * A fluent version of {@link System#arraycopy(Object, int, Object, int, int)} that returns the destination array.
 *
 * @param <T>       the type.
 * @param source    the source array.
 * @param sourcePos starting position in the source array.
 * @param destPos   starting position in the destination data.
 * @param length    the number of array elements to be copied.
 * @param allocator allocates the array to populate and return.
 * @return dest
 * @throws IndexOutOfBoundsException if copying would cause access of data outside array bounds.
 * @throws ArrayStoreException       if an element in the {@code src} array could not be stored into the {@code dest} array because of a type
 *                                   mismatch.
 * @throws NullPointerException      if either {@code src} or {@code dest} is {@code null}.
 * @since 3.15.0
 */
public static <T> T arraycopy(final T source, final int sourcePos, final int destPos, final int length, final Supplier<T> allocator) {
    return arraycopy(source, sourcePos, allocator.get(), destPos, length);
}, typeSolver=com.github.javaparser.symbolsolver.resolution.typesolvers.CombinedTypeSolver@7bf9b098}, JavaParserMethodDeclaration{wrappedNode=/**
 * A fluent version of {@link System#arraycopy(Object, int, Object, int, int)} that returns the destination array.
 *
 * @param <T>       the type.
 * @param source    the source array.
 * @param sourcePos starting position in the source array.
 * @param destPos   starting position in the destination data.
 * @param length    the number of array elements to be copied.
 * @param allocator allocates the array to populate and return.
 * @return dest
 * @throws IndexOutOfBoundsException if copying would cause access of data outside array bounds.
 * @throws ArrayStoreException       if an element in the {@code src} array could not be stored into the {@code dest} array because of a type
 *                                   mismatch.
 * @throws NullPointerException      if either {@code src} or {@code dest} is {@code null}.
 * @since 3.15.0
 */
public static <T> T arraycopy(final T source, final int sourcePos, final int destPos, final int length, final Function<Integer, T> allocator) {
    return arraycopy(source, sourcePos, allocator.apply(length), destPos, length);
}, typeSolver=com.github.javaparser.symbolsolver.resolution.typesolvers.CombinedTypeSolver@7bf9b098}
In MethodCallExpr: Ambiguous method call: cannot find a most applicable method: JavaParserMethodDeclaration{wrappedNode=/**
 * A fluent version of {@link System#arraycopy(Object, int, Object, int, int)} that returns the destination array.
 *
 * @param <T>       the type.
 * @param source    the source array.
 * @param sourcePos starting position in the source array.
 * @param destPos   starting position in the destination data.
 * @param length    the number of array elements to be copied.
 * @param allocator allocates the array to populate and return.
 * @return dest
 * @throws IndexOutOfBoundsException if copying would cause access of data outside array bounds.
 * @throws ArrayStoreException       if an element in the {@code src} array could not be stored into the {@code dest} array because of a type
 *                                   mismatch.
 * @throws NullPointerException      if either {@code src} or {@code dest} is {@code null}.
 * @since 3.15.0
 */
public static <T> T arraycopy(final T source, final int sourcePos, final int destPos, final int length, final Supplier<T> allocator) {
    return arraycopy(source, sourcePos, allocator.get(), destPos, length);
}, typeSolver=com.github.javaparser.symbolsolver.resolution.typesolvers.CombinedTypeSolver@7bf9b098}, JavaParserMethodDeclaration{wrappedNode=/**
 * A fluent version of {@link System#arraycopy(Object, int, Object, int, int)} that returns the destination array.
 *
 * @param <T>       the type.
 * @param source    the source array.
 * @param sourcePos starting position in the source array.
 * @param destPos   starting position in the destination data.
 * @param length    the number of array elements to be copied.
 * @param allocator allocates the array to populate and return.
 * @return dest
 * @throws IndexOutOfBoundsException if copying would cause access of data outside array bounds.
 * @throws ArrayStoreException       if an element in the {@code src} array could not be stored into the {@code dest} array because of a type
 *                                   mismatch.
 * @throws NullPointerException      if either {@code src} or {@code dest} is {@code null}.
 * @since 3.15.0
 */
public static <T> T arraycopy(final T source, final int sourcePos, final int destPos, final int length, final Function<Integer, T> allocator) {
    return arraycopy(source, sourcePos, allocator.apply(length), destPos, length);
}, typeSolver=com.github.javaparser.symbolsolver.resolution.typesolvers.CombinedTypeSolver@7bf9b098}
In MethodCallExpr: Ambiguous method call: cannot find a most applicable method: JavaParserMethodDeclaration{wrappedNode=/**
 * A fluent version of {@link System#arraycopy(Object, int, Object, int, int)} that returns the destination array.
 *
 * @param <T>       the type.
 * @param source    the source array.
 * @param sourcePos starting position in the source array.
 * @param destPos   starting position in the destination data.
 * @param length    the number of array elements to be copied.
 * @param allocator allocates the array to populate and return.
 * @return dest
 * @throws IndexOutOfBoundsException if copying would cause access of data outside array bounds.
 * @throws ArrayStoreException       if an element in the {@code src} array could not be stored into the {@code dest} array because of a type
 *                                   mismatch.
 * @throws NullPointerException      if either {@code src} or {@code dest} is {@code null}.
 * @since 3.15.0
 */
public static <T> T arraycopy(final T source, final int sourcePos, final int destPos, final int length, final Supplier<T> allocator) {
    return arraycopy(source, sourcePos, allocator.get(), destPos, length);
}, typeSolver=com.github.javaparser.symbolsolver.resolution.typesolvers.CombinedTypeSolver@7bf9b098}, JavaParserMethodDeclaration{wrappedNode=/**
 * A fluent version of {@link System#arraycopy(Object, int, Object, int, int)} that returns the destination array.
 *
 * @param <T>       the type.
 * @param source    the source array.
 * @param sourcePos starting position in the source array.
 * @param destPos   starting position in the destination data.
 * @param length    the number of array elements to be copied.
 * @param allocator allocates the array to populate and return.
 * @return dest
 * @throws IndexOutOfBoundsException if copying would cause access of data outside array bounds.
 * @throws ArrayStoreException       if an element in the {@code src} array could not be stored into the {@code dest} array because of a type
 *                                   mismatch.
 * @throws NullPointerException      if either {@code src} or {@code dest} is {@code null}.
 * @since 3.15.0
 */
public static <T> T arraycopy(final T source, final int sourcePos, final int destPos, final int length, final Function<Integer, T> allocator) {
    return arraycopy(source, sourcePos, allocator.apply(length), destPos, length);
}, typeSolver=com.github.javaparser.symbolsolver.resolution.typesolvers.CombinedTypeSolver@7bf9b098}
In MethodCallExpr: Ambiguous method call: cannot find a most applicable method: JavaParserMethodDeclaration{wrappedNode=/**
 * A fluent version of {@link System#arraycopy(Object, int, Object, int, int)} that returns the destination array.
 *
 * @param <T>       the type.
 * @param source    the source array.
 * @param sourcePos starting position in the source array.
 * @param destPos   starting position in the destination data.
 * @param length    the number of array elements to be copied.
 * @param allocator allocates the array to populate and return.
 * @return dest
 * @throws IndexOutOfBoundsException if copying would cause access of data outside array bounds.
 * @throws ArrayStoreException       if an element in the {@code src} array could not be stored into the {@code dest} array because of a type
 *                                   mismatch.
 * @throws NullPointerException      if either {@code src} or {@code dest} is {@code null}.
 * @since 3.15.0
 */
public static <T> T arraycopy(final T source, final int sourcePos, final int destPos, final int length, final Supplier<T> allocator) {
    return arraycopy(source, sourcePos, allocator.get(), destPos, length);
}, typeSolver=com.github.javaparser.symbolsolver.resolution.typesolvers.CombinedTypeSolver@7bf9b098}, JavaParserMethodDeclaration{wrappedNode=/**
 * A fluent version of {@link System#arraycopy(Object, int, Object, int, int)} that returns the destination array.
 *
 * @param <T>       the type.
 * @param source    the source array.
 * @param sourcePos starting position in the source array.
 * @param destPos   starting position in the destination data.
 * @param length    the number of array elements to be copied.
 * @param allocator allocates the array to populate and return.
 * @return dest
 * @throws IndexOutOfBoundsException if copying would cause access of data outside array bounds.
 * @throws ArrayStoreException       if an element in the {@code src} array could not be stored into the {@code dest} array because of a type
 *                                   mismatch.
 * @throws NullPointerException      if either {@code src} or {@code dest} is {@code null}.
 * @since 3.15.0
 */
public static <T> T arraycopy(final T source, final int sourcePos, final int destPos, final int length, final Function<Integer, T> allocator) {
    return arraycopy(source, sourcePos, allocator.apply(length), destPos, length);
}, typeSolver=com.github.javaparser.symbolsolver.resolution.typesolvers.CombinedTypeSolver@7bf9b098}
In MethodCallExpr: Ambiguous method call: cannot find a most applicable method: JavaParserMethodDeclaration{wrappedNode=/**
 * A fluent version of {@link System#arraycopy(Object, int, Object, int, int)} that returns the destination array.
 *
 * @param <T>       the type.
 * @param source    the source array.
 * @param sourcePos starting position in the source array.
 * @param destPos   starting position in the destination data.
 * @param length    the number of array elements to be copied.
 * @param allocator allocates the array to populate and return.
 * @return dest
 * @throws IndexOutOfBoundsException if copying would cause access of data outside array bounds.
 * @throws ArrayStoreException       if an element in the {@code src} array could not be stored into the {@code dest} array because of a type
 *                                   mismatch.
 * @throws NullPointerException      if either {@code src} or {@code dest} is {@code null}.
 * @since 3.15.0
 */
public static <T> T arraycopy(final T source, final int sourcePos, final int destPos, final int length, final Supplier<T> allocator) {
    return arraycopy(source, sourcePos, allocator.get(), destPos, length);
}, typeSolver=com.github.javaparser.symbolsolver.resolution.typesolvers.CombinedTypeSolver@7bf9b098}, JavaParserMethodDeclaration{wrappedNode=/**
 * A fluent version of {@link System#arraycopy(Object, int, Object, int, int)} that returns the destination array.
 *
 * @param <T>       the type.
 * @param source    the source array.
 * @param sourcePos starting position in the source array.
 * @param destPos   starting position in the destination data.
 * @param length    the number of array elements to be copied.
 * @param allocator allocates the array to populate and return.
 * @return dest
 * @throws IndexOutOfBoundsException if copying would cause access of data outside array bounds.
 * @throws ArrayStoreException       if an element in the {@code src} array could not be stored into the {@code dest} array because of a type
 *                                   mismatch.
 * @throws NullPointerException      if either {@code src} or {@code dest} is {@code null}.
 * @since 3.15.0
 */
public static <T> T arraycopy(final T source, final int sourcePos, final int destPos, final int length, final Function<Integer, T> allocator) {
    return arraycopy(source, sourcePos, allocator.apply(length), destPos, length);
}, typeSolver=com.github.javaparser.symbolsolver.resolution.typesolvers.CombinedTypeSolver@7bf9b098}
In MethodCallExpr: Ambiguous method call: cannot find a most applicable method: JavaParserMethodDeclaration{wrappedNode=/**
 * A fluent version of {@link System#arraycopy(Object, int, Object, int, int)} that returns the destination array.
 *
 * @param <T>       the type.
 * @param source    the source array.
 * @param sourcePos starting position in the source array.
 * @param destPos   starting position in the destination data.
 * @param length    the number of array elements to be copied.
 * @param allocator allocates the array to populate and return.
 * @return dest
 * @throws IndexOutOfBoundsException if copying would cause access of data outside array bounds.
 * @throws ArrayStoreException       if an element in the {@code src} array could not be stored into the {@code dest} array because of a type
 *                                   mismatch.
 * @throws NullPointerException      if either {@code src} or {@code dest} is {@code null}.
 * @since 3.15.0
 */
public static <T> T arraycopy(final T source, final int sourcePos, final int destPos, final int length, final Supplier<T> allocator) {
    return arraycopy(source, sourcePos, allocator.get(), destPos, length);
}, typeSolver=com.github.javaparser.symbolsolver.resolution.typesolvers.CombinedTypeSolver@7bf9b098}, JavaParserMethodDeclaration{wrappedNode=/**
 * A fluent version of {@link System#arraycopy(Object, int, Object, int, int)} that returns the destination array.
 *
 * @param <T>       the type.
 * @param source    the source array.
 * @param sourcePos starting position in the source array.
 * @param destPos   starting position in the destination data.
 * @param length    the number of array elements to be copied.
 * @param allocator allocates the array to populate and return.
 * @return dest
 * @throws IndexOutOfBoundsException if copying would cause access of data outside array bounds.
 * @throws ArrayStoreException       if an element in the {@code src} array could not be stored into the {@code dest} array because of a type
 *                                   mismatch.
 * @throws NullPointerException      if either {@code src} or {@code dest} is {@code null}.
 * @since 3.15.0
 */
public static <T> T arraycopy(final T source, final int sourcePos, final int destPos, final int length, final Function<Integer, T> allocator) {
    return arraycopy(source, sourcePos, allocator.apply(length), destPos, length);
}, typeSolver=com.github.javaparser.symbolsolver.resolution.typesolvers.CombinedTypeSolver@7bf9b098}
In MethodCallExpr: Ambiguous method call: cannot find a most applicable method: JavaParserMethodDeclaration{wrappedNode=/**
 * Tests whether an array of primitive floats is empty or {@code null}.
 *
 * @param array  the array to test
 * @return {@code true} if the array is empty or {@code null}
 * @since 2.1
 */
public static boolean isEmpty(final float[] array) {
    return isArrayEmpty(array);
}, typeSolver=com.github.javaparser.symbolsolver.resolution.typesolvers.CombinedTypeSolver@7bf9b098}, JavaParserMethodDeclaration{wrappedNode=/**
 * Tests whether an array of primitive shorts is empty or {@code null}.
 *
 * @param array  the array to test
 * @return {@code true} if the array is empty or {@code null}
 * @since 2.1
 */
public static boolean isEmpty(final short[] array) {
    return isArrayEmpty(array);
}, typeSolver=com.github.javaparser.symbolsolver.resolution.typesolvers.CombinedTypeSolver@7bf9b098}
In MethodCallExpr: Ambiguous method call: cannot find a most applicable method: JavaParserMethodDeclaration{wrappedNode=/**
 * Swaps a series of elements in the given array.
 *
 * <p>This method does nothing for a {@code null} or empty input array or
 * for overflow indices. Negative indices are promoted to 0(zero). If any
 * of the sub-arrays to swap falls outside of the given array, then the
 * swap is stopped at the end of the array and as many as possible elements
 * are swapped.</p>
 *
 * Examples:
 * <ul>
 *     <li>ArrayUtils.swap(["1", "2", "3", "4"], 0, 2, 1) -&gt; ["3", "2", "1", "4"]</li>
 *     <li>ArrayUtils.swap(["1", "2", "3", "4"], 0, 0, 1) -&gt; ["1", "2", "3", "4"]</li>
 *     <li>ArrayUtils.swap(["1", "2", "3", "4"], 2, 0, 2) -&gt; ["3", "4", "1", "2"]</li>
 *     <li>ArrayUtils.swap(["1", "2", "3", "4"], -3, 2, 2) -&gt; ["3", "4", "1", "2"]</li>
 *     <li>ArrayUtils.swap(["1", "2", "3", "4"], 0, 3, 3) -&gt; ["4", "2", "3", "1"]</li>
 * </ul>
 *
 * @param array the array to swap, may be {@code null}
 * @param offset1 the index of the first element in the series to swap
 * @param offset2 the index of the second element in the series to swap
 * @param len the number of elements to swap starting with the given indices
 * @since 3.5
 */
public static void swap(final Object[] array, int offset1, int offset2, int len) {
    if (isEmpty(array) || offset1 >= array.length || offset2 >= array.length) {
        return;
    }
    offset1 = max0(offset1);
    offset2 = max0(offset2);
    len = Math.min(Math.min(len, array.length - offset1), array.length - offset2);
    for (int i = 0; i < len; i++, offset1++, offset2++) {
        final Object aux = array[offset1];
        array[offset1] = array[offset2];
        array[offset2] = aux;
    }
}, typeSolver=com.github.javaparser.symbolsolver.resolution.typesolvers.CombinedTypeSolver@7bf9b098}, JavaParserMethodDeclaration{wrappedNode=/**
 * Swaps a series of elements in the given long array.
 *
 * <p>This method does nothing for a {@code null} or empty input array or
 * for overflow indices. Negative indices are promoted to 0(zero). If any
 * of the sub-arrays to swap falls outside of the given array, then the
 * swap is stopped at the end of the array and as many as possible elements
 * are swapped.</p>
 *
 * Examples:
 * <ul>
 *     <li>ArrayUtils.swap([1, 2, 3, 4], 0, 2, 1) -&gt; [3, 2, 1, 4]</li>
 *     <li>ArrayUtils.swap([1, 2, 3, 4], 0, 0, 1) -&gt; [1, 2, 3, 4]</li>
 *     <li>ArrayUtils.swap([1, 2, 3, 4], 2, 0, 2) -&gt; [3, 4, 1, 2]</li>
 *     <li>ArrayUtils.swap([1, 2, 3, 4], -3, 2, 2) -&gt; [3, 4, 1, 2]</li>
 *     <li>ArrayUtils.swap([1, 2, 3, 4], 0, 3, 3) -&gt; [4, 2, 3, 1]</li>
 * </ul>
 *
 * @param array the array to swap, may be {@code null}
 * @param offset1 the index of the first element in the series to swap
 * @param offset2 the index of the second element in the series to swap
 * @param len the number of elements to swap starting with the given indices
 * @since 3.5
 */
public static void swap(final long[] array, int offset1, int offset2, int len) {
    if (isEmpty(array) || offset1 >= array.length || offset2 >= array.length) {
        return;
    }
    offset1 = max0(offset1);
    offset2 = max0(offset2);
    len = Math.min(Math.min(len, array.length - offset1), array.length - offset2);
    for (int i = 0; i < len; i++, offset1++, offset2++) {
        final long aux = array[offset1];
        array[offset1] = array[offset2];
        array[offset2] = aux;
    }
}, typeSolver=com.github.javaparser.symbolsolver.resolution.typesolvers.CombinedTypeSolver@7bf9b098}
In MethodCallExpr: Ambiguous method call: cannot find a most applicable method: JavaParserMethodDeclaration{wrappedNode=/**
 * Tests whether an array of Objects is empty or {@code null}.
 *
 * @param array  the array to test
 * @return {@code true} if the array is empty or {@code null}
 * @since 2.1
 */
public static boolean isEmpty(final Object[] array) {
    return isArrayEmpty(array);
}, typeSolver=com.github.javaparser.symbolsolver.resolution.typesolvers.CombinedTypeSolver@7bf9b098}, JavaParserMethodDeclaration{wrappedNode=/**
 * Tests whether an array of primitive doubles is empty or {@code null}.
 *
 * @param array  the array to test
 * @return {@code true} if the array is empty or {@code null}
 * @since 2.1
 */
public static boolean isEmpty(final double[] array) {
    return isArrayEmpty(array);
}, typeSolver=com.github.javaparser.symbolsolver.resolution.typesolvers.CombinedTypeSolver@7bf9b098}
In MethodCallExpr: Ambiguous method call: cannot find a most applicable method: JavaParserMethodDeclaration{wrappedNode=/**
 * Tests whether an array of primitive doubles is empty or {@code null}.
 *
 * @param array  the array to test
 * @return {@code true} if the array is empty or {@code null}
 * @since 2.1
 */
public static boolean isEmpty(final double[] array) {
    return isArrayEmpty(array);
}, typeSolver=com.github.javaparser.symbolsolver.resolution.typesolvers.CombinedTypeSolver@7bf9b098}, JavaParserMethodDeclaration{wrappedNode=/**
 * Tests whether an array of primitive longs is empty or {@code null}.
 *
 * @param array  the array to test
 * @return {@code true} if the array is empty or {@code null}
 * @since 2.1
 */
public static boolean isEmpty(final long[] array) {
    return isArrayEmpty(array);
}, typeSolver=com.github.javaparser.symbolsolver.resolution.typesolvers.CombinedTypeSolver@7bf9b098}
In MethodCallExpr: Ambiguous method call: cannot find a most applicable method: JavaParserMethodDeclaration{wrappedNode=/**
 * Swaps a series of elements in the given array.
 *
 * <p>This method does nothing for a {@code null} or empty input array or
 * for overflow indices. Negative indices are promoted to 0(zero). If any
 * of the sub-arrays to swap falls outside of the given array, then the
 * swap is stopped at the end of the array and as many as possible elements
 * are swapped.</p>
 *
 * Examples:
 * <ul>
 *     <li>ArrayUtils.swap(["1", "2", "3", "4"], 0, 2, 1) -&gt; ["3", "2", "1", "4"]</li>
 *     <li>ArrayUtils.swap(["1", "2", "3", "4"], 0, 0, 1) -&gt; ["1", "2", "3", "4"]</li>
 *     <li>ArrayUtils.swap(["1", "2", "3", "4"], 2, 0, 2) -&gt; ["3", "4", "1", "2"]</li>
 *     <li>ArrayUtils.swap(["1", "2", "3", "4"], -3, 2, 2) -&gt; ["3", "4", "1", "2"]</li>
 *     <li>ArrayUtils.swap(["1", "2", "3", "4"], 0, 3, 3) -&gt; ["4", "2", "3", "1"]</li>
 * </ul>
 *
 * @param array the array to swap, may be {@code null}
 * @param offset1 the index of the first element in the series to swap
 * @param offset2 the index of the second element in the series to swap
 * @param len the number of elements to swap starting with the given indices
 * @since 3.5
 */
public static void swap(final Object[] array, int offset1, int offset2, int len) {
    if (isEmpty(array) || offset1 >= array.length || offset2 >= array.length) {
        return;
    }
    offset1 = max0(offset1);
    offset2 = max0(offset2);
    len = Math.min(Math.min(len, array.length - offset1), array.length - offset2);
    for (int i = 0; i < len; i++, offset1++, offset2++) {
        final Object aux = array[offset1];
        array[offset1] = array[offset2];
        array[offset2] = aux;
    }
}, typeSolver=com.github.javaparser.symbolsolver.resolution.typesolvers.CombinedTypeSolver@7bf9b098}, JavaParserMethodDeclaration{wrappedNode=/**
 * Swaps a series of elements in the given double array.
 *
 * <p>This method does nothing for a {@code null} or empty input array or
 * for overflow indices. Negative indices are promoted to 0(zero). If any
 * of the sub-arrays to swap falls outside of the given array, then the
 * swap is stopped at the end of the array and as many as possible elements
 * are swapped.</p>
 *
 * Examples:
 * <ul>
 *     <li>ArrayUtils.swap([1, 2, 3, 4], 0, 2, 1) -&gt; [3, 2, 1, 4]</li>
 *     <li>ArrayUtils.swap([1, 2, 3, 4], 0, 0, 1) -&gt; [1, 2, 3, 4]</li>
 *     <li>ArrayUtils.swap([1, 2, 3, 4], 2, 0, 2) -&gt; [3, 4, 1, 2]</li>
 *     <li>ArrayUtils.swap([1, 2, 3, 4], -3, 2, 2) -&gt; [3, 4, 1, 2]</li>
 *     <li>ArrayUtils.swap([1, 2, 3, 4], 0, 3, 3) -&gt; [4, 2, 3, 1]</li>
 * </ul>
 *
 * @param array the array to swap, may be {@code null}.
 * @param offset1 the index of the first element in the series to swap
 * @param offset2 the index of the second element in the series to swap
 * @param len the number of elements to swap starting with the given indices
 * @since 3.5
 */
public static void swap(final double[] array, int offset1, int offset2, int len) {
    if (isEmpty(array) || offset1 >= array.length || offset2 >= array.length) {
        return;
    }
    offset1 = max0(offset1);
    offset2 = max0(offset2);
    len = Math.min(Math.min(len, array.length - offset1), array.length - offset2);
    for (int i = 0; i < len; i++, offset1++, offset2++) {
        final double aux = array[offset1];
        array[offset1] = array[offset2];
        array[offset2] = aux;
    }
}, typeSolver=com.github.javaparser.symbolsolver.resolution.typesolvers.CombinedTypeSolver@7bf9b098}
In MethodCallExpr: Ambiguous method call: cannot find a most applicable method: JavaParserMethodDeclaration{wrappedNode=/**
 * Tests whether an array of primitive doubles is empty or {@code null}.
 *
 * @param array  the array to test
 * @return {@code true} if the array is empty or {@code null}
 * @since 2.1
 */
public static boolean isEmpty(final double[] array) {
    return isArrayEmpty(array);
}, typeSolver=com.github.javaparser.symbolsolver.resolution.typesolvers.CombinedTypeSolver@7bf9b098}, JavaParserMethodDeclaration{wrappedNode=/**
 * Tests whether an array of primitive floats is empty or {@code null}.
 *
 * @param array  the array to test
 * @return {@code true} if the array is empty or {@code null}
 * @since 2.1
 */
public static boolean isEmpty(final float[] array) {
    return isArrayEmpty(array);
}, typeSolver=com.github.javaparser.symbolsolver.resolution.typesolvers.CombinedTypeSolver@7bf9b098}
In MethodCallExpr: Ambiguous method call: cannot find a most applicable method: JavaParserMethodDeclaration{wrappedNode=/**
 * Swaps a series of elements in the given array.
 *
 * <p>This method does nothing for a {@code null} or empty input array or
 * for overflow indices. Negative indices are promoted to 0(zero). If any
 * of the sub-arrays to swap falls outside of the given array, then the
 * swap is stopped at the end of the array and as many as possible elements
 * are swapped.</p>
 *
 * Examples:
 * <ul>
 *     <li>ArrayUtils.swap(["1", "2", "3", "4"], 0, 2, 1) -&gt; ["3", "2", "1", "4"]</li>
 *     <li>ArrayUtils.swap(["1", "2", "3", "4"], 0, 0, 1) -&gt; ["1", "2", "3", "4"]</li>
 *     <li>ArrayUtils.swap(["1", "2", "3", "4"], 2, 0, 2) -&gt; ["3", "4", "1", "2"]</li>
 *     <li>ArrayUtils.swap(["1", "2", "3", "4"], -3, 2, 2) -&gt; ["3", "4", "1", "2"]</li>
 *     <li>ArrayUtils.swap(["1", "2", "3", "4"], 0, 3, 3) -&gt; ["4", "2", "3", "1"]</li>
 * </ul>
 *
 * @param array the array to swap, may be {@code null}
 * @param offset1 the index of the first element in the series to swap
 * @param offset2 the index of the second element in the series to swap
 * @param len the number of elements to swap starting with the given indices
 * @since 3.5
 */
public static void swap(final Object[] array, int offset1, int offset2, int len) {
    if (isEmpty(array) || offset1 >= array.length || offset2 >= array.length) {
        return;
    }
    offset1 = max0(offset1);
    offset2 = max0(offset2);
    len = Math.min(Math.min(len, array.length - offset1), array.length - offset2);
    for (int i = 0; i < len; i++, offset1++, offset2++) {
        final Object aux = array[offset1];
        array[offset1] = array[offset2];
        array[offset2] = aux;
    }
}, typeSolver=com.github.javaparser.symbolsolver.resolution.typesolvers.CombinedTypeSolver@7bf9b098}, JavaParserMethodDeclaration{wrappedNode=/**
 * Swaps a series of elements in the given int array.
 *
 * <p>This method does nothing for a {@code null} or empty input array or
 * for overflow indices. Negative indices are promoted to 0(zero). If any
 * of the sub-arrays to swap falls outside of the given array, then the
 * swap is stopped at the end of the array and as many as possible elements
 * are swapped.</p>
 *
 * Examples:
 * <ul>
 *     <li>ArrayUtils.swap([1, 2, 3, 4], 0, 2, 1) -&gt; [3, 2, 1, 4]</li>
 *     <li>ArrayUtils.swap([1, 2, 3, 4], 0, 0, 1) -&gt; [1, 2, 3, 4]</li>
 *     <li>ArrayUtils.swap([1, 2, 3, 4], 2, 0, 2) -&gt; [3, 4, 1, 2]</li>
 *     <li>ArrayUtils.swap([1, 2, 3, 4], -3, 2, 2) -&gt; [3, 4, 1, 2]</li>
 *     <li>ArrayUtils.swap([1, 2, 3, 4], 0, 3, 3) -&gt; [4, 2, 3, 1]</li>
 * </ul>
 *
 * @param array the array to swap, may be {@code null}
 * @param offset1 the index of the first element in the series to swap
 * @param offset2 the index of the second element in the series to swap
 * @param len the number of elements to swap starting with the given indices
 * @since 3.5
 */
public static void swap(final int[] array, int offset1, int offset2, int len) {
    if (isEmpty(array) || offset1 >= array.length || offset2 >= array.length) {
        return;
    }
    offset1 = max0(offset1);
    offset2 = max0(offset2);
    len = Math.min(Math.min(len, array.length - offset1), array.length - offset2);
    for (int i = 0; i < len; i++, offset1++, offset2++) {
        final int aux = array[offset1];
        array[offset1] = array[offset2];
        array[offset2] = aux;
    }
}, typeSolver=com.github.javaparser.symbolsolver.resolution.typesolvers.CombinedTypeSolver@7bf9b098}
In MethodCallExpr: Ambiguous method call: cannot find a most applicable method: JavaParserMethodDeclaration{wrappedNode=/**
 * Tests whether an array of Objects is empty or {@code null}.
 *
 * @param array  the array to test
 * @return {@code true} if the array is empty or {@code null}
 * @since 2.1
 */
public static boolean isEmpty(final Object[] array) {
    return isArrayEmpty(array);
}, typeSolver=com.github.javaparser.symbolsolver.resolution.typesolvers.CombinedTypeSolver@7bf9b098}, JavaParserMethodDeclaration{wrappedNode=/**
 * Tests whether an array of primitive floats is empty or {@code null}.
 *
 * @param array  the array to test
 * @return {@code true} if the array is empty or {@code null}
 * @since 2.1
 */
public static boolean isEmpty(final float[] array) {
    return isArrayEmpty(array);
}, typeSolver=com.github.javaparser.symbolsolver.resolution.typesolvers.CombinedTypeSolver@7bf9b098}
Unknown identifier (not related to type solving) 'java.net.URL'
Unknown identifier (not related to type solving) 'java.net.URLClassLoader'
Unknown identifier (not related to type solving) 'java.lang.Package'
Unknown identifier (not related to type solving) 'java.util.UUID'
Unknown identifier (not related to type solving) 'java.lang.Enum'
In MethodCallExpr: Ambiguous method call: cannot find a most applicable method: JavaParserMethodDeclaration{wrappedNode=/**
 * Reverses the order of the given array.
 * <p>
 * This method does nothing for a {@code null} input array.
 * </p>
 *
 * @param array  the array to reverse, may be {@code null}.
 */
public static void reverse(final float[] array) {
    if (array != null) {
        reverse(array, 0, array.length);
    }
}, typeSolver=com.github.javaparser.symbolsolver.resolution.typesolvers.CombinedTypeSolver@7bf9b098}, JavaParserMethodDeclaration{wrappedNode=/**
 * Reverses the order of the given array.
 * <p>
 * This method does nothing for a {@code null} input array.
 * </p>
 *
 * @param array  the array to reverse, may be {@code null}
 */
public static void reverse(final double[] array) {
    if (array != null) {
        reverse(array, 0, array.length);
    }
}, typeSolver=com.github.javaparser.symbolsolver.resolution.typesolvers.CombinedTypeSolver@7bf9b098}
In MethodCallExpr: com.github.javaparser.resolution.types.ResolvedLambdaConstraintType
In MethodCallExpr: Ambiguous method call: cannot find a most applicable method: JavaParserMethodDeclaration{wrappedNode=/**
 * Reverses the order of the given array.
 * <p>
 * This method does nothing for a {@code null} input array.
 * </p>
 *
 * @param array  the array to reverse, may be {@code null}.
 */
public static void reverse(final float[] array) {
    if (array != null) {
        reverse(array, 0, array.length);
    }
}, typeSolver=com.github.javaparser.symbolsolver.resolution.typesolvers.CombinedTypeSolver@7bf9b098}, JavaParserMethodDeclaration{wrappedNode=/**
 * Reverses the order of the given array.
 * <p>
 * There is no special handling for multi-dimensional arrays.
 * </p>
 * <p>
 * This method does nothing for a {@code null} input array.
 * </p>
 *
 * @param array  the array to reverse, may be {@code null}.
 */
public static void reverse(final Object[] array) {
    if (array != null) {
        reverse(array, 0, array.length);
    }
}, typeSolver=com.github.javaparser.symbolsolver.resolution.typesolvers.CombinedTypeSolver@7bf9b098}
Unknown identifier (not related to type solving) 'java.util.function.ToIntFunction'
Unknown identifier (not related to type solving) 'java.util.EnumSet'
In MethodCallExpr: Ambiguous method call: cannot find a most applicable method: JavaParserMethodDeclaration{wrappedNode=/**
 * Clones an array or returns {@code null}.
 * <p>
 * This method returns {@code null} for a {@code null} input array.
 * </p>
 *
 * @param array the array to clone, may be {@code null}
 * @return the cloned array, {@code null} if {@code null} input
 */
public static float[] clone(final float[] array) {
    return array != null ? array.clone() : null;
}, typeSolver=com.github.javaparser.symbolsolver.resolution.typesolvers.CombinedTypeSolver@7bf9b098}, JavaParserMethodDeclaration{wrappedNode=/**
 * Clones an array or returns {@code null}.
 * <p>
 * This method returns {@code null} for a {@code null} input array.
 * </p>
 *
 * @param array the array to clone, may be {@code null}
 * @return the cloned array, {@code null} if {@code null} input
 */
public static double[] clone(final double[] array) {
    return array != null ? array.clone() : null;
}, typeSolver=com.github.javaparser.symbolsolver.resolution.typesolvers.CombinedTypeSolver@7bf9b098}
In MethodCallExpr: Ambiguous method call: cannot find a most applicable method: JavaParserMethodDeclaration{wrappedNode=/**
 * Reverses the order of the given array.
 * <p>
 * There is no special handling for multi-dimensional arrays.
 * </p>
 * <p>
 * This method does nothing for a {@code null} input array.
 * </p>
 *
 * @param array  the array to reverse, may be {@code null}.
 */
public static void reverse(final Object[] array) {
    if (array != null) {
        reverse(array, 0, array.length);
    }
}, typeSolver=com.github.javaparser.symbolsolver.resolution.typesolvers.CombinedTypeSolver@7bf9b098}, JavaParserMethodDeclaration{wrappedNode=/**
 * Reverses the order of the given array.
 * <p>
 * This method does nothing for a {@code null} input array.
 * </p>
 *
 * @param array  the array to reverse, may be {@code null}.
 */
public static void reverse(final float[] array) {
    if (array != null) {
        reverse(array, 0, array.length);
    }
}, typeSolver=com.github.javaparser.symbolsolver.resolution.typesolvers.CombinedTypeSolver@7bf9b098}
In MethodCallExpr: Unsolved symbol : We are unable to find the method declaration corresponding to constant.ordinal()
In MethodCallExpr: Unsolved symbol : We are unable to find the method declaration corresponding to constant.ordinal()
Unknown identifier (not related to type solving) 'java.util.function.BiPredicate'
Unknown identifier (not related to type solving) 'java.util.concurrent.Callable'
Unknown identifier (not related to type solving) 'java.lang.Runnable'
Unknown identifier (not related to type solving) 'java.lang.RuntimeException'
In MethodCallExpr: The type of a method reference expr depends on the position and its return value
Unknown identifier (not related to type solving) 'java.util.concurrent.ConcurrentMap'
Unknown identifier (not related to type solving) 'java.util.Locale'
Unknown identifier (not related to type solving) 'java.util.stream.LongStream'
In MethodCallExpr: Unsolved symbol in Streams.of(suppliers).filter(Objects::nonNull).map(Supplier::get).filter(Objects::nonNull).findFirst().orElse(null) : Streams.of(suppliers).filter(Objects::nonNull).map(Supplier::get).filter(Objects::nonNull).findFirst()
In MethodCallExpr: Unsolved symbol in Streams.of(suppliers).filter(Objects::nonNull).map(Supplier::get).filter(Objects::nonNull).findFirst() : Streams.of(suppliers).filter(Objects::nonNull).map(Supplier::get).filter(Objects::nonNull)
In MethodCallExpr: Unsolved symbol in Streams.of(suppliers).filter(Objects::nonNull).map(Supplier::get).filter(Objects::nonNull) : Streams.of(suppliers).filter(Objects::nonNull).map(Supplier::get)
Unknown identifier (not related to type solving) 'java.lang.StringBuffer'
Unknown identifier (not related to type solving) 'java.time.Duration'
Unknown identifier (not related to type solving) 'java.security.SecureRandom'
Unknown identifier (not related to type solving) 'java.util.regex.Matcher'
Unknown identifier (not related to type solving) 'java.io.OutputStream'
Unknown identifier (not related to type solving) 'java.io.ObjectStreamClass'
Unknown identifier (not related to type solving) 'java.io.ObjectInput'
Unknown identifier (not related to type solving) 'java.io.DataInput'
Unknown identifier (not related to type solving) 'java.io.ObjectStreamConstants'
Unknown identifier (not related to type solving) 'java.util.function.BinaryOperator'
In MethodCallExpr: Unsolved symbol : We are unable to find the method declaration corresponding to left.addAll(right)
In MethodCallExpr: Ambiguous method call: cannot find a most applicable method: JavaParserMethodDeclaration{wrappedNode=/**
 * Tests whether an array of primitive doubles is empty or {@code null}.
 *
 * @param array  the array to test
 * @return {@code true} if the array is empty or {@code null}
 * @since 2.1
 */
public static boolean isEmpty(final double[] array) {
    return isArrayEmpty(array);
}, typeSolver=com.github.javaparser.symbolsolver.resolution.typesolvers.CombinedTypeSolver@7bf9b098}, JavaParserMethodDeclaration{wrappedNode=/**
 * Tests whether an array of Objects is empty or {@code null}.
 *
 * @param array  the array to test
 * @return {@code true} if the array is empty or {@code null}
 * @since 2.1
 */
public static boolean isEmpty(final Object[] array) {
    return isArrayEmpty(array);
}, typeSolver=com.github.javaparser.symbolsolver.resolution.typesolvers.CombinedTypeSolver@7bf9b098}
In MethodCallExpr: Ambiguous method call: cannot find a most applicable method: JavaParserMethodDeclaration{wrappedNode=/**
 * Joins the elements of the provided array into a single String containing the provided list of elements.
 *
 * <p>
 * No delimiter is added before or after the list. Null objects or empty strings within the array are represented
 * by empty strings.
 * </p>
 *
 * <pre>
 * StringUtils.join(null, *)               = null
 * StringUtils.join([], *)                 = ""
 * StringUtils.join([null], *)             = ""
 * StringUtils.join([1, 2, 3], ';')  = "1;2;3"
 * StringUtils.join([1, 2, 3], null) = "123"
 * </pre>
 *
 * @param array
 *            the array of values to join together, may be null.
 * @param delimiter
 *            the separator character to use.
 * @param startIndex
 *            the first index to start joining from. It is an error to pass in a start index past the end of the
 *            array.
 * @param endIndex
 *            the index to stop joining from (exclusive). It is an error to pass in an end index past the end of
 *            the array.
 * @return the joined String, {@code null} if null array input.
 * @since 3.2
 */
public static String join(final long[] array, final char delimiter, final int startIndex, final int endIndex) {
    if (array == null) {
        return null;
    }
    if (endIndex - startIndex <= 0) {
        return EMPTY;
    }
    final StringBuilder stringBuilder = new StringBuilder();
    for (int i = startIndex; i < endIndex; i++) {
        stringBuilder.append(array[i]).append(delimiter);
    }
    return stringBuilder.substring(0, stringBuilder.length() - 1);
}, typeSolver=com.github.javaparser.symbolsolver.resolution.typesolvers.CombinedTypeSolver@7bf9b098}, JavaParserMethodDeclaration{wrappedNode=/**
 * Joins the elements of the provided array into a single String containing the provided list of elements.
 *
 * <p>
 * No delimiter is added before or after the list. Null objects or empty strings within the array are represented by empty strings.
 * </p>
 *
 * <pre>
 * StringUtils.join(null, *)               = null
 * StringUtils.join([], *)                 = ""
 * StringUtils.join([null], *)             = ""
 * StringUtils.join(["a", "b", "c"], ';')  = "a;b;c"
 * StringUtils.join(["a", "b", "c"], null) = "abc"
 * StringUtils.join([null, "", "a"], ';')  = ";;a"
 * </pre>
 *
 * @param array      the array of values to join together, may be null.
 * @param delimiter  the separator character to use.
 * @param startIndex the first index to start joining from. It is an error to pass in a start index past the end of the array.
 * @param endIndex   the index to stop joining from (exclusive). It is an error to pass in an end index past the end of the array.
 * @return the joined String, {@code null} if null array input.
 * @since 2.0
 */
public static String join(final Object[] array, final char delimiter, final int startIndex, final int endIndex) {
    return join(array, String.valueOf(delimiter), startIndex, endIndex);
}, typeSolver=com.github.javaparser.symbolsolver.resolution.typesolvers.CombinedTypeSolver@7bf9b098}
In MethodCallExpr: Ambiguous method call: cannot find a most applicable method: JavaParserMethodDeclaration{wrappedNode=/**
 * Joins the elements of the provided array into a single String containing the provided list of elements.
 *
 * <p>
 * No delimiter is added before or after the list. Null objects or empty strings within the array are represented
 * by empty strings.
 * </p>
 *
 * <pre>
 * StringUtils.join(null, *)          = null
 * StringUtils.join([], *)            = ""
 * StringUtils.join([null], *)        = ""
 * StringUtils.join([1, 2, 3], ';')   = "1;2;3"
 * StringUtils.join([1, 2, 3], null)  = "123"
 * </pre>
 *
 * @param array
 *            the array of values to join together, may be null.
 * @param delimiter
 *            the separator character to use.
 * @param startIndex
 *            the first index to start joining from. It is an error to pass in a start index past the end of the
 *            array.
 * @param endIndex
 *            the index to stop joining from (exclusive). It is an error to pass in an end index past the end of
 *            the array.
 * @return the joined String, {@code null} if null array input.
 * @since 3.2
 */
public static String join(final int[] array, final char delimiter, final int startIndex, final int endIndex) {
    if (array == null) {
        return null;
    }
    if (endIndex - startIndex <= 0) {
        return EMPTY;
    }
    final StringBuilder stringBuilder = new StringBuilder();
    for (int i = startIndex; i < endIndex; i++) {
        stringBuilder.append(array[i]).append(delimiter);
    }
    return stringBuilder.substring(0, stringBuilder.length() - 1);
}, typeSolver=com.github.javaparser.symbolsolver.resolution.typesolvers.CombinedTypeSolver@7bf9b098}, JavaParserMethodDeclaration{wrappedNode=/**
 * Joins the elements of the provided array into a single String containing the provided list of elements.
 *
 * <p>
 * No delimiter is added before or after the list. Null objects or empty strings within the array are represented
 * by empty strings.
 * </p>
 *
 * <pre>
 * StringUtils.join(null, *)          = null
 * StringUtils.join([], *)            = ""
 * StringUtils.join([null], *)        = ""
 * StringUtils.join([1, 2, 3], ';')   = "1;2;3"
 * StringUtils.join([1, 2, 3], null)  = "123"
 * </pre>
 *
 * @param array
 *            the array of values to join together, may be null.
 * @param delimiter
 *            the separator character to use.
 * @param startIndex
 *            the first index to start joining from. It is an error to pass in a start index past the end of the
 *            array.
 * @param endIndex
 *            the index to stop joining from (exclusive). It is an error to pass in an end index past the end of
 *            the array.
 * @return the joined String, {@code null} if null array input.
 * @since 3.2
 */
public static String join(final double[] array, final char delimiter, final int startIndex, final int endIndex) {
    if (array == null) {
        return null;
    }
    if (endIndex - startIndex <= 0) {
        return EMPTY;
    }
    final StringBuilder stringBuilder = new StringBuilder();
    for (int i = startIndex; i < endIndex; i++) {
        stringBuilder.append(array[i]).append(delimiter);
    }
    return stringBuilder.substring(0, stringBuilder.length() - 1);
}, typeSolver=com.github.javaparser.symbolsolver.resolution.typesolvers.CombinedTypeSolver@7bf9b098}
In MethodCallExpr: Ambiguous method call: cannot find a most applicable method: JavaParserMethodDeclaration{wrappedNode=/**
 * Joins the elements of the provided array into a single String containing the provided list of elements.
 *
 * <p>
 * No delimiter is added before or after the list. Null objects or empty strings within the array are represented
 * by empty strings.
 * </p>
 *
 * <pre>
 * StringUtils.join(null, *)          = null
 * StringUtils.join([], *)            = ""
 * StringUtils.join([null], *)        = ""
 * StringUtils.join([1, 2, 3], ';')   = "1;2;3"
 * StringUtils.join([1, 2, 3], null)  = "123"
 * </pre>
 *
 * @param array
 *            the array of values to join together, may be null.
 * @param delimiter
 *            the separator character to use.
 * @param startIndex
 *            the first index to start joining from. It is an error to pass in a start index past the end of the
 *            array.
 * @param endIndex
 *            the index to stop joining from (exclusive). It is an error to pass in an end index past the end of
 *            the array.
 * @return the joined String, {@code null} if null array input.
 * @since 3.2
 */
public static String join(final float[] array, final char delimiter, final int startIndex, final int endIndex) {
    if (array == null) {
        return null;
    }
    if (endIndex - startIndex <= 0) {
        return EMPTY;
    }
    final StringBuilder stringBuilder = new StringBuilder();
    for (int i = startIndex; i < endIndex; i++) {
        stringBuilder.append(array[i]).append(delimiter);
    }
    return stringBuilder.substring(0, stringBuilder.length() - 1);
}, typeSolver=com.github.javaparser.symbolsolver.resolution.typesolvers.CombinedTypeSolver@7bf9b098}, JavaParserMethodDeclaration{wrappedNode=/**
 * Joins the elements of the provided array into a single String containing the provided list of elements.
 *
 * <p>
 * No delimiter is added before or after the list. Null objects or empty strings within the array are represented
 * by empty strings.
 * </p>
 *
 * <pre>
 * StringUtils.join(null, *)               = null
 * StringUtils.join([], *)                 = ""
 * StringUtils.join([null], *)             = ""
 * StringUtils.join([1, 2, 3], ';')  = "1;2;3"
 * StringUtils.join([1, 2, 3], null) = "123"
 * </pre>
 *
 * @param array
 *            the array of values to join together, may be null.
 * @param delimiter
 *            the separator character to use.
 * @param startIndex
 *            the first index to start joining from. It is an error to pass in a start index past the end of the
 *            array.
 * @param endIndex
 *            the index to stop joining from (exclusive). It is an error to pass in an end index past the end of
 *            the array.
 * @return the joined String, {@code null} if null array input.
 * @since 3.2
 */
public static String join(final long[] array, final char delimiter, final int startIndex, final int endIndex) {
    if (array == null) {
        return null;
    }
    if (endIndex - startIndex <= 0) {
        return EMPTY;
    }
    final StringBuilder stringBuilder = new StringBuilder();
    for (int i = startIndex; i < endIndex; i++) {
        stringBuilder.append(array[i]).append(delimiter);
    }
    return stringBuilder.substring(0, stringBuilder.length() - 1);
}, typeSolver=com.github.javaparser.symbolsolver.resolution.typesolvers.CombinedTypeSolver@7bf9b098}
In MethodCallExpr: No param with index 1. Number of params: 1
In MethodCallExpr: No param with index 1. Number of params: 1
Unknown identifier (not related to type solving) 'java.util.function.BooleanSupplier'
Unknown identifier (not related to type solving) 'java.util.function.IntSupplier'
Unknown identifier (not related to type solving) 'java.util.function.LongSupplier'
Unknown identifier (not related to type solving) 'java.lang.Thread'
Unknown identifier (not related to type solving) 'java.lang.ThreadGroup'
In MethodCallExpr: Ambiguous method call: cannot find a most applicable method: JavaParserMethodDeclaration{wrappedNode=/**
 * Appends to the {@code builder} the deep comparison of
 * two {@code long} arrays.
 *
 * <ol>
 *  <li>Check if arrays are the same using {@code ==}</li>
 *  <li>Check if for {@code null}, {@code null} is less than non-{@code null}</li>
 *  <li>Check array length, a shorter length array is less than a longer length array</li>
 *  <li>Check array contents element by element using {@link #append(long, long)}</li>
 * </ol>
 *
 * @param lhs  left-hand side array
 * @param rhs  right-hand side array
 * @return {@code this} instance.
 */
public CompareToBuilder append(final long[] lhs, final long[] rhs) {
    if (comparison != 0) {
        return this;
    }
    if (lhs == rhs) {
        return this;
    }
    if (lhs == null) {
        comparison = -1;
        return this;
    }
    if (rhs == null) {
        comparison = 1;
        return this;
    }
    if (lhs.length != rhs.length) {
        comparison = lhs.length < rhs.length ? -1 : 1;
        return this;
    }
    for (int i = 0; i < lhs.length && comparison == 0; i++) {
        append(lhs[i], rhs[i]);
    }
    return this;
}, typeSolver=com.github.javaparser.symbolsolver.resolution.typesolvers.CombinedTypeSolver@7bf9b098}, JavaParserMethodDeclaration{wrappedNode=/**
 * Appends to the {@code builder} the deep comparison of
 * two {@code float} arrays.
 *
 * <ol>
 *  <li>Check if arrays are the same using {@code ==}</li>
 *  <li>Check if for {@code null}, {@code null} is less than non-{@code null}</li>
 *  <li>Check array length, a shorter length array is less than a longer length array</li>
 *  <li>Check array contents element by element using {@link #append(float, float)}</li>
 * </ol>
 *
 * @param lhs  left-hand side array
 * @param rhs  right-hand side array
 * @return {@code this} instance.
 */
public CompareToBuilder append(final float[] lhs, final float[] rhs) {
    if (comparison != 0) {
        return this;
    }
    if (lhs == rhs) {
        return this;
    }
    if (lhs == null) {
        comparison = -1;
        return this;
    }
    if (rhs == null) {
        comparison = 1;
        return this;
    }
    if (lhs.length != rhs.length) {
        comparison = lhs.length < rhs.length ? -1 : 1;
        return this;
    }
    for (int i = 0; i < lhs.length && comparison == 0; i++) {
        append(lhs[i], rhs[i]);
    }
    return this;
}, typeSolver=com.github.javaparser.symbolsolver.resolution.typesolvers.CombinedTypeSolver@7bf9b098}
In MethodCallExpr: Ambiguous method call: cannot find a most applicable method: JavaParserMethodDeclaration{wrappedNode=/**
 * Appends to the {@code builder} the deep comparison of
 * two {@link Object} arrays.
 *
 * <ol>
 *  <li>Check if arrays are the same using {@code ==}</li>
 *  <li>Check if for {@code null}, {@code null} is less than non-{@code null}</li>
 *  <li>Check array length, a short length array is less than a long length array</li>
 *  <li>Check array contents element by element using {@link #append(Object, Object, Comparator)}</li>
 * </ol>
 *
 * <p>This method will also will be called for the top level of multi-dimensional,
 * ragged, and multi-typed arrays.</p>
 *
 * @param lhs  left-hand side array
 * @param rhs  right-hand side array
 * @return {@code this} instance.
 * @throws ClassCastException  if {@code rhs} is not assignment-compatible
 *  with {@code lhs}
 */
public CompareToBuilder append(final Object[] lhs, final Object[] rhs) {
    return append(lhs, rhs, null);
}, typeSolver=com.github.javaparser.symbolsolver.resolution.typesolvers.CombinedTypeSolver@7bf9b098}, JavaParserMethodDeclaration{wrappedNode=/**
 * Appends to the {@code builder} the deep comparison of
 * two {@code float} arrays.
 *
 * <ol>
 *  <li>Check if arrays are the same using {@code ==}</li>
 *  <li>Check if for {@code null}, {@code null} is less than non-{@code null}</li>
 *  <li>Check array length, a shorter length array is less than a longer length array</li>
 *  <li>Check array contents element by element using {@link #append(float, float)}</li>
 * </ol>
 *
 * @param lhs  left-hand side array
 * @param rhs  right-hand side array
 * @return {@code this} instance.
 */
public CompareToBuilder append(final float[] lhs, final float[] rhs) {
    if (comparison != 0) {
        return this;
    }
    if (lhs == rhs) {
        return this;
    }
    if (lhs == null) {
        comparison = -1;
        return this;
    }
    if (rhs == null) {
        comparison = 1;
        return this;
    }
    if (lhs.length != rhs.length) {
        comparison = lhs.length < rhs.length ? -1 : 1;
        return this;
    }
    for (int i = 0; i < lhs.length && comparison == 0; i++) {
        append(lhs[i], rhs[i]);
    }
    return this;
}, typeSolver=com.github.javaparser.symbolsolver.resolution.typesolvers.CombinedTypeSolver@7bf9b098}
In MethodCallExpr: Ambiguous method call: cannot find a most applicable method: JavaParserMethodDeclaration{wrappedNode=/**
 * Appends to the {@code builder} the deep comparison of
 * two {@code double} arrays.
 *
 * <ol>
 *  <li>Check if arrays are the same using {@code ==}</li>
 *  <li>Check if for {@code null}, {@code null} is less than non-{@code null}</li>
 *  <li>Check array length, a shorter length array is less than a longer length array</li>
 *  <li>Check array contents element by element using {@link #append(double, double)}</li>
 * </ol>
 *
 * @param lhs  left-hand side array
 * @param rhs  right-hand side array
 * @return {@code this} instance.
 */
public CompareToBuilder append(final double[] lhs, final double[] rhs) {
    if (comparison != 0) {
        return this;
    }
    if (lhs == rhs) {
        return this;
    }
    if (lhs == null) {
        comparison = -1;
        return this;
    }
    if (rhs == null) {
        comparison = 1;
        return this;
    }
    if (lhs.length != rhs.length) {
        comparison = lhs.length < rhs.length ? -1 : 1;
        return this;
    }
    for (int i = 0; i < lhs.length && comparison == 0; i++) {
        append(lhs[i], rhs[i]);
    }
    return this;
}, typeSolver=com.github.javaparser.symbolsolver.resolution.typesolvers.CombinedTypeSolver@7bf9b098}, JavaParserMethodDeclaration{wrappedNode=/**
 * Appends to the {@code builder} the deep comparison of
 * two {@link Object} arrays.
 *
 * <ol>
 *  <li>Check if arrays are the same using {@code ==}</li>
 *  <li>Check if for {@code null}, {@code null} is less than non-{@code null}</li>
 *  <li>Check array length, a short length array is less than a long length array</li>
 *  <li>Check array contents element by element using {@link #append(Object, Object, Comparator)}</li>
 * </ol>
 *
 * <p>This method will also will be called for the top level of multi-dimensional,
 * ragged, and multi-typed arrays.</p>
 *
 * @param lhs  left-hand side array
 * @param rhs  right-hand side array
 * @return {@code this} instance.
 * @throws ClassCastException  if {@code rhs} is not assignment-compatible
 *  with {@code lhs}
 */
public CompareToBuilder append(final Object[] lhs, final Object[] rhs) {
    return append(lhs, rhs, null);
}, typeSolver=com.github.javaparser.symbolsolver.resolution.typesolvers.CombinedTypeSolver@7bf9b098}
Unknown identifier (not related to type solving) 'java.util.Map.Entry'
In MethodCallExpr: Ambiguous method call: cannot find a most applicable method: JavaParserMethodDeclaration{wrappedNode=/**
 * Converts an array of primitive floats to objects.
 *
 * <p>This method returns {@code null} for a {@code null} input array.</p>
 *
 * @param array  a {@code float} array
 * @return a {@link Float} array, {@code null} if null array input
 */
public static Float[] toObject(final float[] array) {
    if (array == null) {
        return null;
    }
    if (array.length == 0) {
        return EMPTY_FLOAT_OBJECT_ARRAY;
    }
    return setAll(new Float[array.length], i -> Float.valueOf(array[i]));
}, typeSolver=com.github.javaparser.symbolsolver.resolution.typesolvers.CombinedTypeSolver@7bf9b098}, JavaParserMethodDeclaration{wrappedNode=/**
 * Converts an array of primitive shorts to objects.
 *
 * <p>This method returns {@code null} for a {@code null} input array.</p>
 *
 * @param array  a {@code short} array
 * @return a {@link Short} array, {@code null} if null array input
 */
public static Short[] toObject(final short[] array) {
    if (array == null) {
        return null;
    }
    if (array.length == 0) {
        return EMPTY_SHORT_OBJECT_ARRAY;
    }
    return setAll(new Short[array.length], i -> Short.valueOf(array[i]));
}, typeSolver=com.github.javaparser.symbolsolver.resolution.typesolvers.CombinedTypeSolver@7bf9b098}
In MethodCallExpr: Ambiguous method call: cannot find a most applicable method: JavaParserMethodDeclaration{wrappedNode=/**
 * Converts an array of primitive floats to objects.
 *
 * <p>This method returns {@code null} for a {@code null} input array.</p>
 *
 * @param array  a {@code float} array
 * @return a {@link Float} array, {@code null} if null array input
 */
public static Float[] toObject(final float[] array) {
    if (array == null) {
        return null;
    }
    if (array.length == 0) {
        return EMPTY_FLOAT_OBJECT_ARRAY;
    }
    return setAll(new Float[array.length], i -> Float.valueOf(array[i]));
}, typeSolver=com.github.javaparser.symbolsolver.resolution.typesolvers.CombinedTypeSolver@7bf9b098}, JavaParserMethodDeclaration{wrappedNode=/**
 * Converts an array of primitive longs to objects.
 *
 * <p>This method returns {@code null} for a {@code null} input array.</p>
 *
 * @param array  a {@code long} array
 * @return a {@link Long} array, {@code null} if null array input
 */
public static Long[] toObject(final long[] array) {
    if (array == null) {
        return null;
    }
    if (array.length == 0) {
        return EMPTY_LONG_OBJECT_ARRAY;
    }
    return setAll(new Long[array.length], i -> Long.valueOf(array[i]));
}, typeSolver=com.github.javaparser.symbolsolver.resolution.typesolvers.CombinedTypeSolver@7bf9b098}
In MethodCallExpr: Ambiguous method call: cannot find a most applicable method: ReflectionMethodDeclaration{method=public static boolean java.util.Arrays.equals(double[],double[])}, ReflectionMethodDeclaration{method=public static boolean java.util.Arrays.equals(java.lang.Object[],java.lang.Object[])}
In MethodCallExpr: Ambiguous method call: cannot find a most applicable method: ReflectionMethodDeclaration{method=public static boolean java.util.Arrays.equals(double[],double[])}, ReflectionMethodDeclaration{method=public static boolean java.util.Arrays.equals(long[],long[])}
In MethodCallExpr: Ambiguous method call: cannot find a most applicable method: JavaParserMethodDeclaration{wrappedNode=/**
 * Converts an array of primitive doubles to objects.
 *
 * <p>This method returns {@code null} for a {@code null} input array.</p>
 *
 * @param array  a {@code double} array
 * @return a {@link Double} array, {@code null} if null array input
 */
public static Double[] toObject(final double[] array) {
    if (array == null) {
        return null;
    }
    if (array.length == 0) {
        return EMPTY_DOUBLE_OBJECT_ARRAY;
    }
    return setAll(new Double[array.length], i -> Double.valueOf(array[i]));
}, typeSolver=com.github.javaparser.symbolsolver.resolution.typesolvers.CombinedTypeSolver@7bf9b098}, JavaParserMethodDeclaration{wrappedNode=/**
 * Converts an array of primitive longs to objects.
 *
 * <p>This method returns {@code null} for a {@code null} input array.</p>
 *
 * @param array  a {@code long} array
 * @return a {@link Long} array, {@code null} if null array input
 */
public static Long[] toObject(final long[] array) {
    if (array == null) {
        return null;
    }
    if (array.length == 0) {
        return EMPTY_LONG_OBJECT_ARRAY;
    }
    return setAll(new Long[array.length], i -> Long.valueOf(array[i]));
}, typeSolver=com.github.javaparser.symbolsolver.resolution.typesolvers.CombinedTypeSolver@7bf9b098}
In MethodCallExpr: Ambiguous method call: cannot find a most applicable method: JavaParserMethodDeclaration{wrappedNode=/**
 * Converts an array of primitive doubles to objects.
 *
 * <p>This method returns {@code null} for a {@code null} input array.</p>
 *
 * @param array  a {@code double} array
 * @return a {@link Double} array, {@code null} if null array input
 */
public static Double[] toObject(final double[] array) {
    if (array == null) {
        return null;
    }
    if (array.length == 0) {
        return EMPTY_DOUBLE_OBJECT_ARRAY;
    }
    return setAll(new Double[array.length], i -> Double.valueOf(array[i]));
}, typeSolver=com.github.javaparser.symbolsolver.resolution.typesolvers.CombinedTypeSolver@7bf9b098}, JavaParserMethodDeclaration{wrappedNode=/**
 * Converts an array of primitive floats to objects.
 *
 * <p>This method returns {@code null} for a {@code null} input array.</p>
 *
 * @param array  a {@code float} array
 * @return a {@link Float} array, {@code null} if null array input
 */
public static Float[] toObject(final float[] array) {
    if (array == null) {
        return null;
    }
    if (array.length == 0) {
        return EMPTY_FLOAT_OBJECT_ARRAY;
    }
    return setAll(new Float[array.length], i -> Float.valueOf(array[i]));
}, typeSolver=com.github.javaparser.symbolsolver.resolution.typesolvers.CombinedTypeSolver@7bf9b098}
In MethodCallExpr: Ambiguous method call: cannot find a most applicable method: JavaParserMethodDeclaration{wrappedNode=/**
 * Tests if two {@code long[]}s are equal.
 *
 * @param fieldName the field name.
 * @param lhs       the left-hand side {@code long[]}.
 * @param rhs       the right-hand side {@code long[]}.
 * @return {@code this} instance.
 * @throws NullPointerException if field name is {@code null}.
 */
public DiffBuilder<T> append(final String fieldName, final long[] lhs, final long[] rhs) {
    return equals || Arrays.equals(lhs, rhs) ? this : add(fieldName, () -> ArrayUtils.toObject(lhs), () -> ArrayUtils.toObject(rhs), Long[].class);
}, typeSolver=com.github.javaparser.symbolsolver.resolution.typesolvers.CombinedTypeSolver@7bf9b098}, JavaParserMethodDeclaration{wrappedNode=/**
 * Tests if two {@code double[]}s are equal.
 *
 * @param fieldName the field name.
 * @param lhs       the left-hand side {@code double[]}.
 * @param rhs       the right-hand side {@code double[]}.
 * @return {@code this} instance.
 * @throws NullPointerException if field name is {@code null}.
 */
public DiffBuilder<T> append(final String fieldName, final double[] lhs, final double[] rhs) {
    return equals || Arrays.equals(lhs, rhs) ? this : add(fieldName, () -> ArrayUtils.toObject(lhs), () -> ArrayUtils.toObject(rhs), Double[].class);
}, typeSolver=com.github.javaparser.symbolsolver.resolution.typesolvers.CombinedTypeSolver@7bf9b098}
In MethodCallExpr: Ambiguous method call: cannot find a most applicable method: JavaParserMethodDeclaration{wrappedNode=/**
 * Tests if two {@code double[]}s are equal.
 *
 * @param fieldName the field name.
 * @param lhs       the left-hand side {@code double[]}.
 * @param rhs       the right-hand side {@code double[]}.
 * @return {@code this} instance.
 * @throws NullPointerException if field name is {@code null}.
 */
public DiffBuilder<T> append(final String fieldName, final double[] lhs, final double[] rhs) {
    return equals || Arrays.equals(lhs, rhs) ? this : add(fieldName, () -> ArrayUtils.toObject(lhs), () -> ArrayUtils.toObject(rhs), Double[].class);
}, typeSolver=com.github.javaparser.symbolsolver.resolution.typesolvers.CombinedTypeSolver@7bf9b098}, JavaParserMethodDeclaration{wrappedNode=/**
 * Tests if two {@code long[]}s are equal.
 *
 * @param fieldName the field name.
 * @param lhs       the left-hand side {@code long[]}.
 * @param rhs       the right-hand side {@code long[]}.
 * @return {@code this} instance.
 * @throws NullPointerException if field name is {@code null}.
 */
public DiffBuilder<T> append(final String fieldName, final long[] lhs, final long[] rhs) {
    return equals || Arrays.equals(lhs, rhs) ? this : add(fieldName, () -> ArrayUtils.toObject(lhs), () -> ArrayUtils.toObject(rhs), Long[].class);
}, typeSolver=com.github.javaparser.symbolsolver.resolution.typesolvers.CombinedTypeSolver@7bf9b098}
In MethodCallExpr: Ambiguous method call: cannot find a most applicable method: JavaParserMethodDeclaration{wrappedNode=/**
 * Converts an array of primitive floats to objects.
 *
 * <p>This method returns {@code null} for a {@code null} input array.</p>
 *
 * @param array  a {@code float} array
 * @return a {@link Float} array, {@code null} if null array input
 */
public static Float[] toObject(final float[] array) {
    if (array == null) {
        return null;
    }
    if (array.length == 0) {
        return EMPTY_FLOAT_OBJECT_ARRAY;
    }
    return setAll(new Float[array.length], i -> Float.valueOf(array[i]));
}, typeSolver=com.github.javaparser.symbolsolver.resolution.typesolvers.CombinedTypeSolver@7bf9b098}, JavaParserMethodDeclaration{wrappedNode=/**
 * Converts an array of primitive ints to objects.
 *
 * <p>This method returns {@code null} for a {@code null} input array.</p>
 *
 * @param array  an {@code int} array
 * @return an {@link Integer} array, {@code null} if null array input
 */
public static Integer[] toObject(final int[] array) {
    if (array == null) {
        return null;
    }
    if (array.length == 0) {
        return EMPTY_INTEGER_OBJECT_ARRAY;
    }
    return setAll(new Integer[array.length], i -> Integer.valueOf(array[i]));
}, typeSolver=com.github.javaparser.symbolsolver.resolution.typesolvers.CombinedTypeSolver@7bf9b098}
In MethodCallExpr: Ambiguous method call: cannot find a most applicable method: JavaParserMethodDeclaration{wrappedNode=/**
 * Deep comparison of array of {@code long}. Length and all
 * values are compared.
 *
 * <p>The method {@link #append(long, long)} is used.</p>
 *
 * @param lhs  the left-hand side {@code long[]}
 * @param rhs  the right-hand side {@code long[]}
 * @return {@code this} instance.
 */
public EqualsBuilder append(final long[] lhs, final long[] rhs) {
    if (!isEquals) {
        return this;
    }
    if (lhs == rhs) {
        return this;
    }
    if (lhs == null || rhs == null) {
        setEquals(false);
        return this;
    }
    if (lhs.length != rhs.length) {
        setEquals(false);
        return this;
    }
    for (int i = 0; i < lhs.length && isEquals; ++i) {
        append(lhs[i], rhs[i]);
    }
    return this;
}, typeSolver=com.github.javaparser.symbolsolver.resolution.typesolvers.CombinedTypeSolver@7bf9b098}, JavaParserMethodDeclaration{wrappedNode=/**
 * Performs a deep comparison of two {@link Object} arrays.
 *
 * <p>This also will be called for the top level of
 * multi-dimensional, ragged, and multi-typed arrays.</p>
 *
 * <p>Note that this method does not compare the type of the arrays; it only
 * compares the contents.</p>
 *
 * @param lhs  the left-hand side {@code Object[]}
 * @param rhs  the right-hand side {@code Object[]}
 * @return {@code this} instance.
 */
public EqualsBuilder append(final Object[] lhs, final Object[] rhs) {
    if (!isEquals) {
        return this;
    }
    if (lhs == rhs) {
        return this;
    }
    if (lhs == null || rhs == null) {
        setEquals(false);
        return this;
    }
    if (lhs.length != rhs.length) {
        setEquals(false);
        return this;
    }
    for (int i = 0; i < lhs.length && isEquals; ++i) {
        append(lhs[i], rhs[i]);
    }
    return this;
}, typeSolver=com.github.javaparser.symbolsolver.resolution.typesolvers.CombinedTypeSolver@7bf9b098}
In MethodCallExpr: Ambiguous method call: cannot find a most applicable method: JavaParserMethodDeclaration{wrappedNode=/**
 * Deep comparison of array of {@code double}. Length and all
 * values are compared.
 *
 * <p>The method {@link #append(double, double)} is used.</p>
 *
 * @param lhs  the left-hand side {@code double[]}
 * @param rhs  the right-hand side {@code double[]}
 * @return {@code this} instance.
 */
public EqualsBuilder append(final double[] lhs, final double[] rhs) {
    if (!isEquals) {
        return this;
    }
    if (lhs == rhs) {
        return this;
    }
    if (lhs == null || rhs == null) {
        setEquals(false);
        return this;
    }
    if (lhs.length != rhs.length) {
        setEquals(false);
        return this;
    }
    for (int i = 0; i < lhs.length && isEquals; ++i) {
        append(lhs[i], rhs[i]);
    }
    return this;
}, typeSolver=com.github.javaparser.symbolsolver.resolution.typesolvers.CombinedTypeSolver@7bf9b098}, JavaParserMethodDeclaration{wrappedNode=/**
 * Performs a deep comparison of two {@link Object} arrays.
 *
 * <p>This also will be called for the top level of
 * multi-dimensional, ragged, and multi-typed arrays.</p>
 *
 * <p>Note that this method does not compare the type of the arrays; it only
 * compares the contents.</p>
 *
 * @param lhs  the left-hand side {@code Object[]}
 * @param rhs  the right-hand side {@code Object[]}
 * @return {@code this} instance.
 */
public EqualsBuilder append(final Object[] lhs, final Object[] rhs) {
    if (!isEquals) {
        return this;
    }
    if (lhs == rhs) {
        return this;
    }
    if (lhs == null || rhs == null) {
        setEquals(false);
        return this;
    }
    if (lhs.length != rhs.length) {
        setEquals(false);
        return this;
    }
    for (int i = 0; i < lhs.length && isEquals; ++i) {
        append(lhs[i], rhs[i]);
    }
    return this;
}, typeSolver=com.github.javaparser.symbolsolver.resolution.typesolvers.CombinedTypeSolver@7bf9b098}
In MethodCallExpr: Ambiguous method call: cannot find a most applicable method: JavaParserMethodDeclaration{wrappedNode=/**
 * Deep comparison of array of {@code double}. Length and all
 * values are compared.
 *
 * <p>The method {@link #append(double, double)} is used.</p>
 *
 * @param lhs  the left-hand side {@code double[]}
 * @param rhs  the right-hand side {@code double[]}
 * @return {@code this} instance.
 */
public EqualsBuilder append(final double[] lhs, final double[] rhs) {
    if (!isEquals) {
        return this;
    }
    if (lhs == rhs) {
        return this;
    }
    if (lhs == null || rhs == null) {
        setEquals(false);
        return this;
    }
    if (lhs.length != rhs.length) {
        setEquals(false);
        return this;
    }
    for (int i = 0; i < lhs.length && isEquals; ++i) {
        append(lhs[i], rhs[i]);
    }
    return this;
}, typeSolver=com.github.javaparser.symbolsolver.resolution.typesolvers.CombinedTypeSolver@7bf9b098}, JavaParserMethodDeclaration{wrappedNode=/**
 * Deep comparison of array of {@code int}. Length and all
 * values are compared.
 *
 * <p>The method {@link #append(int, int)} is used.</p>
 *
 * @param lhs  the left-hand side {@code int[]}
 * @param rhs  the right-hand side {@code int[]}
 * @return {@code this} instance.
 */
public EqualsBuilder append(final int[] lhs, final int[] rhs) {
    if (!isEquals) {
        return this;
    }
    if (lhs == rhs) {
        return this;
    }
    if (lhs == null || rhs == null) {
        setEquals(false);
        return this;
    }
    if (lhs.length != rhs.length) {
        setEquals(false);
        return this;
    }
    for (int i = 0; i < lhs.length && isEquals; ++i) {
        append(lhs[i], rhs[i]);
    }
    return this;
}, typeSolver=com.github.javaparser.symbolsolver.resolution.typesolvers.CombinedTypeSolver@7bf9b098}
In MethodCallExpr: Ambiguous method call: cannot find a most applicable method: JavaParserMethodDeclaration{wrappedNode=/**
 * Deep comparison of array of {@code double}. Length and all
 * values are compared.
 *
 * <p>The method {@link #append(double, double)} is used.</p>
 *
 * @param lhs  the left-hand side {@code double[]}
 * @param rhs  the right-hand side {@code double[]}
 * @return {@code this} instance.
 */
public EqualsBuilder append(final double[] lhs, final double[] rhs) {
    if (!isEquals) {
        return this;
    }
    if (lhs == rhs) {
        return this;
    }
    if (lhs == null || rhs == null) {
        setEquals(false);
        return this;
    }
    if (lhs.length != rhs.length) {
        setEquals(false);
        return this;
    }
    for (int i = 0; i < lhs.length && isEquals; ++i) {
        append(lhs[i], rhs[i]);
    }
    return this;
}, typeSolver=com.github.javaparser.symbolsolver.resolution.typesolvers.CombinedTypeSolver@7bf9b098}, JavaParserMethodDeclaration{wrappedNode=/**
 * Performs a deep comparison of two {@link Object} arrays.
 *
 * <p>This also will be called for the top level of
 * multi-dimensional, ragged, and multi-typed arrays.</p>
 *
 * <p>Note that this method does not compare the type of the arrays; it only
 * compares the contents.</p>
 *
 * @param lhs  the left-hand side {@code Object[]}
 * @param rhs  the right-hand side {@code Object[]}
 * @return {@code this} instance.
 */
public EqualsBuilder append(final Object[] lhs, final Object[] rhs) {
    if (!isEquals) {
        return this;
    }
    if (lhs == rhs) {
        return this;
    }
    if (lhs == null || rhs == null) {
        setEquals(false);
        return this;
    }
    if (lhs.length != rhs.length) {
        setEquals(false);
        return this;
    }
    for (int i = 0; i < lhs.length && isEquals; ++i) {
        append(lhs[i], rhs[i]);
    }
    return this;
}, typeSolver=com.github.javaparser.symbolsolver.resolution.typesolvers.CombinedTypeSolver@7bf9b098}
In MethodCallExpr: Ambiguous method call: cannot find a most applicable method: JavaParserMethodDeclaration{wrappedNode=/**
 * Append a {@code hashCode} for a {@code float} array.
 *
 * @param array
 *            the array to add to the {@code hashCode}
 * @return {@code this} instance.
 */
public HashCodeBuilder append(final float[] array) {
    if (array == null) {
        iTotal = iTotal * iConstant;
    } else {
        for (final float element : array) {
            append(element);
        }
    }
    return this;
}, typeSolver=com.github.javaparser.symbolsolver.resolution.typesolvers.CombinedTypeSolver@7bf9b098}, JavaParserMethodDeclaration{wrappedNode=/**
 * Append a {@code hashCode} for an {@link Object} array.
 *
 * @param array
 *            the array to add to the {@code hashCode}
 * @return {@code this} instance.
 */
public HashCodeBuilder append(final Object[] array) {
    if (array == null) {
        iTotal = iTotal * iConstant;
    } else {
        for (final Object element : array) {
            append(element);
        }
    }
    return this;
}, typeSolver=com.github.javaparser.symbolsolver.resolution.typesolvers.CombinedTypeSolver@7bf9b098}
In MethodCallExpr: Ambiguous method call: cannot find a most applicable method: JavaParserMethodDeclaration{wrappedNode=/**
 * Append a {@code hashCode} for an {@code int} array.
 *
 * @param array
 *            the array to add to the {@code hashCode}
 * @return {@code this} instance.
 */
public HashCodeBuilder append(final int[] array) {
    if (array == null) {
        iTotal = iTotal * iConstant;
    } else {
        for (final int element : array) {
            append(element);
        }
    }
    return this;
}, typeSolver=com.github.javaparser.symbolsolver.resolution.typesolvers.CombinedTypeSolver@7bf9b098}, JavaParserMethodDeclaration{wrappedNode=/**
 * Append a {@code hashCode} for a {@code double} array.
 *
 * @param array
 *            the array to add to the {@code hashCode}
 * @return {@code this} instance.
 */
public HashCodeBuilder append(final double[] array) {
    if (array == null) {
        iTotal = iTotal * iConstant;
    } else {
        for (final double element : array) {
            append(element);
        }
    }
    return this;
}, typeSolver=com.github.javaparser.symbolsolver.resolution.typesolvers.CombinedTypeSolver@7bf9b098}
In MethodCallExpr: Ambiguous method call: cannot find a most applicable method: JavaParserMethodDeclaration{wrappedNode=/**
 * Appends to the {@code toString} the detail of a {@code float} array.
 *
 * @param buffer    the {@link StringBuffer} to populate.
 * @param fieldName the field name, typically not used as already appended.
 * @param array     the array to add to the {@code toString}, not {@code null}.
 */
protected void appendDetail(final StringBuffer buffer, final String fieldName, final float[] array) {
    buffer.append(getArrayStart());
    for (int i = 0; i < array.length; i++) {
        if (i > 0) {
            buffer.append(getArraySeparator());
        }
        appendDetail(buffer, fieldName, array[i]);
    }
    buffer.append(getArrayEnd());
}, typeSolver=com.github.javaparser.symbolsolver.resolution.typesolvers.CombinedTypeSolver@7bf9b098}, JavaParserMethodDeclaration{wrappedNode=/**
 * Appends to the {@code toString} the detail of an {@link Object} array.
 *
 * @param buffer    the {@link StringBuffer} to populate.
 * @param fieldName the field name, typically not used as already appended.
 * @param array     the array to add to the {@code toString}, not {@code null}.
 */
protected void appendDetail(final StringBuffer buffer, final String fieldName, final Object[] array) {
    buffer.append(getArrayStart());
    for (int i = 0; i < array.length; i++) {
        appendDetail(buffer, fieldName, i, array[i]);
    }
    buffer.append(getArrayEnd());
}, typeSolver=com.github.javaparser.symbolsolver.resolution.typesolvers.CombinedTypeSolver@7bf9b098}
In MethodCallExpr: Ambiguous method call: cannot find a most applicable method: JavaParserMethodDeclaration{wrappedNode=/**
 * Appends to the {@code toString} the detail of an {@link Object} array.
 *
 * @param buffer    the {@link StringBuffer} to populate.
 * @param fieldName the field name, typically not used as already appended.
 * @param array     the array to add to the {@code toString}, not {@code null}.
 */
protected void appendDetail(final StringBuffer buffer, final String fieldName, final Object[] array) {
    buffer.append(getArrayStart());
    for (int i = 0; i < array.length; i++) {
        appendDetail(buffer, fieldName, i, array[i]);
    }
    buffer.append(getArrayEnd());
}, typeSolver=com.github.javaparser.symbolsolver.resolution.typesolvers.CombinedTypeSolver@7bf9b098}, JavaParserMethodDeclaration{wrappedNode=/**
 * Appends to the {@code toString} the detail of a {@code float} array.
 *
 * @param buffer    the {@link StringBuffer} to populate.
 * @param fieldName the field name, typically not used as already appended.
 * @param array     the array to add to the {@code toString}, not {@code null}.
 */
protected void appendDetail(final StringBuffer buffer, final String fieldName, final float[] array) {
    buffer.append(getArrayStart());
    for (int i = 0; i < array.length; i++) {
        if (i > 0) {
            buffer.append(getArraySeparator());
        }
        appendDetail(buffer, fieldName, array[i]);
    }
    buffer.append(getArrayEnd());
}, typeSolver=com.github.javaparser.symbolsolver.resolution.typesolvers.CombinedTypeSolver@7bf9b098}
In MethodCallExpr: Ambiguous method call: cannot find a most applicable method: JavaParserMethodDeclaration{wrappedNode=/**
 * Appends to the {@code toString} the detail of a {@code double} array.
 *
 * @param buffer    the {@link StringBuffer} to populate.
 * @param fieldName the field name, typically not used as already appended
 * @param array     the array to add to the {@code toString}, not {@code null}.
 */
protected void appendDetail(final StringBuffer buffer, final String fieldName, final double[] array) {
    buffer.append(getArrayStart());
    for (int i = 0; i < array.length; i++) {
        if (i > 0) {
            buffer.append(getArraySeparator());
        }
        appendDetail(buffer, fieldName, array[i]);
    }
    buffer.append(getArrayEnd());
}, typeSolver=com.github.javaparser.symbolsolver.resolution.typesolvers.CombinedTypeSolver@7bf9b098}, JavaParserMethodDeclaration{wrappedNode=/**
 * Appends to the {@code toString} the detail of an {@link Object} array.
 *
 * @param buffer    the {@link StringBuffer} to populate.
 * @param fieldName the field name, typically not used as already appended.
 * @param array     the array to add to the {@code toString}, not {@code null}.
 */
protected void appendDetail(final StringBuffer buffer, final String fieldName, final Object[] array) {
    buffer.append(getArrayStart());
    for (int i = 0; i < array.length; i++) {
        appendDetail(buffer, fieldName, i, array[i]);
    }
    buffer.append(getArrayEnd());
}, typeSolver=com.github.javaparser.symbolsolver.resolution.typesolvers.CombinedTypeSolver@7bf9b098}
In MethodCallExpr: Ambiguous method call: cannot find a most applicable method: JavaParserMethodDeclaration{wrappedNode=/**
 * Appends to the {@code toString} the detail of a {@code double} array.
 *
 * @param buffer    the {@link StringBuffer} to populate.
 * @param fieldName the field name, typically not used as already appended
 * @param array     the array to add to the {@code toString}, not {@code null}.
 */
protected void appendDetail(final StringBuffer buffer, final String fieldName, final double[] array) {
    buffer.append(getArrayStart());
    for (int i = 0; i < array.length; i++) {
        if (i > 0) {
            buffer.append(getArraySeparator());
        }
        appendDetail(buffer, fieldName, array[i]);
    }
    buffer.append(getArrayEnd());
}, typeSolver=com.github.javaparser.symbolsolver.resolution.typesolvers.CombinedTypeSolver@7bf9b098}, JavaParserMethodDeclaration{wrappedNode=/**
 * Appends to the {@code toString} the detail of a {@code float} array.
 *
 * @param buffer    the {@link StringBuffer} to populate.
 * @param fieldName the field name, typically not used as already appended.
 * @param array     the array to add to the {@code toString}, not {@code null}.
 */
protected void appendDetail(final StringBuffer buffer, final String fieldName, final float[] array) {
    buffer.append(getArrayStart());
    for (int i = 0; i < array.length; i++) {
        if (i > 0) {
            buffer.append(getArraySeparator());
        }
        appendDetail(buffer, fieldName, array[i]);
    }
    buffer.append(getArrayEnd());
}, typeSolver=com.github.javaparser.symbolsolver.resolution.typesolvers.CombinedTypeSolver@7bf9b098}
In MethodCallExpr: Ambiguous method call: cannot find a most applicable method: JavaParserMethodDeclaration{wrappedNode=/**
 * Appends to the {@code toString} an {@link Object} array.
 *
 * @param buffer     the {@link StringBuffer} to populate.
 * @param fieldName  the field name.
 * @param array      the array to add to the toString.
 * @param fullDetail {@code true} for detail, {@code false} for summary info, {@code null} for style decides.
 */
public void append(final StringBuffer buffer, final String fieldName, final Object[] array, final Boolean fullDetail) {
    appendFieldStart(buffer, fieldName);
    if (array == null) {
        appendNullText(buffer, fieldName);
    } else if (isFullDetail(fullDetail)) {
        appendDetail(buffer, fieldName, array);
    } else {
        appendSummary(buffer, fieldName, array);
    }
    appendFieldEnd(buffer, fieldName);
}, typeSolver=com.github.javaparser.symbolsolver.resolution.typesolvers.CombinedTypeSolver@7bf9b098}, JavaParserMethodDeclaration{wrappedNode=/**
 * Appends to the {@code toString} a {@code boolean} array.
 *
 * @param buffer     the {@link StringBuffer} to populate.
 * @param fieldName  the field name.
 * @param array      the array to add to the toString.
 * @param fullDetail {@code true} for detail, {@code false} for summary info, {@code null} for style decides.
 */
public void append(final StringBuffer buffer, final String fieldName, final boolean[] array, final Boolean fullDetail) {
    appendFieldStart(buffer, fieldName);
    if (array == null) {
        appendNullText(buffer, fieldName);
    } else if (isFullDetail(fullDetail)) {
        appendDetail(buffer, fieldName, array);
    } else {
        appendSummary(buffer, fieldName, array);
    }
    appendFieldEnd(buffer, fieldName);
}, typeSolver=com.github.javaparser.symbolsolver.resolution.typesolvers.CombinedTypeSolver@7bf9b098}
In MethodCallExpr: Ambiguous method call: cannot find a most applicable method: JavaParserMethodDeclaration{wrappedNode=/**
 * Appends to the {@code toString} an {@link Object} array.
 *
 * @param buffer     the {@link StringBuffer} to populate.
 * @param fieldName  the field name.
 * @param array      the array to add to the toString.
 * @param fullDetail {@code true} for detail, {@code false} for summary info, {@code null} for style decides.
 */
public void append(final StringBuffer buffer, final String fieldName, final Object[] array, final Boolean fullDetail) {
    appendFieldStart(buffer, fieldName);
    if (array == null) {
        appendNullText(buffer, fieldName);
    } else if (isFullDetail(fullDetail)) {
        appendDetail(buffer, fieldName, array);
    } else {
        appendSummary(buffer, fieldName, array);
    }
    appendFieldEnd(buffer, fieldName);
}, typeSolver=com.github.javaparser.symbolsolver.resolution.typesolvers.CombinedTypeSolver@7bf9b098}, JavaParserMethodDeclaration{wrappedNode=/**
 * Appends to the {@code toString} an {@code int} array.
 *
 * @param buffer     the {@link StringBuffer} to populate.
 * @param fieldName  the field name.
 * @param array      the array to add to the {@code toString}.
 * @param fullDetail {@code true} for detail, {@code false} for summary info, {@code null} for style decides.
 */
public void append(final StringBuffer buffer, final String fieldName, final int[] array, final Boolean fullDetail) {
    appendFieldStart(buffer, fieldName);
    if (array == null) {
        appendNullText(buffer, fieldName);
    } else if (isFullDetail(fullDetail)) {
        appendDetail(buffer, fieldName, array);
    } else {
        appendSummary(buffer, fieldName, array);
    }
    appendFieldEnd(buffer, fieldName);
}, typeSolver=com.github.javaparser.symbolsolver.resolution.typesolvers.CombinedTypeSolver@7bf9b098}
In MethodCallExpr: Ambiguous method call: cannot find a most applicable method: JavaParserMethodDeclaration{wrappedNode=/**
 * Appends to the {@code toString} a {@code double} array.
 *
 * @param buffer     the {@link StringBuffer} to populate.
 * @param fieldName  the field name.
 * @param array      the array to add to the toString.
 * @param fullDetail {@code true} for detail, {@code false} for summary info, {@code null} for style decides.
 */
public void append(final StringBuffer buffer, final String fieldName, final double[] array, final Boolean fullDetail) {
    appendFieldStart(buffer, fieldName);
    if (array == null) {
        appendNullText(buffer, fieldName);
    } else if (isFullDetail(fullDetail)) {
        appendDetail(buffer, fieldName, array);
    } else {
        appendSummary(buffer, fieldName, array);
    }
    appendFieldEnd(buffer, fieldName);
}, typeSolver=com.github.javaparser.symbolsolver.resolution.typesolvers.CombinedTypeSolver@7bf9b098}, JavaParserMethodDeclaration{wrappedNode=/**
 * Appends to the {@code toString} a {@code float} array.
 *
 * @param buffer     the {@link StringBuffer} to populate.
 * @param fieldName  the field name.
 * @param array      the array to add to the toString.
 * @param fullDetail {@code true} for detail, {@code false} for summary info, {@code null} for style decides.
 */
public void append(final StringBuffer buffer, final String fieldName, final float[] array, final Boolean fullDetail) {
    appendFieldStart(buffer, fieldName);
    if (array == null) {
        appendNullText(buffer, fieldName);
    } else if (isFullDetail(fullDetail)) {
        appendDetail(buffer, fieldName, array);
    } else {
        appendSummary(buffer, fieldName, array);
    }
    appendFieldEnd(buffer, fieldName);
}, typeSolver=com.github.javaparser.symbolsolver.resolution.typesolvers.CombinedTypeSolver@7bf9b098}
In MethodCallExpr: Ambiguous method call: cannot find a most applicable method: JavaParserMethodDeclaration{wrappedNode=/**
 * Appends to the {@code toString} a {@code double} array.
 *
 * @param buffer     the {@link StringBuffer} to populate.
 * @param fieldName  the field name.
 * @param array      the array to add to the toString.
 * @param fullDetail {@code true} for detail, {@code false} for summary info, {@code null} for style decides.
 */
public void append(final StringBuffer buffer, final String fieldName, final double[] array, final Boolean fullDetail) {
    appendFieldStart(buffer, fieldName);
    if (array == null) {
        appendNullText(buffer, fieldName);
    } else if (isFullDetail(fullDetail)) {
        appendDetail(buffer, fieldName, array);
    } else {
        appendSummary(buffer, fieldName, array);
    }
    appendFieldEnd(buffer, fieldName);
}, typeSolver=com.github.javaparser.symbolsolver.resolution.typesolvers.CombinedTypeSolver@7bf9b098}, JavaParserMethodDeclaration{wrappedNode=/**
 * Appends to the {@code toString} an {@link Object} array.
 *
 * @param buffer     the {@link StringBuffer} to populate.
 * @param fieldName  the field name.
 * @param array      the array to add to the toString.
 * @param fullDetail {@code true} for detail, {@code false} for summary info, {@code null} for style decides.
 */
public void append(final StringBuffer buffer, final String fieldName, final Object[] array, final Boolean fullDetail) {
    appendFieldStart(buffer, fieldName);
    if (array == null) {
        appendNullText(buffer, fieldName);
    } else if (isFullDetail(fullDetail)) {
        appendDetail(buffer, fieldName, array);
    } else {
        appendSummary(buffer, fieldName, array);
    }
    appendFieldEnd(buffer, fieldName);
}, typeSolver=com.github.javaparser.symbolsolver.resolution.typesolvers.CombinedTypeSolver@7bf9b098}
In MethodCallExpr: Ambiguous method call: cannot find a most applicable method: JavaParserMethodDeclaration{wrappedNode=/**
 * Appends to the {@code toString} an {@link Object} array.
 *
 * @param buffer     the {@link StringBuffer} to populate.
 * @param fieldName  the field name.
 * @param array      the array to add to the toString.
 * @param fullDetail {@code true} for detail, {@code false} for summary info, {@code null} for style decides.
 */
public void append(final StringBuffer buffer, final String fieldName, final Object[] array, final Boolean fullDetail) {
    appendFieldStart(buffer, fieldName);
    if (array == null) {
        appendNullText(buffer, fieldName);
    } else if (isFullDetail(fullDetail)) {
        appendDetail(buffer, fieldName, array);
    } else {
        appendSummary(buffer, fieldName, array);
    }
    appendFieldEnd(buffer, fieldName);
}, typeSolver=com.github.javaparser.symbolsolver.resolution.typesolvers.CombinedTypeSolver@7bf9b098}, JavaParserMethodDeclaration{wrappedNode=/**
 * Appends to the {@code toString} a {@code float} array.
 *
 * @param buffer     the {@link StringBuffer} to populate.
 * @param fieldName  the field name.
 * @param array      the array to add to the toString.
 * @param fullDetail {@code true} for detail, {@code false} for summary info, {@code null} for style decides.
 */
public void append(final StringBuffer buffer, final String fieldName, final float[] array, final Boolean fullDetail) {
    appendFieldStart(buffer, fieldName);
    if (array == null) {
        appendNullText(buffer, fieldName);
    } else if (isFullDetail(fullDetail)) {
        appendDetail(buffer, fieldName, array);
    } else {
        appendSummary(buffer, fieldName, array);
    }
    appendFieldEnd(buffer, fieldName);
}, typeSolver=com.github.javaparser.symbolsolver.resolution.typesolvers.CombinedTypeSolver@7bf9b098}
In MethodCallExpr: Ambiguous method call: cannot find a most applicable method: JavaParserMethodDeclaration{wrappedNode=/**
 * Appends to the {@code toString} a {@code float} array.
 *
 * @param buffer     the {@link StringBuffer} to populate.
 * @param fieldName  the field name.
 * @param array      the array to add to the toString.
 * @param fullDetail {@code true} for detail, {@code false} for summary info, {@code null} for style decides.
 */
public void append(final StringBuffer buffer, final String fieldName, final float[] array, final Boolean fullDetail) {
    appendFieldStart(buffer, fieldName);
    if (array == null) {
        appendNullText(buffer, fieldName);
    } else if (isFullDetail(fullDetail)) {
        appendDetail(buffer, fieldName, array);
    } else {
        appendSummary(buffer, fieldName, array);
    }
    appendFieldEnd(buffer, fieldName);
}, typeSolver=com.github.javaparser.symbolsolver.resolution.typesolvers.CombinedTypeSolver@7bf9b098}, JavaParserMethodDeclaration{wrappedNode=/**
 * Appends to the {@code toString} an {@link Object} array.
 *
 * @param buffer     the {@link StringBuffer} to populate.
 * @param fieldName  the field name.
 * @param array      the array to add to the toString.
 * @param fullDetail {@code true} for detail, {@code false} for summary info, {@code null} for style decides.
 */
public void append(final StringBuffer buffer, final String fieldName, final Object[] array, final Boolean fullDetail) {
    appendFieldStart(buffer, fieldName);
    if (array == null) {
        appendNullText(buffer, fieldName);
    } else if (isFullDetail(fullDetail)) {
        appendDetail(buffer, fieldName, array);
    } else {
        appendSummary(buffer, fieldName, array);
    }
    appendFieldEnd(buffer, fieldName);
}, typeSolver=com.github.javaparser.symbolsolver.resolution.typesolvers.CombinedTypeSolver@7bf9b098}
In MethodCallExpr: Ambiguous method call: cannot find a most applicable method: JavaParserMethodDeclaration{wrappedNode=/**
 * Appends to the {@code toString} an {@link Object} array.
 *
 * @param buffer     the {@link StringBuffer} to populate.
 * @param fieldName  the field name.
 * @param array      the array to add to the toString.
 * @param fullDetail {@code true} for detail, {@code false} for summary info, {@code null} for style decides.
 */
public void append(final StringBuffer buffer, final String fieldName, final Object[] array, final Boolean fullDetail) {
    appendFieldStart(buffer, fieldName);
    if (array == null) {
        appendNullText(buffer, fieldName);
    } else if (isFullDetail(fullDetail)) {
        appendDetail(buffer, fieldName, array);
    } else {
        appendSummary(buffer, fieldName, array);
    }
    appendFieldEnd(buffer, fieldName);
}, typeSolver=com.github.javaparser.symbolsolver.resolution.typesolvers.CombinedTypeSolver@7bf9b098}, JavaParserMethodDeclaration{wrappedNode=/**
 * Appends to the {@code toString} a {@code boolean} array.
 *
 * @param buffer     the {@link StringBuffer} to populate.
 * @param fieldName  the field name.
 * @param array      the array to add to the toString.
 * @param fullDetail {@code true} for detail, {@code false} for summary info, {@code null} for style decides.
 */
public void append(final StringBuffer buffer, final String fieldName, final boolean[] array, final Boolean fullDetail) {
    appendFieldStart(buffer, fieldName);
    if (array == null) {
        appendNullText(buffer, fieldName);
    } else if (isFullDetail(fullDetail)) {
        appendDetail(buffer, fieldName, array);
    } else {
        appendSummary(buffer, fieldName, array);
    }
    appendFieldEnd(buffer, fieldName);
}, typeSolver=com.github.javaparser.symbolsolver.resolution.typesolvers.CombinedTypeSolver@7bf9b098}
In MethodCallExpr: Ambiguous method call: cannot find a most applicable method: JavaParserMethodDeclaration{wrappedNode=/**
 * Appends to the {@code toString} a {@code byte} array.
 *
 * @param buffer     the {@link StringBuffer} to populate.
 * @param fieldName  the field name.
 * @param array      the array to add to the {@code toString}.
 * @param fullDetail {@code true} for detail, {@code false} for summary info, {@code null} for style decides.
 */
public void append(final StringBuffer buffer, final String fieldName, final byte[] array, final Boolean fullDetail) {
    appendFieldStart(buffer, fieldName);
    if (array == null) {
        appendNullText(buffer, fieldName);
    } else if (isFullDetail(fullDetail)) {
        appendDetail(buffer, fieldName, array);
    } else {
        appendSummary(buffer, fieldName, array);
    }
    appendFieldEnd(buffer, fieldName);
}, typeSolver=com.github.javaparser.symbolsolver.resolution.typesolvers.CombinedTypeSolver@7bf9b098}, JavaParserMethodDeclaration{wrappedNode=/**
 * Appends to the {@code toString} an {@link Object} array.
 *
 * @param buffer     the {@link StringBuffer} to populate.
 * @param fieldName  the field name.
 * @param array      the array to add to the toString.
 * @param fullDetail {@code true} for detail, {@code false} for summary info, {@code null} for style decides.
 */
public void append(final StringBuffer buffer, final String fieldName, final Object[] array, final Boolean fullDetail) {
    appendFieldStart(buffer, fieldName);
    if (array == null) {
        appendNullText(buffer, fieldName);
    } else if (isFullDetail(fullDetail)) {
        appendDetail(buffer, fieldName, array);
    } else {
        appendSummary(buffer, fieldName, array);
    }
    appendFieldEnd(buffer, fieldName);
}, typeSolver=com.github.javaparser.symbolsolver.resolution.typesolvers.CombinedTypeSolver@7bf9b098}
In MethodCallExpr: Ambiguous method call: cannot find a most applicable method: JavaParserMethodDeclaration{wrappedNode=/**
 * Appends to the {@code toString} an {@code int} array.
 *
 * @param buffer     the {@link StringBuffer} to populate.
 * @param fieldName  the field name.
 * @param array      the array to add to the {@code toString}.
 * @param fullDetail {@code true} for detail, {@code false} for summary info, {@code null} for style decides.
 */
public void append(final StringBuffer buffer, final String fieldName, final int[] array, final Boolean fullDetail) {
    appendFieldStart(buffer, fieldName);
    if (array == null) {
        appendNullText(buffer, fieldName);
    } else if (isFullDetail(fullDetail)) {
        appendDetail(buffer, fieldName, array);
    } else {
        appendSummary(buffer, fieldName, array);
    }
    appendFieldEnd(buffer, fieldName);
}, typeSolver=com.github.javaparser.symbolsolver.resolution.typesolvers.CombinedTypeSolver@7bf9b098}, JavaParserMethodDeclaration{wrappedNode=/**
 * Appends to the {@code toString} a {@code float} array.
 *
 * @param buffer     the {@link StringBuffer} to populate.
 * @param fieldName  the field name.
 * @param array      the array to add to the toString.
 * @param fullDetail {@code true} for detail, {@code false} for summary info, {@code null} for style decides.
 */
public void append(final StringBuffer buffer, final String fieldName, final float[] array, final Boolean fullDetail) {
    appendFieldStart(buffer, fieldName);
    if (array == null) {
        appendNullText(buffer, fieldName);
    } else if (isFullDetail(fullDetail)) {
        appendDetail(buffer, fieldName, array);
    } else {
        appendSummary(buffer, fieldName, array);
    }
    appendFieldEnd(buffer, fieldName);
}, typeSolver=com.github.javaparser.symbolsolver.resolution.typesolvers.CombinedTypeSolver@7bf9b098}
In MethodCallExpr: Ambiguous method call: cannot find a most applicable method: JavaParserMethodDeclaration{wrappedNode=/**
 * Appends to the {@code toString} a {@code double} array.
 *
 * @param buffer     the {@link StringBuffer} to populate.
 * @param fieldName  the field name.
 * @param array      the array to add to the toString.
 * @param fullDetail {@code true} for detail, {@code false} for summary info, {@code null} for style decides.
 */
public void append(final StringBuffer buffer, final String fieldName, final double[] array, final Boolean fullDetail) {
    appendFieldStart(buffer, fieldName);
    if (array == null) {
        appendNullText(buffer, fieldName);
    } else if (isFullDetail(fullDetail)) {
        appendDetail(buffer, fieldName, array);
    } else {
        appendSummary(buffer, fieldName, array);
    }
    appendFieldEnd(buffer, fieldName);
}, typeSolver=com.github.javaparser.symbolsolver.resolution.typesolvers.CombinedTypeSolver@7bf9b098}, JavaParserMethodDeclaration{wrappedNode=/**
 * Appends to the {@code toString} an {@link Object} array.
 *
 * @param buffer     the {@link StringBuffer} to populate.
 * @param fieldName  the field name.
 * @param array      the array to add to the toString.
 * @param fullDetail {@code true} for detail, {@code false} for summary info, {@code null} for style decides.
 */
public void append(final StringBuffer buffer, final String fieldName, final Object[] array, final Boolean fullDetail) {
    appendFieldStart(buffer, fieldName);
    if (array == null) {
        appendNullText(buffer, fieldName);
    } else if (isFullDetail(fullDetail)) {
        appendDetail(buffer, fieldName, array);
    } else {
        appendSummary(buffer, fieldName, array);
    }
    appendFieldEnd(buffer, fieldName);
}, typeSolver=com.github.javaparser.symbolsolver.resolution.typesolvers.CombinedTypeSolver@7bf9b098}
In MethodCallExpr: Ambiguous method call: cannot find a most applicable method: JavaParserMethodDeclaration{wrappedNode=/**
 * Appends to the {@code toString} a {@code double} array.
 *
 * @param buffer     the {@link StringBuffer} to populate.
 * @param fieldName  the field name.
 * @param array      the array to add to the toString.
 * @param fullDetail {@code true} for detail, {@code false} for summary info, {@code null} for style decides.
 */
public void append(final StringBuffer buffer, final String fieldName, final double[] array, final Boolean fullDetail) {
    appendFieldStart(buffer, fieldName);
    if (array == null) {
        appendNullText(buffer, fieldName);
    } else if (isFullDetail(fullDetail)) {
        appendDetail(buffer, fieldName, array);
    } else {
        appendSummary(buffer, fieldName, array);
    }
    appendFieldEnd(buffer, fieldName);
}, typeSolver=com.github.javaparser.symbolsolver.resolution.typesolvers.CombinedTypeSolver@7bf9b098}, JavaParserMethodDeclaration{wrappedNode=/**
 * Appends to the {@code toString} a {@code float} array.
 *
 * @param buffer     the {@link StringBuffer} to populate.
 * @param fieldName  the field name.
 * @param array      the array to add to the toString.
 * @param fullDetail {@code true} for detail, {@code false} for summary info, {@code null} for style decides.
 */
public void append(final StringBuffer buffer, final String fieldName, final float[] array, final Boolean fullDetail) {
    appendFieldStart(buffer, fieldName);
    if (array == null) {
        appendNullText(buffer, fieldName);
    } else if (isFullDetail(fullDetail)) {
        appendDetail(buffer, fieldName, array);
    } else {
        appendSummary(buffer, fieldName, array);
    }
    appendFieldEnd(buffer, fieldName);
}, typeSolver=com.github.javaparser.symbolsolver.resolution.typesolvers.CombinedTypeSolver@7bf9b098}
In MethodCallExpr: Ambiguous method call: cannot find a most applicable method: JavaParserMethodDeclaration{wrappedNode=/**
 * Appends to the {@code toString} a {@code double} array.
 *
 * @param buffer     the {@link StringBuffer} to populate.
 * @param fieldName  the field name.
 * @param array      the array to add to the toString.
 * @param fullDetail {@code true} for detail, {@code false} for summary info, {@code null} for style decides.
 */
public void append(final StringBuffer buffer, final String fieldName, final double[] array, final Boolean fullDetail) {
    appendFieldStart(buffer, fieldName);
    if (array == null) {
        appendNullText(buffer, fieldName);
    } else if (isFullDetail(fullDetail)) {
        appendDetail(buffer, fieldName, array);
    } else {
        appendSummary(buffer, fieldName, array);
    }
    appendFieldEnd(buffer, fieldName);
}, typeSolver=com.github.javaparser.symbolsolver.resolution.typesolvers.CombinedTypeSolver@7bf9b098}, JavaParserMethodDeclaration{wrappedNode=/**
 * Appends to the {@code toString} a {@code long} array.
 *
 * @param buffer     the {@link StringBuffer} to populate.
 * @param fieldName  the field name.
 * @param array      the array to add to the {@code toString}.
 * @param fullDetail {@code true} for detail, {@code false} for summary info, {@code null} for style decides.
 */
public void append(final StringBuffer buffer, final String fieldName, final long[] array, final Boolean fullDetail) {
    appendFieldStart(buffer, fieldName);
    if (array == null) {
        appendNullText(buffer, fieldName);
    } else if (isFullDetail(fullDetail)) {
        appendDetail(buffer, fieldName, array);
    } else {
        appendSummary(buffer, fieldName, array);
    }
    appendFieldEnd(buffer, fieldName);
}, typeSolver=com.github.javaparser.symbolsolver.resolution.typesolvers.CombinedTypeSolver@7bf9b098}
In MethodCallExpr: Ambiguous method call: cannot find a most applicable method: JavaParserMethodDeclaration{wrappedNode=/**
 * Appends to the {@code toString} an {@code int} array.
 *
 * @param buffer     the {@link StringBuffer} to populate.
 * @param fieldName  the field name.
 * @param array      the array to add to the {@code toString}.
 * @param fullDetail {@code true} for detail, {@code false} for summary info, {@code null} for style decides.
 */
public void append(final StringBuffer buffer, final String fieldName, final int[] array, final Boolean fullDetail) {
    appendFieldStart(buffer, fieldName);
    if (array == null) {
        appendNullText(buffer, fieldName);
    } else if (isFullDetail(fullDetail)) {
        appendDetail(buffer, fieldName, array);
    } else {
        appendSummary(buffer, fieldName, array);
    }
    appendFieldEnd(buffer, fieldName);
}, typeSolver=com.github.javaparser.symbolsolver.resolution.typesolvers.CombinedTypeSolver@7bf9b098}, JavaParserMethodDeclaration{wrappedNode=/**
 * Appends to the {@code toString} a {@code float} array.
 *
 * @param buffer     the {@link StringBuffer} to populate.
 * @param fieldName  the field name.
 * @param array      the array to add to the toString.
 * @param fullDetail {@code true} for detail, {@code false} for summary info, {@code null} for style decides.
 */
public void append(final StringBuffer buffer, final String fieldName, final float[] array, final Boolean fullDetail) {
    appendFieldStart(buffer, fieldName);
    if (array == null) {
        appendNullText(buffer, fieldName);
    } else if (isFullDetail(fullDetail)) {
        appendDetail(buffer, fieldName, array);
    } else {
        appendSummary(buffer, fieldName, array);
    }
    appendFieldEnd(buffer, fieldName);
}, typeSolver=com.github.javaparser.symbolsolver.resolution.typesolvers.CombinedTypeSolver@7bf9b098}
In MethodCallExpr: Ambiguous method call: cannot find a most applicable method: JavaParserMethodDeclaration{wrappedNode=/**
 * Appends to the {@code toString} an {@link Object} array.
 *
 * @param buffer     the {@link StringBuffer} to populate.
 * @param fieldName  the field name.
 * @param array      the array to add to the toString.
 * @param fullDetail {@code true} for detail, {@code false} for summary info, {@code null} for style decides.
 */
public void append(final StringBuffer buffer, final String fieldName, final Object[] array, final Boolean fullDetail) {
    appendFieldStart(buffer, fieldName);
    if (array == null) {
        appendNullText(buffer, fieldName);
    } else if (isFullDetail(fullDetail)) {
        appendDetail(buffer, fieldName, array);
    } else {
        appendSummary(buffer, fieldName, array);
    }
    appendFieldEnd(buffer, fieldName);
}, typeSolver=com.github.javaparser.symbolsolver.resolution.typesolvers.CombinedTypeSolver@7bf9b098}, JavaParserMethodDeclaration{wrappedNode=/**
 * Appends to the {@code toString} a {@code long} array.
 *
 * @param buffer     the {@link StringBuffer} to populate.
 * @param fieldName  the field name.
 * @param array      the array to add to the {@code toString}.
 * @param fullDetail {@code true} for detail, {@code false} for summary info, {@code null} for style decides.
 */
public void append(final StringBuffer buffer, final String fieldName, final long[] array, final Boolean fullDetail) {
    appendFieldStart(buffer, fieldName);
    if (array == null) {
        appendNullText(buffer, fieldName);
    } else if (isFullDetail(fullDetail)) {
        appendDetail(buffer, fieldName, array);
    } else {
        appendSummary(buffer, fieldName, array);
    }
    appendFieldEnd(buffer, fieldName);
}, typeSolver=com.github.javaparser.symbolsolver.resolution.typesolvers.CombinedTypeSolver@7bf9b098}
In MethodCallExpr: Ambiguous method call: cannot find a most applicable method: JavaParserMethodDeclaration{wrappedNode=/**
 * Appends to the {@code toString} the detail of a {@code short} array.
 *
 * @param buffer    the {@link StringBuffer} to populate.
 * @param fieldName the field name, typically not used as already appended.
 * @param array     the array to add to the {@code toString}, not {@code null}.
 */
protected void appendDetail(final StringBuffer buffer, final String fieldName, final short[] array) {
    buffer.append(getArrayStart());
    for (int i = 0; i < array.length; i++) {
        if (i > 0) {
            buffer.append(getArraySeparator());
        }
        appendDetail(buffer, fieldName, array[i]);
    }
    buffer.append(getArrayEnd());
}, typeSolver=com.github.javaparser.symbolsolver.resolution.typesolvers.CombinedTypeSolver@7bf9b098}, JavaParserMethodDeclaration{wrappedNode=/**
 * Appends to the {@code toString} the detail of a {@code float} array.
 *
 * @param buffer    the {@link StringBuffer} to populate.
 * @param fieldName the field name, typically not used as already appended.
 * @param array     the array to add to the {@code toString}, not {@code null}.
 */
protected void appendDetail(final StringBuffer buffer, final String fieldName, final float[] array) {
    buffer.append(getArrayStart());
    for (int i = 0; i < array.length; i++) {
        if (i > 0) {
            buffer.append(getArraySeparator());
        }
        appendDetail(buffer, fieldName, array[i]);
    }
    buffer.append(getArrayEnd());
}, typeSolver=com.github.javaparser.symbolsolver.resolution.typesolvers.CombinedTypeSolver@7bf9b098}
In MethodCallExpr: Ambiguous method call: cannot find a most applicable method: JavaParserMethodDeclaration{wrappedNode=/**
 * Appends to the {@code toString} a summary of a {@code float} array.
 *
 * @param buffer    the {@link StringBuffer} to populate.
 * @param fieldName the field name, typically not used as already appended.
 * @param array     the array to add to the {@code toString}, not {@code null}.
 */
protected void appendSummary(final StringBuffer buffer, final String fieldName, final float[] array) {
    appendSummarySize(buffer, fieldName, array.length);
}, typeSolver=com.github.javaparser.symbolsolver.resolution.typesolvers.CombinedTypeSolver@7bf9b098}, JavaParserMethodDeclaration{wrappedNode=/**
 * Appends to the {@code toString} a summary of an {@code int} array.
 *
 * @param buffer    the {@link StringBuffer} to populate.
 * @param fieldName the field name, typically not used as already appended.
 * @param array     the array to add to the {@code toString}, not {@code null}.
 */
protected void appendSummary(final StringBuffer buffer, final String fieldName, final int[] array) {
    appendSummarySize(buffer, fieldName, array.length);
}, typeSolver=com.github.javaparser.symbolsolver.resolution.typesolvers.CombinedTypeSolver@7bf9b098}
In MethodCallExpr: Ambiguous method call: cannot find a most applicable method: JavaParserMethodDeclaration{wrappedNode=/**
 * Appends to the {@code toString} the detail of an {@link Object} array.
 *
 * @param buffer    the {@link StringBuffer} to populate.
 * @param fieldName the field name, typically not used as already appended.
 * @param array     the array to add to the {@code toString}, not {@code null}.
 */
protected void appendDetail(final StringBuffer buffer, final String fieldName, final Object[] array) {
    buffer.append(getArrayStart());
    for (int i = 0; i < array.length; i++) {
        appendDetail(buffer, fieldName, i, array[i]);
    }
    buffer.append(getArrayEnd());
}, typeSolver=com.github.javaparser.symbolsolver.resolution.typesolvers.CombinedTypeSolver@7bf9b098}, JavaParserMethodDeclaration{wrappedNode=/**
 * Appends to the {@code toString} the detail of a {@code float} array.
 *
 * @param buffer    the {@link StringBuffer} to populate.
 * @param fieldName the field name, typically not used as already appended.
 * @param array     the array to add to the {@code toString}, not {@code null}.
 */
protected void appendDetail(final StringBuffer buffer, final String fieldName, final float[] array) {
    buffer.append(getArrayStart());
    for (int i = 0; i < array.length; i++) {
        if (i > 0) {
            buffer.append(getArraySeparator());
        }
        appendDetail(buffer, fieldName, array[i]);
    }
    buffer.append(getArrayEnd());
}, typeSolver=com.github.javaparser.symbolsolver.resolution.typesolvers.CombinedTypeSolver@7bf9b098}
In MethodCallExpr: Ambiguous method call: cannot find a most applicable method: JavaParserMethodDeclaration{wrappedNode=/**
 * Appends to the {@code toString} the detail of a {@code double} array.
 *
 * @param buffer    the {@link StringBuffer} to populate.
 * @param fieldName the field name, typically not used as already appended
 * @param array     the array to add to the {@code toString}, not {@code null}.
 */
protected void appendDetail(final StringBuffer buffer, final String fieldName, final double[] array) {
    buffer.append(getArrayStart());
    for (int i = 0; i < array.length; i++) {
        if (i > 0) {
            buffer.append(getArraySeparator());
        }
        appendDetail(buffer, fieldName, array[i]);
    }
    buffer.append(getArrayEnd());
}, typeSolver=com.github.javaparser.symbolsolver.resolution.typesolvers.CombinedTypeSolver@7bf9b098}, JavaParserMethodDeclaration{wrappedNode=/**
 * Appends to the {@code toString} the detail of an {@link Object} array.
 *
 * @param buffer    the {@link StringBuffer} to populate.
 * @param fieldName the field name, typically not used as already appended.
 * @param array     the array to add to the {@code toString}, not {@code null}.
 */
protected void appendDetail(final StringBuffer buffer, final String fieldName, final Object[] array) {
    buffer.append(getArrayStart());
    for (int i = 0; i < array.length; i++) {
        appendDetail(buffer, fieldName, i, array[i]);
    }
    buffer.append(getArrayEnd());
}, typeSolver=com.github.javaparser.symbolsolver.resolution.typesolvers.CombinedTypeSolver@7bf9b098}
In MethodCallExpr: Ambiguous method call: cannot find a most applicable method: JavaParserMethodDeclaration{wrappedNode=/**
 * Appends to the {@code toString} a summary of a {@code double} array.
 *
 * @param buffer    the {@link StringBuffer} to populate
 * @param fieldName the field name, typically not used as already appended
 * @param array     the array to add to the {@code toString}, not {@code null}
 */
protected void appendSummary(final StringBuffer buffer, final String fieldName, final double[] array) {
    appendSummarySize(buffer, fieldName, array.length);
}, typeSolver=com.github.javaparser.symbolsolver.resolution.typesolvers.CombinedTypeSolver@7bf9b098}, JavaParserMethodDeclaration{wrappedNode=/**
 * Appends to the {@code toString} a summary of an {@link Object} array.
 *
 * @param buffer    the {@link StringBuffer} to populate.
 * @param fieldName the field name, typically not used as already appended.
 * @param array     the array to add to the {@code toString}, not {@code null}.
 */
protected void appendSummary(final StringBuffer buffer, final String fieldName, final Object[] array) {
    appendSummarySize(buffer, fieldName, array.length);
}, typeSolver=com.github.javaparser.symbolsolver.resolution.typesolvers.CombinedTypeSolver@7bf9b098}
In MethodCallExpr: Ambiguous method call: cannot find a most applicable method: JavaParserMethodDeclaration{wrappedNode=/**
 * Appends to the {@code toString} a summary of a {@code float} array.
 *
 * @param buffer    the {@link StringBuffer} to populate.
 * @param fieldName the field name, typically not used as already appended.
 * @param array     the array to add to the {@code toString}, not {@code null}.
 */
protected void appendSummary(final StringBuffer buffer, final String fieldName, final float[] array) {
    appendSummarySize(buffer, fieldName, array.length);
}, typeSolver=com.github.javaparser.symbolsolver.resolution.typesolvers.CombinedTypeSolver@7bf9b098}, JavaParserMethodDeclaration{wrappedNode=/**
 * Appends to the {@code toString} a summary of a {@code long} array.
 *
 * @param buffer    the {@link StringBuffer} to populate.
 * @param fieldName the field name, typically not used as already appended.
 * @param array     the array to add to the {@code toString}, not {@code null}.
 */
protected void appendSummary(final StringBuffer buffer, final String fieldName, final long[] array) {
    appendSummarySize(buffer, fieldName, array.length);
}, typeSolver=com.github.javaparser.symbolsolver.resolution.typesolvers.CombinedTypeSolver@7bf9b098}
In MethodCallExpr: Ambiguous method call: cannot find a most applicable method: JavaParserMethodDeclaration{wrappedNode=/**
 * Appends to the {@code toString} a summary of an {@link Object} array.
 *
 * @param buffer    the {@link StringBuffer} to populate.
 * @param fieldName the field name, typically not used as already appended.
 * @param array     the array to add to the {@code toString}, not {@code null}.
 */
protected void appendSummary(final StringBuffer buffer, final String fieldName, final Object[] array) {
    appendSummarySize(buffer, fieldName, array.length);
}, typeSolver=com.github.javaparser.symbolsolver.resolution.typesolvers.CombinedTypeSolver@7bf9b098}, JavaParserMethodDeclaration{wrappedNode=/**
 * Appends to the {@code toString} a summary of a {@code double} array.
 *
 * @param buffer    the {@link StringBuffer} to populate
 * @param fieldName the field name, typically not used as already appended
 * @param array     the array to add to the {@code toString}, not {@code null}
 */
protected void appendSummary(final StringBuffer buffer, final String fieldName, final double[] array) {
    appendSummarySize(buffer, fieldName, array.length);
}, typeSolver=com.github.javaparser.symbolsolver.resolution.typesolvers.CombinedTypeSolver@7bf9b098}
In MethodCallExpr: Ambiguous method call: cannot find a most applicable method: JavaParserMethodDeclaration{wrappedNode=/**
 * Appends to the {@code toString} a summary of an {@link Object} array.
 *
 * @param buffer    the {@link StringBuffer} to populate.
 * @param fieldName the field name, typically not used as already appended.
 * @param array     the array to add to the {@code toString}, not {@code null}.
 */
protected void appendSummary(final StringBuffer buffer, final String fieldName, final Object[] array) {
    appendSummarySize(buffer, fieldName, array.length);
}, typeSolver=com.github.javaparser.symbolsolver.resolution.typesolvers.CombinedTypeSolver@7bf9b098}, JavaParserMethodDeclaration{wrappedNode=/**
 * Appends to the {@code toString} a summary of a {@code float} array.
 *
 * @param buffer    the {@link StringBuffer} to populate.
 * @param fieldName the field name, typically not used as already appended.
 * @param array     the array to add to the {@code toString}, not {@code null}.
 */
protected void appendSummary(final StringBuffer buffer, final String fieldName, final float[] array) {
    appendSummarySize(buffer, fieldName, array.length);
}, typeSolver=com.github.javaparser.symbolsolver.resolution.typesolvers.CombinedTypeSolver@7bf9b098}
In MethodCallExpr: Ambiguous method call: cannot find a most applicable method: JavaParserMethodDeclaration{wrappedNode=/**
 * Appends to the {@code toString} a summary of a {@code float} array.
 *
 * @param buffer    the {@link StringBuffer} to populate.
 * @param fieldName the field name, typically not used as already appended.
 * @param array     the array to add to the {@code toString}, not {@code null}.
 */
protected void appendSummary(final StringBuffer buffer, final String fieldName, final float[] array) {
    appendSummarySize(buffer, fieldName, array.length);
}, typeSolver=com.github.javaparser.symbolsolver.resolution.typesolvers.CombinedTypeSolver@7bf9b098}, JavaParserMethodDeclaration{wrappedNode=/**
 * Appends to the {@code toString} a summary of an {@link Object} array.
 *
 * @param buffer    the {@link StringBuffer} to populate.
 * @param fieldName the field name, typically not used as already appended.
 * @param array     the array to add to the {@code toString}, not {@code null}.
 */
protected void appendSummary(final StringBuffer buffer, final String fieldName, final Object[] array) {
    appendSummarySize(buffer, fieldName, array.length);
}, typeSolver=com.github.javaparser.symbolsolver.resolution.typesolvers.CombinedTypeSolver@7bf9b098}
In MethodCallExpr: Ambiguous method call: cannot find a most applicable method: JavaParserMethodDeclaration{wrappedNode=/**
 * Appends to the {@code toString} a summary of a {@code float} array.
 *
 * @param buffer    the {@link StringBuffer} to populate.
 * @param fieldName the field name, typically not used as already appended.
 * @param array     the array to add to the {@code toString}, not {@code null}.
 */
protected void appendSummary(final StringBuffer buffer, final String fieldName, final float[] array) {
    appendSummarySize(buffer, fieldName, array.length);
}, typeSolver=com.github.javaparser.symbolsolver.resolution.typesolvers.CombinedTypeSolver@7bf9b098}, JavaParserMethodDeclaration{wrappedNode=/**
 * Appends to the {@code toString} a summary of a {@code double} array.
 *
 * @param buffer    the {@link StringBuffer} to populate
 * @param fieldName the field name, typically not used as already appended
 * @param array     the array to add to the {@code toString}, not {@code null}
 */
protected void appendSummary(final StringBuffer buffer, final String fieldName, final double[] array) {
    appendSummarySize(buffer, fieldName, array.length);
}, typeSolver=com.github.javaparser.symbolsolver.resolution.typesolvers.CombinedTypeSolver@7bf9b098}
In MethodCallExpr: Ambiguous method call: cannot find a most applicable method: JavaParserMethodDeclaration{wrappedNode=/**
 * Appends to the {@code toString} the detail of a {@code short} array.
 *
 * @param buffer    the {@link StringBuffer} to populate.
 * @param fieldName the field name, typically not used as already appended.
 * @param array     the array to add to the {@code toString}, not {@code null}.
 */
protected void appendDetail(final StringBuffer buffer, final String fieldName, final short[] array) {
    buffer.append(getArrayStart());
    for (int i = 0; i < array.length; i++) {
        if (i > 0) {
            buffer.append(getArraySeparator());
        }
        appendDetail(buffer, fieldName, array[i]);
    }
    buffer.append(getArrayEnd());
}, typeSolver=com.github.javaparser.symbolsolver.resolution.typesolvers.CombinedTypeSolver@7bf9b098}, JavaParserMethodDeclaration{wrappedNode=/**
 * Appends to the {@code toString} the detail of an {@code int} array.
 *
 * @param buffer    the {@link StringBuffer} to populate.
 * @param fieldName the field name, typically not used as already appended.
 * @param array     the array to add to the {@code toString}, not {@code null}.
 */
protected void appendDetail(final StringBuffer buffer, final String fieldName, final int[] array) {
    buffer.append(getArrayStart());
    for (int i = 0; i < array.length; i++) {
        if (i > 0) {
            buffer.append(getArraySeparator());
        }
        appendDetail(buffer, fieldName, array[i]);
    }
    buffer.append(getArrayEnd());
}, typeSolver=com.github.javaparser.symbolsolver.resolution.typesolvers.CombinedTypeSolver@7bf9b098}
In MethodCallExpr: Ambiguous method call: cannot find a most applicable method: JavaParserMethodDeclaration{wrappedNode=/**
 * Appends to the {@code toString} an {@code int} array.
 *
 * @param buffer     the {@link StringBuffer} to populate.
 * @param fieldName  the field name.
 * @param array      the array to add to the {@code toString}.
 * @param fullDetail {@code true} for detail, {@code false} for summary info, {@code null} for style decides.
 */
public void append(final StringBuffer buffer, final String fieldName, final int[] array, final Boolean fullDetail) {
    appendFieldStart(buffer, fieldName);
    if (array == null) {
        appendNullText(buffer, fieldName);
    } else if (isFullDetail(fullDetail)) {
        appendDetail(buffer, fieldName, array);
    } else {
        appendSummary(buffer, fieldName, array);
    }
    appendFieldEnd(buffer, fieldName);
}, typeSolver=com.github.javaparser.symbolsolver.resolution.typesolvers.CombinedTypeSolver@7bf9b098}, JavaParserMethodDeclaration{wrappedNode=/**
 * Appends to the {@code toString} a {@code short} array.
 *
 * @param buffer     the {@link StringBuffer} to populate.
 * @param fieldName  the field name.
 * @param array      the array to add to the {@code toString}.
 * @param fullDetail {@code true} for detail, {@code false} for summary info, {@code null} for style decides.
 */
public void append(final StringBuffer buffer, final String fieldName, final short[] array, final Boolean fullDetail) {
    appendFieldStart(buffer, fieldName);
    if (array == null) {
        appendNullText(buffer, fieldName);
    } else if (isFullDetail(fullDetail)) {
        appendDetail(buffer, fieldName, array);
    } else {
        appendSummary(buffer, fieldName, array);
    }
    appendFieldEnd(buffer, fieldName);
}, typeSolver=com.github.javaparser.symbolsolver.resolution.typesolvers.CombinedTypeSolver@7bf9b098}
In MethodCallExpr: Ambiguous method call: cannot find a most applicable method: JavaParserMethodDeclaration{wrappedNode=/**
 * Appends to the {@code toString} a {@code long} array.
 *
 * @param buffer     the {@link StringBuffer} to populate.
 * @param fieldName  the field name.
 * @param array      the array to add to the {@code toString}.
 * @param fullDetail {@code true} for detail, {@code false} for summary info, {@code null} for style decides.
 */
public void append(final StringBuffer buffer, final String fieldName, final long[] array, final Boolean fullDetail) {
    appendFieldStart(buffer, fieldName);
    if (array == null) {
        appendNullText(buffer, fieldName);
    } else if (isFullDetail(fullDetail)) {
        appendDetail(buffer, fieldName, array);
    } else {
        appendSummary(buffer, fieldName, array);
    }
    appendFieldEnd(buffer, fieldName);
}, typeSolver=com.github.javaparser.symbolsolver.resolution.typesolvers.CombinedTypeSolver@7bf9b098}, JavaParserMethodDeclaration{wrappedNode=/**
 * Appends to the {@code toString} a {@code double} array.
 *
 * @param buffer     the {@link StringBuffer} to populate.
 * @param fieldName  the field name.
 * @param array      the array to add to the toString.
 * @param fullDetail {@code true} for detail, {@code false} for summary info, {@code null} for style decides.
 */
public void append(final StringBuffer buffer, final String fieldName, final double[] array, final Boolean fullDetail) {
    appendFieldStart(buffer, fieldName);
    if (array == null) {
        appendNullText(buffer, fieldName);
    } else if (isFullDetail(fullDetail)) {
        appendDetail(buffer, fieldName, array);
    } else {
        appendSummary(buffer, fieldName, array);
    }
    appendFieldEnd(buffer, fieldName);
}, typeSolver=com.github.javaparser.symbolsolver.resolution.typesolvers.CombinedTypeSolver@7bf9b098}
In MethodCallExpr: Ambiguous method call: cannot find a most applicable method: JavaParserMethodDeclaration{wrappedNode=/**
 * Appends to the {@code toString} a {@code double} array.
 *
 * @param buffer     the {@link StringBuffer} to populate.
 * @param fieldName  the field name.
 * @param array      the array to add to the toString.
 * @param fullDetail {@code true} for detail, {@code false} for summary info, {@code null} for style decides.
 */
public void append(final StringBuffer buffer, final String fieldName, final double[] array, final Boolean fullDetail) {
    appendFieldStart(buffer, fieldName);
    if (array == null) {
        appendNullText(buffer, fieldName);
    } else if (isFullDetail(fullDetail)) {
        appendDetail(buffer, fieldName, array);
    } else {
        appendSummary(buffer, fieldName, array);
    }
    appendFieldEnd(buffer, fieldName);
}, typeSolver=com.github.javaparser.symbolsolver.resolution.typesolvers.CombinedTypeSolver@7bf9b098}, JavaParserMethodDeclaration{wrappedNode=/**
 * Appends to the {@code toString} an {@link Object} array.
 *
 * @param buffer     the {@link StringBuffer} to populate.
 * @param fieldName  the field name.
 * @param array      the array to add to the toString.
 * @param fullDetail {@code true} for detail, {@code false} for summary info, {@code null} for style decides.
 */
public void append(final StringBuffer buffer, final String fieldName, final Object[] array, final Boolean fullDetail) {
    appendFieldStart(buffer, fieldName);
    if (array == null) {
        appendNullText(buffer, fieldName);
    } else if (isFullDetail(fullDetail)) {
        appendDetail(buffer, fieldName, array);
    } else {
        appendSummary(buffer, fieldName, array);
    }
    appendFieldEnd(buffer, fieldName);
}, typeSolver=com.github.javaparser.symbolsolver.resolution.typesolvers.CombinedTypeSolver@7bf9b098}
In MethodCallExpr: Ambiguous method call: cannot find a most applicable method: JavaParserMethodDeclaration{wrappedNode=/**
 * Appends to the {@code toString} an {@code int} array.
 *
 * @param buffer     the {@link StringBuffer} to populate.
 * @param fieldName  the field name.
 * @param array      the array to add to the {@code toString}.
 * @param fullDetail {@code true} for detail, {@code false} for summary info, {@code null} for style decides.
 */
public void append(final StringBuffer buffer, final String fieldName, final int[] array, final Boolean fullDetail) {
    appendFieldStart(buffer, fieldName);
    if (array == null) {
        appendNullText(buffer, fieldName);
    } else if (isFullDetail(fullDetail)) {
        appendDetail(buffer, fieldName, array);
    } else {
        appendSummary(buffer, fieldName, array);
    }
    appendFieldEnd(buffer, fieldName);
}, typeSolver=com.github.javaparser.symbolsolver.resolution.typesolvers.CombinedTypeSolver@7bf9b098}, JavaParserMethodDeclaration{wrappedNode=/**
 * Appends to the {@code toString} an {@link Object} array.
 *
 * @param buffer     the {@link StringBuffer} to populate.
 * @param fieldName  the field name.
 * @param array      the array to add to the toString.
 * @param fullDetail {@code true} for detail, {@code false} for summary info, {@code null} for style decides.
 */
public void append(final StringBuffer buffer, final String fieldName, final Object[] array, final Boolean fullDetail) {
    appendFieldStart(buffer, fieldName);
    if (array == null) {
        appendNullText(buffer, fieldName);
    } else if (isFullDetail(fullDetail)) {
        appendDetail(buffer, fieldName, array);
    } else {
        appendSummary(buffer, fieldName, array);
    }
    appendFieldEnd(buffer, fieldName);
}, typeSolver=com.github.javaparser.symbolsolver.resolution.typesolvers.CombinedTypeSolver@7bf9b098}
Unknown identifier (not related to type solving) 'java.beans.PropertyChangeListener'
Unknown identifier (not related to type solving) 'java.util.concurrent.atomic.AtomicReference'
Unknown identifier (not related to type solving) 'java.beans.PropertyChangeSupport'
Unknown identifier (not related to type solving) 'java.lang.Exception'
Unknown identifier (not related to type solving) 'java.util.concurrent.TimeUnit'
Unknown identifier (not related to type solving) 'java.util.concurrent.ExecutorService'
Unknown identifier (not related to type solving) 'java.lang.Thread.UncaughtExceptionHandler'
Unknown identifier (not related to type solving) 'java.util.concurrent.ThreadFactory'
Unknown identifier (not related to type solving) 'java.util.concurrent.atomic.AtomicLong'
Unknown identifier (not related to type solving) 'java.util.concurrent.ExecutionException'
Unknown identifier (not related to type solving) 'java.util.concurrent.FutureTask'
In MethodCallExpr: Unsolved symbol in bi.getExternalExecutor() : bi
In MethodCallExpr: Unsolved symbol in bi.setExternalExecutor(exec) : bi
In MethodCallExpr: Unsolved symbol in bi.start() : bi
Unknown identifier (not related to type solving) 'java.util.concurrent.ScheduledExecutorService'
Unknown identifier (not related to type solving) 'java.util.concurrent.ScheduledFuture'
Unknown identifier (not related to type solving) 'java.util.concurrent.locks.ReadWriteLock'
Unknown identifier (not related to type solving) 'java.util.concurrent.locks.ReentrantLock'
Unknown identifier (not related to type solving) 'java.util.concurrent.locks.StampedLock'
Unknown identifier (not related to type solving) 'java.lang.reflect.InvocationHandler'
Unknown identifier (not related to type solving) 'java.io.ObjectInputStream'
Unknown identifier (not related to type solving) 'java.io.ObjectOutputStream'
Unknown identifier (not related to type solving) 'java.io.PrintStream'
Unknown identifier (not related to type solving) 'java.io.PrintWriter'
Unknown identifier (not related to type solving) 'java.lang.invoke.MethodHandle'
Unknown identifier (not related to type solving) 'java.math.BigDecimal'
Unknown identifier (not related to type solving) 'java.math.RoundingMode'
Unknown identifier (not related to type solving) 'java.lang.reflect.AccessibleObject'
Unknown identifier (not related to type solving) 'java.lang.reflect.Constructor'
Unknown identifier (not related to type solving) 'java.lang.reflect.Member'
In MethodCallExpr: Unsolved symbol in allSuperclassesAndInterfaces.stream().map(Class::getDeclaredMethods).flatMap(Stream::of).filter(method -> method.getName().equals(methodName)).forEach(methods::add) : allSuperclassesAndInterfaces.stream().map(Class::getDeclaredMethods).flatMap(Stream::of).filter(method -> method.getName().equals(methodName))
In MethodCallExpr: Unsolved symbol in method.getName().equals(methodName) : method.getName()
In MethodCallExpr: Unsolved symbol : We are unable to find the method declaration corresponding to method.getName()
In MethodCallExpr: No param with index 3. Number of params: 3
In MethodCallExpr: No param with index 4. Number of params: 4
In MethodCallExpr: No param with index 3. Number of params: 3
Unknown identifier (not related to type solving) 'java.lang.reflect.Executable'
Unknown identifier (not related to type solving) 'java.lang.reflect.TypeVariable'
In MethodCallExpr: Unsolved symbol in AppendableJoiner.<Type>builder().setDelimiter(" & ").setElementAppender((a, e) -> a.append(toString(e))).get() : AppendableJoiner.<Type>builder().setDelimiter(" & ").setElementAppender((a, e) -> a.append(toString(e)))
In MethodCallExpr: Unsolved symbol : Method 'toString' cannot be resolved in context toString(e) (line: 293) MethodCallExprContext{wrapped=toString(e)}. Parameter types: [LambdaConstraintType{bound=ReferenceType{java.lang.Appendable, typeParametersMap=TypeParametersMap{nameToValue={}}}}]
In MethodCallExpr: Unsolved symbol : We are unable to find the method declaration corresponding to toString(e)
Unknown identifier (not related to type solving) 'java.lang.reflect.WildcardType'
Unknown identifier (not related to type solving) 'java.lang.reflect.ParameterizedType'
Unknown identifier (not related to type solving) 'java.lang.reflect.GenericArrayType'
In MethodCallExpr: Unknown node type: ObjectCreationExpr
In MethodCallExpr: Unknown node type: ObjectCreationExpr
Unknown identifier (not related to type solving) 'java.util.Enumeration'
In MethodCallExpr: Unsolved symbol : We are unable to find the method declaration corresponding to left.addAll(right)
Unknown identifier (not related to type solving) 'java.text.Format'
Unknown identifier (not related to type solving) 'java.text.FieldPosition'
Unknown identifier (not related to type solving) 'java.text.ParsePosition'
Unknown identifier (not related to type solving) 'java.util.Formatter'
Unknown identifier (not related to type solving) 'java.util.Formattable'
Unknown identifier (not related to type solving) 'java.nio.CharBuffer'
Unknown identifier (not related to type solving) 'java.lang.Readable'
In MethodCallExpr: Ambiguous method call: cannot find a most applicable method: JavaParserMethodDeclaration{wrappedNode=/**
 * A fluent version of {@link System#arraycopy(Object, int, Object, int, int)} that returns the destination array.
 *
 * @param <T>       the type.
 * @param source    the source array.
 * @param sourcePos starting position in the source array.
 * @param destPos   starting position in the destination data.
 * @param length    the number of array elements to be copied.
 * @param allocator allocates the array to populate and return.
 * @return dest
 * @throws IndexOutOfBoundsException if copying would cause access of data outside array bounds.
 * @throws ArrayStoreException       if an element in the {@code src} array could not be stored into the {@code dest} array because of a type
 *                                   mismatch.
 * @throws NullPointerException      if either {@code src} or {@code dest} is {@code null}.
 * @since 3.15.0
 */
public static <T> T arraycopy(final T source, final int sourcePos, final int destPos, final int length, final Supplier<T> allocator) {
    return arraycopy(source, sourcePos, allocator.get(), destPos, length);
}, typeSolver=com.github.javaparser.symbolsolver.resolution.typesolvers.CombinedTypeSolver@7bf9b098}, JavaParserMethodDeclaration{wrappedNode=/**
 * A fluent version of {@link System#arraycopy(Object, int, Object, int, int)} that returns the destination array.
 *
 * @param <T>       the type.
 * @param source    the source array.
 * @param sourcePos starting position in the source array.
 * @param destPos   starting position in the destination data.
 * @param length    the number of array elements to be copied.
 * @param allocator allocates the array to populate and return.
 * @return dest
 * @throws IndexOutOfBoundsException if copying would cause access of data outside array bounds.
 * @throws ArrayStoreException       if an element in the {@code src} array could not be stored into the {@code dest} array because of a type
 *                                   mismatch.
 * @throws NullPointerException      if either {@code src} or {@code dest} is {@code null}.
 * @since 3.15.0
 */
public static <T> T arraycopy(final T source, final int sourcePos, final int destPos, final int length, final Function<Integer, T> allocator) {
    return arraycopy(source, sourcePos, allocator.apply(length), destPos, length);
}, typeSolver=com.github.javaparser.symbolsolver.resolution.typesolvers.CombinedTypeSolver@7bf9b098}
In MethodCallExpr: Ambiguous method call: cannot find a most applicable method: JavaParserMethodDeclaration{wrappedNode=/**
 * A fluent version of {@link System#arraycopy(Object, int, Object, int, int)} that returns the destination array.
 *
 * @param <T>       the type.
 * @param source    the source array.
 * @param sourcePos starting position in the source array.
 * @param destPos   starting position in the destination data.
 * @param length    the number of array elements to be copied.
 * @param allocator allocates the array to populate and return.
 * @return dest
 * @throws IndexOutOfBoundsException if copying would cause access of data outside array bounds.
 * @throws ArrayStoreException       if an element in the {@code src} array could not be stored into the {@code dest} array because of a type
 *                                   mismatch.
 * @throws NullPointerException      if either {@code src} or {@code dest} is {@code null}.
 * @since 3.15.0
 */
public static <T> T arraycopy(final T source, final int sourcePos, final int destPos, final int length, final Function<Integer, T> allocator) {
    return arraycopy(source, sourcePos, allocator.apply(length), destPos, length);
}, typeSolver=com.github.javaparser.symbolsolver.resolution.typesolvers.CombinedTypeSolver@7bf9b098}, JavaParserMethodDeclaration{wrappedNode=/**
 * A fluent version of {@link System#arraycopy(Object, int, Object, int, int)} that returns the destination array.
 *
 * @param <T>       the type.
 * @param source    the source array.
 * @param sourcePos starting position in the source array.
 * @param destPos   starting position in the destination data.
 * @param length    the number of array elements to be copied.
 * @param allocator allocates the array to populate and return.
 * @return dest
 * @throws IndexOutOfBoundsException if copying would cause access of data outside array bounds.
 * @throws ArrayStoreException       if an element in the {@code src} array could not be stored into the {@code dest} array because of a type
 *                                   mismatch.
 * @throws NullPointerException      if either {@code src} or {@code dest} is {@code null}.
 * @since 3.15.0
 */
public static <T> T arraycopy(final T source, final int sourcePos, final int destPos, final int length, final Supplier<T> allocator) {
    return arraycopy(source, sourcePos, allocator.get(), destPos, length);
}, typeSolver=com.github.javaparser.symbolsolver.resolution.typesolvers.CombinedTypeSolver@7bf9b098}
Unknown identifier (not related to type solving) 'java.io.Flushable'
In MethodCallExpr: Ambiguous method call: cannot find a most applicable method: JavaParserMethodDeclaration{wrappedNode=/**
 * Tests whether an array of primitive longs is empty or {@code null}.
 *
 * @param array  the array to test
 * @return {@code true} if the array is empty or {@code null}
 * @since 2.1
 */
public static boolean isEmpty(final long[] array) {
    return isArrayEmpty(array);
}, typeSolver=com.github.javaparser.symbolsolver.resolution.typesolvers.CombinedTypeSolver@7bf9b098}, JavaParserMethodDeclaration{wrappedNode=/**
 * Tests whether an array of primitive floats is empty or {@code null}.
 *
 * @param array  the array to test
 * @return {@code true} if the array is empty or {@code null}
 * @since 2.1
 */
public static boolean isEmpty(final float[] array) {
    return isArrayEmpty(array);
}, typeSolver=com.github.javaparser.symbolsolver.resolution.typesolvers.CombinedTypeSolver@7bf9b098}
In MethodCallExpr: Unsolved symbol : We are unable to find the method declaration corresponding to ArraySorter.sort(chars.clone())
Unknown identifier (not related to type solving) 'java.util.Properties'
In MethodCallExpr: Unsolved symbol : We are unable to find the method declaration corresponding to capitalize(str, null)
In MethodCallExpr: Unsolved symbol : We are unable to find the method declaration corresponding to capitalizeFully(str, null)
In MethodCallExpr: Unsolved symbol : We are unable to find the method declaration corresponding to initials(str, null)
In MethodCallExpr: Unsolved symbol : We are unable to find the method declaration corresponding to uncapitalize(str, null)
Unknown identifier (not related to type solving) 'java.util.TimeZone'
Unknown identifier (not related to type solving) 'java.util.Calendar'
Unknown identifier (not related to type solving) 'java.time.LocalDateTime'
Unknown identifier (not related to type solving) 'java.time.OffsetDateTime'
Unknown identifier (not related to type solving) 'java.time.ZonedDateTime'
Unknown identifier (not related to type solving) 'java.time.ZoneId'
Unknown identifier (not related to type solving) 'java.time.LocalDate'
Unknown identifier (not related to type solving) 'java.util.Date'
Unknown identifier (not related to type solving) 'java.time.temporal.TemporalUnit'
Unknown identifier (not related to type solving) 'java.time.Instant'
Unknown identifier (not related to type solving) 'java.time.temporal.Temporal'
Unknown identifier (not related to type solving) 'java.time.temporal.ChronoUnit'
In MethodCallExpr: Unsolved symbol in simpleQuote(regex, symbol).append('|') : simpleQuote(regex, symbol)
In MethodCallExpr: Ambiguous method call: cannot find a most applicable method: MethodUsage{declaration=ReflectionMethodDeclaration{method=public default void java.lang.Iterable.forEach(java.util.function.Consumer)}, paramTypes=[ReferenceType{java.util.function.Consumer, typeParametersMap=TypeParametersMap{nameToValue={java.util.function.Consumer.T=WildcardUsage{type=SUPER, boundedType=TypeVariable {ReflectionTypeParameter{typeVariable=T}}}}}}]}, MethodUsage{declaration=ReflectionMethodDeclaration{method=public default void java.lang.Iterable.forEach(java.util.function.Consumer)}, paramTypes=[ReferenceType{java.util.function.Consumer, typeParametersMap=TypeParametersMap{nameToValue={java.util.function.Consumer.T=WildcardUsage{type=SUPER, boundedType=ReferenceType{java.lang.String, typeParametersMap=TypeParametersMap{nameToValue={}}}}}}}]}. First declared in java.lang.Iterable
In MethodCallExpr: Unsolved symbol : org.junit.jupiter.api.Assertions
In MethodCallExpr: Unsolved symbol : solver
In NameExpr: unknown resolved value: ReferenceType{com.github.javaparser.ast.body.TypeDeclaration, typeParametersMap=TypeParametersMap{nameToValue={com.github.javaparser.ast.body.TypeDeclaration.T=WildcardUsage{type=null, boundedType=null}}}}
Unknown identifier (not related to type solving) 'java2rust.rust.RustSelf'
Unknown identifier (not related to type solving) 'java2rust.rust.RustVisibility'
In MethodCallExpr: Unsolved symbol in FilenameUtils : Solving FilenameUtils
In MethodCallExpr: Unsolved symbol in FilenameUtils.removeExtension(trunk.toFile().getName()) : FilenameUtils
In NameExpr: unknown resolved value: ReferenceType{com.github.javaparser.ast.expr.VariableDeclarationExpr, typeParametersMap=TypeParametersMap{nameToValue={}}}
In NameExpr: unknown resolved value: ReferenceType{com.github.javaparser.ast.expr.NameExpr, typeParametersMap=TypeParametersMap{nameToValue={}}}
In NameExpr: unknown resolved value: ReferenceType{com.github.javaparser.ast.type.ReferenceType, typeParametersMap=TypeParametersMap{nameToValue={}}}
In NameExpr: unknown resolved value: ReferenceType{com.github.javaparser.ast.body.FieldDeclaration, typeParametersMap=TypeParametersMap{nameToValue={}}}
In NameExpr: unknown resolved value: ReferenceType{com.github.javaparser.ast.body.Parameter, typeParametersMap=TypeParametersMap{nameToValue={}}}
In NameExpr: unknown resolved value: ReferenceType{com.github.javaparser.ast.expr.VariableDeclarationExpr, typeParametersMap=TypeParametersMap{nameToValue={}}}
In NameExpr: unknown resolved value: ReferenceType{com.github.javaparser.ast.type.ReferenceType, typeParametersMap=TypeParametersMap{nameToValue={}}}
In NameExpr: unknown resolved value: ReferenceType{com.github.javaparser.ast.type.ReferenceType, typeParametersMap=TypeParametersMap{nameToValue={}}}
In NameExpr: unknown resolved value: ReferenceType{com.github.javaparser.ast.type.PrimitiveType, typeParametersMap=TypeParametersMap{nameToValue={}}}
In MethodCallExpr: Unsolved symbol : IGNORE_ALL
In unsolved FieldAccessExpr: Unsolved symbol in CombinedTypeSolver : Solving CombinedTypeSolver
In unsolved FieldAccessExpr: Unsolved symbol : ExceptionHandlers
In MethodCallExpr: Unsolved symbol : ReflectionTypeSolver
In MethodCallExpr: Unsolved symbol in solvers.add(externalTypeSolver) : solvers
In MethodCallExpr: Unsolved symbol : JarTypeSolver
In MethodCallExpr: Unsolved symbol in solvers.add(solver) : solvers
In MethodCallExpr: Unsolved symbol in FilenameUtils.removeExtension(input.getName()) : FilenameUtils
In NameExpr: unknown resolved value: ReferenceType{java.lang.String, typeParametersMap=TypeParametersMap{nameToValue={}}}
In MethodCallExpr: Unsolved symbol in FilenameUtils.removeExtension(input.getName()) : FilenameUtils
Couldn't describe type: Unsolved symbol : JavaSymbolSolver
Couldn't describe type: Unsolved symbol : CombinedTypeSolver
In NameExpr: unknown resolved value: ReferenceType{com.github.javaparser.ast.body.FieldDeclaration, typeParametersMap=TypeParametersMap{nameToValue={}}}
In NameExpr: unknown resolved value: ReferenceType{com.github.javaparser.ast.type.Type, typeParametersMap=TypeParametersMap{nameToValue={}}}
In NameExpr: unknown resolved value: ReferenceType{com.github.javaparser.ast.stmt.ExpressionStmt, typeParametersMap=TypeParametersMap{nameToValue={}}}
Unknown identifier (not related to type solving) 'java.util.concurrent.atomic.AtomicInteger'
In MethodCallExpr: Unsolved symbol in new CommandLine(new Main()).execute(args) : new CommandLine(new Main())
In MethodCallExpr: Unsolved symbol : solver
In MethodCallExpr: Unsolved symbol in JavaParserFacade : Solving JavaParserFacade
In MethodCallExpr: Unsolved symbol in JavaParserFacade.get(this).getTypeDeclaration(td) : JavaParserFacade.get(this)
In MethodCallExpr: Unsolved symbol in JavaParserFacade.get(this) : JavaParserFacade
In NameExpr: unknown resolved value: ReferenceType{com.github.javaparser.ast.body.TypeDeclaration, typeParametersMap=TypeParametersMap{nameToValue={com.github.javaparser.ast.body.TypeDeclaration.T=WildcardUsage{type=null, boundedType=null}}}}
In NameExpr: unknown resolved value: ReferenceType{com.github.javaparser.ast.body.TypeDeclaration, typeParametersMap=TypeParametersMap{nameToValue={com.github.javaparser.ast.body.TypeDeclaration.T=WildcardUsage{type=null, boundedType=null}}}}
In NameExpr: unknown resolved value: ReferenceType{com.github.javaparser.ast.body.TypeDeclaration, typeParametersMap=TypeParametersMap{nameToValue={com.github.javaparser.ast.body.TypeDeclaration.T=WildcardUsage{type=null, boundedType=null}}}}
